<?xml version="1.0" ?>
<TrainingCenterDatabase xmlns="http://www.garmin.com/xmlschemas/TrainingCenterDatabase/v2" xmlns:ext="http://www.garmin.com/xmlschemas/ActivityExtension/v2" xmlns:xsi="http://www.w3.org/2001/XMLSchema-instance" xsi:schemaLocation="http://www.garmin.com/xmlschemas/TrainingCenterDatabase/v2 https://www8.garmin.com/xmlschemas/TrainingCenterDatabasev2.xsd">
  <Activities>
    <Activity Sport="Biking">
      <Id>2026-09-08T10:13:07.000Z</Id>
      <Lap StartTime="2026-09-08T10:13:07.000Z">
        <TotalTimeSeconds>554.5</TotalTimeSeconds>
        <DistanceMeters>0.0</DistanceMeters>
        <Calories>0</Calories>
        <Intensity>Active</Intensity>
        <TriggerMethod>Manual</TriggerMethod>
        <Notes>Aquecimento</Notes>
        <Track>
          <Trackpoint>
            <Time>2026-09-08T10:13:07.000Z</Time>
            <Cadence>27</Cadence>
          </Trackpoint>
          <Trackpoint>
            <Time>2026-09-08T10:13:08.000Z</Time>
            <Cadence>27</Cadence>
          </Trackpoint>
          <Trackpoint>
            <Time>2026-09-08T10:13:09.000Z</Time>
            <Cadence>27</Cadence>
          </Trackpoint>
          <Trackpoint>
            <Time>2026-09-08T10:13:10.000Z</Time>
            <Cadence>27</Cadence>
          </Trackpoint>
          <Trackpoint>
            <Time>2026-09-08T10:13:11.000Z</Time>
            <Cadence>27</Cadence>
          </Trackpoint>
          <Trackpoint>
            <Time>2026-09-08T10:13:12.000Z</Time>
            <Cadence>27</Cadence>
          </Trackpoint>
          <Trackpoint>
            <Time>2026-09-08T10:13:13.000Z</Time>
            <Cadence>27</Cadence>
          </Trackpoint>
          <Trackpoint>
            <Time>2026-09-08T10:13:14.000Z</Time>
            <Cadence>27</Cadence>
          </Trackpoint>
          <Trackpoint>
            <Time>2026-09-08T10:13:15.000Z</Time>
            <Cadence>27</Cadence>
          </Trackpoint>
          <Trackpoint>
            <Time>2026-09-08T10:13:16.000Z</Time>
            <Cadence>27</Cadence>
          </Trackpoint>
          <Trackpoint>
            <Time>2026-09-08T10:13:17.000Z</Time>
            <Cadence>27</Cadence>
          </Trackpoint>
          <Trackpoint>
            <Time>2026-09-08T10:13:18.000Z</Time>
            <Cadence>27</Cadence>
            <Extensions>
              <ext:TPX>
                <ext:Watts>33</ext:Watts>
              </ext:TPX>
            </Extensions>
          </Trackpoint>
          <Trackpoint>
            <Time>2026-09-08T10:13:19.000Z</Time>
            <Cadence>27</Cadence>
            <Extensions>
              <ext:TPX>
                <ext:Watts>46</ext:Watts>
              </ext:TPX>
            </Extensions>
          </Trackpoint>
          <Trackpoint>
            <Time>2026-09-08T10:13:20.000Z</Time>
            <Cadence>71</Cadence>
            <Extensions>
              <ext:TPX>
                <ext:Watts>57</ext:Watts>
              </ext:TPX>
            </Extensions>
          </Trackpoint>
          <Trackpoint>
            <Time>2026-09-08T10:13:21.000Z</Time>
            <Cadence>78</Cadence>
            <Extensions>
              <ext:TPX>
                <ext:Watts>55</ext:Watts>
              </ext:TPX>
            </Extensions>
          </Trackpoint>
          <Trackpoint>
            <Time>2026-09-08T10:13:22.000Z</Time>
            <Cadence>76</Cadence>
            <Extensions>
              <ext:TPX>
                <ext:Watts>57</ext:Watts>
              </ext:TPX>
            </Extensions>
          </Trackpoint>
          <Trackpoint>
            <Time>2026-09-08T10:13:23.000Z</Time>
            <Cadence>76</Cadence>
            <Extensions>
              <ext:TPX>
                <ext:Watts>57</ext:Watts>
              </ext:TPX>
            </Extensions>
          </Trackpoint>
          <Trackpoint>
            <Time>2026-09-08T10:13:24.000Z</Time>
            <Cadence>72</Cadence>
            <Extensions>
              <ext:TPX>
                <ext:Watts>55</ext:Watts>
              </ext:TPX>
            </Extensions>
          </Trackpoint>
          <Trackpoint>
            <Time>2026-09-08T10:13:25.000Z</Time>
            <Cadence>73</Cadence>
            <Extensions>
              <ext:TPX>
                <ext:Watts>55</ext:Watts>
              </ext:TPX>
            </Extensions>
          </Trackpoint>
          <Trackpoint>
            <Time>2026-09-08T10:13:26.000Z</Time>
            <Cadence>73</Cadence>
            <Extensions>
              <ext:TPX>
                <ext:Watts>57</ext:Watts>
              </ext:TPX>
            </Extensions>
          </Trackpoint>
          <Trackpoint>
            <Time>2026-09-08T10:13:27.000Z</Time>
            <Cadence>78</Cadence>
            <Extensions>
              <ext:TPX>
                <ext:Watts>59</ext:Watts>
              </ext:TPX>
            </Extensions>
          </Trackpoint>
          <Trackpoint>
            <Time>2026-09-08T10:13:28.000Z</Time>
            <Cadence>51</Cadence>
            <Extensions>
              <ext:TPX>
                <ext:Watts>62</ext:Watts>
              </ext:TPX>
            </Extensions>
          </Trackpoint>
          <Trackpoint>
            <Time>2026-09-08T10:13:29.000Z</Time>
            <Cadence>51</Cadence>
            <Extensions>
              <ext:TPX>
                <ext:Watts>62</ext:Watts>
              </ext:TPX>
            </Extensions>
          </Trackpoint>
          <Trackpoint>
            <Time>2026-09-08T10:13:30.000Z</Time>
            <Cadence>76</Cadence>
            <Extensions>
              <ext:TPX>
                <ext:Watts>62</ext:Watts>
              </ext:TPX>
            </Extensions>
          </Trackpoint>
          <Trackpoint>
            <Time>2026-09-08T10:13:31.000Z</Time>
            <Cadence>60</Cadence>
            <Extensions>
              <ext:TPX>
                <ext:Watts>65</ext:Watts>
              </ext:TPX>
            </Extensions>
          </Trackpoint>
          <Trackpoint>
            <Time>2026-09-08T10:13:32.000Z</Time>
            <Cadence>78</Cadence>
            <Extensions>
              <ext:TPX>
                <ext:Watts>70</ext:Watts>
              </ext:TPX>
            </Extensions>
          </Trackpoint>
          <Trackpoint>
            <Time>2026-09-08T10:13:33.000Z</Time>
            <Cadence>80</Cadence>
            <Extensions>
              <ext:TPX>
                <ext:Watts>71</ext:Watts>
              </ext:TPX>
            </Extensions>
          </Trackpoint>
          <Trackpoint>
            <Time>2026-09-08T10:13:34.000Z</Time>
            <Cadence>80</Cadence>
            <Extensions>
              <ext:TPX>
                <ext:Watts>72</ext:Watts>
              </ext:TPX>
            </Extensions>
          </Trackpoint>
          <Trackpoint>
            <Time>2026-09-08T10:13:35.000Z</Time>
            <Cadence>80</Cadence>
            <Extensions>
              <ext:TPX>
                <ext:Watts>72</ext:Watts>
              </ext:TPX>
            </Extensions>
          </Trackpoint>
          <Trackpoint>
            <Time>2026-09-08T10:13:36.000Z</Time>
            <Cadence>80</Cadence>
            <Extensions>
              <ext:TPX>
                <ext:Watts>70</ext:Watts>
              </ext:TPX>
            </Extensions>
          </Trackpoint>
          <Trackpoint>
            <Time>2026-09-08T10:13:37.000Z</Time>
            <Cadence>38</Cadence>
            <Extensions>
              <ext:TPX>
                <ext:Watts>68</ext:Watts>
              </ext:TPX>
            </Extensions>
          </Trackpoint>
          <Trackpoint>
            <Time>2026-09-08T10:13:38.000Z</Time>
            <Cadence>73</Cadence>
            <Extensions>
              <ext:TPX>
                <ext:Watts>68</ext:Watts>
              </ext:TPX>
            </Extensions>
          </Trackpoint>
          <Trackpoint>
            <Time>2026-09-08T10:13:39.000Z</Time>
            <Cadence>81</Cadence>
            <Extensions>
              <ext:TPX>
                <ext:Watts>68</ext:Watts>
              </ext:TPX>
            </Extensions>
          </Trackpoint>
          <Trackpoint>
            <Time>2026-09-08T10:13:40.000Z</Time>
            <Cadence>74</Cadence>
            <Extensions>
              <ext:TPX>
                <ext:Watts>67</ext:Watts>
              </ext:TPX>
            </Extensions>
          </Trackpoint>
          <Trackpoint>
            <Time>2026-09-08T10:13:41.000Z</Time>
            <Cadence>74</Cadence>
            <Extensions>
              <ext:TPX>
                <ext:Watts>67</ext:Watts>
              </ext:TPX>
            </Extensions>
          </Trackpoint>
          <Trackpoint>
            <Time>2026-09-08T10:13:42.000Z</Time>
            <Cadence>74</Cadence>
            <Extensions>
              <ext:TPX>
                <ext:Watts>67</ext:Watts>
              </ext:TPX>
            </Extensions>
          </Trackpoint>
          <Trackpoint>
            <Time>2026-09-08T10:13:43.000Z</Time>
            <Cadence>74</Cadence>
            <Extensions>
              <ext:TPX>
                <ext:Watts>68</ext:Watts>
              </ext:TPX>
            </Extensions>
          </Trackpoint>
          <Trackpoint>
            <Time>2026-09-08T10:13:44.000Z</Time>
            <Cadence>74</Cadence>
            <Extensions>
              <ext:TPX>
                <ext:Watts>68</ext:Watts>
              </ext:TPX>
            </Extensions>
          </Trackpoint>
          <Trackpoint>
            <Time>2026-09-08T10:13:45.000Z</Time>
            <Cadence>74</Cadence>
            <Extensions>
              <ext:TPX>
                <ext:Watts>68</ext:Watts>
              </ext:TPX>
            </Extensions>
          </Trackpoint>
          <Trackpoint>
            <Time>2026-09-08T10:13:46.000Z</Time>
            <Cadence>75</Cadence>
            <Extensions>
              <ext:TPX>
                <ext:Watts>67</ext:Watts>
              </ext:TPX>
            </Extensions>
          </Trackpoint>
          <Trackpoint>
            <Time>2026-09-08T10:13:47.000Z</Time>
            <Cadence>75</Cadence>
            <Extensions>
              <ext:TPX>
                <ext:Watts>67</ext:Watts>
              </ext:TPX>
            </Extensions>
          </Trackpoint>
          <Trackpoint>
            <Time>2026-09-08T10:13:48.000Z</Time>
            <Cadence>75</Cadence>
            <Extensions>
              <ext:TPX>
                <ext:Watts>67</ext:Watts>
              </ext:TPX>
            </Extensions>
          </Trackpoint>
          <Trackpoint>
            <Time>2026-09-08T10:13:49.000Z</Time>
            <Cadence>75</Cadence>
            <Extensions>
              <ext:TPX>
                <ext:Watts>68</ext:Watts>
              </ext:TPX>
            </Extensions>
          </Trackpoint>
          <Trackpoint>
            <Time>2026-09-08T10:13:50.000Z</Time>
            <Cadence>77</Cadence>
            <Extensions>
              <ext:TPX>
                <ext:Watts>67</ext:Watts>
              </ext:TPX>
            </Extensions>
          </Trackpoint>
          <Trackpoint>
            <Time>2026-09-08T10:13:51.000Z</Time>
            <Cadence>77</Cadence>
            <Extensions>
              <ext:TPX>
                <ext:Watts>67</ext:Watts>
              </ext:TPX>
            </Extensions>
          </Trackpoint>
          <Trackpoint>
            <Time>2026-09-08T10:13:52.000Z</Time>
            <Cadence>77</Cadence>
            <Extensions>
              <ext:TPX>
                <ext:Watts>67</ext:Watts>
              </ext:TPX>
            </Extensions>
          </Trackpoint>
          <Trackpoint>
            <Time>2026-09-08T10:13:53.000Z</Time>
            <Cadence>77</Cadence>
            <Extensions>
              <ext:TPX>
                <ext:Watts>67</ext:Watts>
              </ext:TPX>
            </Extensions>
          </Trackpoint>
          <Trackpoint>
            <Time>2026-09-08T10:13:54.000Z</Time>
            <Cadence>71</Cadence>
            <Extensions>
              <ext:TPX>
                <ext:Watts>72</ext:Watts>
              </ext:TPX>
            </Extensions>
          </Trackpoint>
          <Trackpoint>
            <Time>2026-09-08T10:13:55.000Z</Time>
            <Cadence>81</Cadence>
            <Extensions>
              <ext:TPX>
                <ext:Watts>72</ext:Watts>
              </ext:TPX>
            </Extensions>
          </Trackpoint>
          <Trackpoint>
            <Time>2026-09-08T10:13:56.000Z</Time>
            <Cadence>79</Cadence>
            <Extensions>
              <ext:TPX>
                <ext:Watts>75</ext:Watts>
              </ext:TPX>
            </Extensions>
          </Trackpoint>
          <Trackpoint>
            <Time>2026-09-08T10:13:57.000Z</Time>
            <Cadence>79</Cadence>
            <Extensions>
              <ext:TPX>
                <ext:Watts>75</ext:Watts>
              </ext:TPX>
            </Extensions>
          </Trackpoint>
          <Trackpoint>
            <Time>2026-09-08T10:13:58.000Z</Time>
            <Cadence>82</Cadence>
            <Extensions>
              <ext:TPX>
                <ext:Watts>75</ext:Watts>
              </ext:TPX>
            </Extensions>
          </Trackpoint>
          <Trackpoint>
            <Time>2026-09-08T10:13:59.000Z</Time>
            <Cadence>82</Cadence>
            <Extensions>
              <ext:TPX>
                <ext:Watts>75</ext:Watts>
              </ext:TPX>
            </Extensions>
          </Trackpoint>
          <Trackpoint>
            <Time>2026-09-08T10:14:00.000Z</Time>
            <Cadence>81</Cadence>
            <Extensions>
              <ext:TPX>
                <ext:Watts>76</ext:Watts>
              </ext:TPX>
            </Extensions>
          </Trackpoint>
          <Trackpoint>
            <Time>2026-09-08T10:14:01.000Z</Time>
            <Cadence>81</Cadence>
            <Extensions>
              <ext:TPX>
                <ext:Watts>79</ext:Watts>
              </ext:TPX>
            </Extensions>
          </Trackpoint>
          <Trackpoint>
            <Time>2026-09-08T10:14:02.000Z</Time>
            <Cadence>81</Cadence>
            <Extensions>
              <ext:TPX>
                <ext:Watts>79</ext:Watts>
              </ext:TPX>
            </Extensions>
          </Trackpoint>
          <Trackpoint>
            <Time>2026-09-08T10:14:03.000Z</Time>
            <Cadence>83</Cadence>
            <Extensions>
              <ext:TPX>
                <ext:Watts>73</ext:Watts>
              </ext:TPX>
            </Extensions>
          </Trackpoint>
          <Trackpoint>
            <Time>2026-09-08T10:14:04.000Z</Time>
            <Cadence>77</Cadence>
            <Extensions>
              <ext:TPX>
                <ext:Watts>73</ext:Watts>
              </ext:TPX>
            </Extensions>
          </Trackpoint>
          <Trackpoint>
            <Time>2026-09-08T10:14:05.000Z</Time>
            <Cadence>77</Cadence>
            <Extensions>
              <ext:TPX>
                <ext:Watts>73</ext:Watts>
              </ext:TPX>
            </Extensions>
          </Trackpoint>
          <Trackpoint>
            <Time>2026-09-08T10:14:06.000Z</Time>
            <Cadence>77</Cadence>
            <Extensions>
              <ext:TPX>
                <ext:Watts>73</ext:Watts>
              </ext:TPX>
            </Extensions>
          </Trackpoint>
          <Trackpoint>
            <Time>2026-09-08T10:14:07.000Z</Time>
            <Cadence>71</Cadence>
            <Extensions>
              <ext:TPX>
                <ext:Watts>72</ext:Watts>
              </ext:TPX>
            </Extensions>
          </Trackpoint>
          <Trackpoint>
            <Time>2026-09-08T10:14:08.000Z</Time>
            <Cadence>78</Cadence>
            <Extensions>
              <ext:TPX>
                <ext:Watts>72</ext:Watts>
              </ext:TPX>
            </Extensions>
          </Trackpoint>
          <Trackpoint>
            <Time>2026-09-08T10:14:09.000Z</Time>
            <Cadence>79</Cadence>
            <Extensions>
              <ext:TPX>
                <ext:Watts>73</ext:Watts>
              </ext:TPX>
            </Extensions>
          </Trackpoint>
          <Trackpoint>
            <Time>2026-09-08T10:14:10.000Z</Time>
            <Cadence>79</Cadence>
            <Extensions>
              <ext:TPX>
                <ext:Watts>73</ext:Watts>
              </ext:TPX>
            </Extensions>
          </Trackpoint>
          <Trackpoint>
            <Time>2026-09-08T10:14:11.000Z</Time>
            <Cadence>79</Cadence>
            <Extensions>
              <ext:TPX>
                <ext:Watts>73</ext:Watts>
              </ext:TPX>
            </Extensions>
          </Trackpoint>
          <Trackpoint>
            <Time>2026-09-08T10:14:12.000Z</Time>
            <Cadence>78</Cadence>
            <Extensions>
              <ext:TPX>
                <ext:Watts>72</ext:Watts>
              </ext:TPX>
            </Extensions>
          </Trackpoint>
          <Trackpoint>
            <Time>2026-09-08T10:14:13.000Z</Time>
            <Cadence>78</Cadence>
            <Extensions>
              <ext:TPX>
                <ext:Watts>72</ext:Watts>
              </ext:TPX>
            </Extensions>
          </Trackpoint>
          <Trackpoint>
            <Time>2026-09-08T10:14:14.000Z</Time>
            <Cadence>80</Cadence>
            <Extensions>
              <ext:TPX>
                <ext:Watts>73</ext:Watts>
              </ext:TPX>
            </Extensions>
          </Trackpoint>
          <Trackpoint>
            <Time>2026-09-08T10:14:15.000Z</Time>
            <Cadence>74</Cadence>
            <Extensions>
              <ext:TPX>
                <ext:Watts>73</ext:Watts>
              </ext:TPX>
            </Extensions>
          </Trackpoint>
          <Trackpoint>
            <Time>2026-09-08T10:14:16.000Z</Time>
            <Cadence>80</Cadence>
            <Extensions>
              <ext:TPX>
                <ext:Watts>73</ext:Watts>
              </ext:TPX>
            </Extensions>
          </Trackpoint>
          <Trackpoint>
            <Time>2026-09-08T10:14:17.000Z</Time>
            <Cadence>80</Cadence>
            <Extensions>
              <ext:TPX>
                <ext:Watts>73</ext:Watts>
              </ext:TPX>
            </Extensions>
          </Trackpoint>
          <Trackpoint>
            <Time>2026-09-08T10:14:18.000Z</Time>
            <Cadence>82</Cadence>
            <Extensions>
              <ext:TPX>
                <ext:Watts>73</ext:Watts>
              </ext:TPX>
            </Extensions>
          </Trackpoint>
          <Trackpoint>
            <Time>2026-09-08T10:14:19.000Z</Time>
            <Cadence>82</Cadence>
            <Extensions>
              <ext:TPX>
                <ext:Watts>73</ext:Watts>
              </ext:TPX>
            </Extensions>
          </Trackpoint>
          <Trackpoint>
            <Time>2026-09-08T10:14:20.000Z</Time>
            <Cadence>78</Cadence>
            <Extensions>
              <ext:TPX>
                <ext:Watts>72</ext:Watts>
              </ext:TPX>
            </Extensions>
          </Trackpoint>
          <Trackpoint>
            <Time>2026-09-08T10:14:21.000Z</Time>
            <Cadence>78</Cadence>
            <Extensions>
              <ext:TPX>
                <ext:Watts>72</ext:Watts>
              </ext:TPX>
            </Extensions>
          </Trackpoint>
          <Trackpoint>
            <Time>2026-09-08T10:14:22.000Z</Time>
            <Cadence>78</Cadence>
            <Extensions>
              <ext:TPX>
                <ext:Watts>72</ext:Watts>
              </ext:TPX>
            </Extensions>
          </Trackpoint>
          <Trackpoint>
            <Time>2026-09-08T10:14:23.000Z</Time>
            <Cadence>78</Cadence>
            <Extensions>
              <ext:TPX>
                <ext:Watts>72</ext:Watts>
              </ext:TPX>
            </Extensions>
          </Trackpoint>
          <Trackpoint>
            <Time>2026-09-08T10:14:24.000Z</Time>
            <Cadence>78</Cadence>
            <Extensions>
              <ext:TPX>
                <ext:Watts>72</ext:Watts>
              </ext:TPX>
            </Extensions>
          </Trackpoint>
          <Trackpoint>
            <Time>2026-09-08T10:14:25.000Z</Time>
            <Cadence>82</Cadence>
            <Extensions>
              <ext:TPX>
                <ext:Watts>73</ext:Watts>
              </ext:TPX>
            </Extensions>
          </Trackpoint>
          <Trackpoint>
            <Time>2026-09-08T10:14:26.000Z</Time>
            <Cadence>81</Cadence>
            <Extensions>
              <ext:TPX>
                <ext:Watts>73</ext:Watts>
              </ext:TPX>
            </Extensions>
          </Trackpoint>
          <Trackpoint>
            <Time>2026-09-08T10:14:27.000Z</Time>
            <Cadence>82</Cadence>
            <Extensions>
              <ext:TPX>
                <ext:Watts>73</ext:Watts>
              </ext:TPX>
            </Extensions>
          </Trackpoint>
          <Trackpoint>
            <Time>2026-09-08T10:14:28.000Z</Time>
            <Cadence>73</Cadence>
            <Extensions>
              <ext:TPX>
                <ext:Watts>73</ext:Watts>
              </ext:TPX>
            </Extensions>
          </Trackpoint>
          <Trackpoint>
            <Time>2026-09-08T10:14:29.000Z</Time>
            <Cadence>73</Cadence>
            <Extensions>
              <ext:TPX>
                <ext:Watts>73</ext:Watts>
              </ext:TPX>
            </Extensions>
          </Trackpoint>
          <Trackpoint>
            <Time>2026-09-08T10:14:30.000Z</Time>
            <Cadence>83</Cadence>
            <Extensions>
              <ext:TPX>
                <ext:Watts>72</ext:Watts>
              </ext:TPX>
            </Extensions>
          </Trackpoint>
          <Trackpoint>
            <Time>2026-09-08T10:14:31.000Z</Time>
            <Cadence>78</Cadence>
            <Extensions>
              <ext:TPX>
                <ext:Watts>72</ext:Watts>
              </ext:TPX>
            </Extensions>
          </Trackpoint>
          <Trackpoint>
            <Time>2026-09-08T10:14:32.000Z</Time>
            <Cadence>78</Cadence>
            <Extensions>
              <ext:TPX>
                <ext:Watts>72</ext:Watts>
              </ext:TPX>
            </Extensions>
          </Trackpoint>
          <Trackpoint>
            <Time>2026-09-08T10:14:33.000Z</Time>
            <Cadence>85</Cadence>
            <Extensions>
              <ext:TPX>
                <ext:Watts>73</ext:Watts>
              </ext:TPX>
            </Extensions>
          </Trackpoint>
          <Trackpoint>
            <Time>2026-09-08T10:14:34.000Z</Time>
            <Cadence>76</Cadence>
            <Extensions>
              <ext:TPX>
                <ext:Watts>74</ext:Watts>
              </ext:TPX>
            </Extensions>
          </Trackpoint>
          <Trackpoint>
            <Time>2026-09-08T10:14:35.000Z</Time>
            <Cadence>76</Cadence>
            <Extensions>
              <ext:TPX>
                <ext:Watts>74</ext:Watts>
              </ext:TPX>
            </Extensions>
          </Trackpoint>
          <Trackpoint>
            <Time>2026-09-08T10:14:36.000Z</Time>
            <Cadence>81</Cadence>
            <Extensions>
              <ext:TPX>
                <ext:Watts>73</ext:Watts>
              </ext:TPX>
            </Extensions>
          </Trackpoint>
          <Trackpoint>
            <Time>2026-09-08T10:14:37.000Z</Time>
            <Cadence>82</Cadence>
            <Extensions>
              <ext:TPX>
                <ext:Watts>73</ext:Watts>
              </ext:TPX>
            </Extensions>
          </Trackpoint>
          <Trackpoint>
            <Time>2026-09-08T10:14:38.000Z</Time>
            <Cadence>78</Cadence>
            <Extensions>
              <ext:TPX>
                <ext:Watts>74</ext:Watts>
              </ext:TPX>
            </Extensions>
          </Trackpoint>
          <Trackpoint>
            <Time>2026-09-08T10:14:39.000Z</Time>
            <Cadence>84</Cadence>
            <Extensions>
              <ext:TPX>
                <ext:Watts>73</ext:Watts>
              </ext:TPX>
            </Extensions>
          </Trackpoint>
          <Trackpoint>
            <Time>2026-09-08T10:14:40.000Z</Time>
            <Cadence>79</Cadence>
            <Extensions>
              <ext:TPX>
                <ext:Watts>73</ext:Watts>
              </ext:TPX>
            </Extensions>
          </Trackpoint>
          <Trackpoint>
            <Time>2026-09-08T10:14:41.000Z</Time>
            <Cadence>79</Cadence>
            <Extensions>
              <ext:TPX>
                <ext:Watts>73</ext:Watts>
              </ext:TPX>
            </Extensions>
          </Trackpoint>
          <Trackpoint>
            <Time>2026-09-08T10:14:42.000Z</Time>
            <Cadence>81</Cadence>
            <Extensions>
              <ext:TPX>
                <ext:Watts>72</ext:Watts>
              </ext:TPX>
            </Extensions>
          </Trackpoint>
          <Trackpoint>
            <Time>2026-09-08T10:14:43.000Z</Time>
            <Cadence>76</Cadence>
            <Extensions>
              <ext:TPX>
                <ext:Watts>71</ext:Watts>
              </ext:TPX>
            </Extensions>
          </Trackpoint>
          <Trackpoint>
            <Time>2026-09-08T10:14:44.000Z</Time>
            <Cadence>79</Cadence>
            <Extensions>
              <ext:TPX>
                <ext:Watts>71</ext:Watts>
              </ext:TPX>
            </Extensions>
          </Trackpoint>
          <Trackpoint>
            <Time>2026-09-08T10:14:45.000Z</Time>
            <Cadence>78</Cadence>
            <Extensions>
              <ext:TPX>
                <ext:Watts>71</ext:Watts>
              </ext:TPX>
            </Extensions>
          </Trackpoint>
          <Trackpoint>
            <Time>2026-09-08T10:14:46.000Z</Time>
            <Cadence>78</Cadence>
            <Extensions>
              <ext:TPX>
                <ext:Watts>71</ext:Watts>
              </ext:TPX>
            </Extensions>
          </Trackpoint>
          <Trackpoint>
            <Time>2026-09-08T10:14:47.000Z</Time>
            <Cadence>78</Cadence>
            <Extensions>
              <ext:TPX>
                <ext:Watts>71</ext:Watts>
              </ext:TPX>
            </Extensions>
          </Trackpoint>
          <Trackpoint>
            <Time>2026-09-08T10:14:48.000Z</Time>
            <Cadence>77</Cadence>
            <Extensions>
              <ext:TPX>
                <ext:Watts>71</ext:Watts>
              </ext:TPX>
            </Extensions>
          </Trackpoint>
          <Trackpoint>
            <Time>2026-09-08T10:14:49.000Z</Time>
            <Cadence>77</Cadence>
            <Extensions>
              <ext:TPX>
                <ext:Watts>71</ext:Watts>
              </ext:TPX>
            </Extensions>
          </Trackpoint>
          <Trackpoint>
            <Time>2026-09-08T10:14:50.000Z</Time>
            <Cadence>78</Cadence>
            <Extensions>
              <ext:TPX>
                <ext:Watts>71</ext:Watts>
              </ext:TPX>
            </Extensions>
          </Trackpoint>
          <Trackpoint>
            <Time>2026-09-08T10:14:51.000Z</Time>
            <Cadence>78</Cadence>
            <Extensions>
              <ext:TPX>
                <ext:Watts>72</ext:Watts>
              </ext:TPX>
            </Extensions>
          </Trackpoint>
          <Trackpoint>
            <Time>2026-09-08T10:14:52.000Z</Time>
            <Cadence>54</Cadence>
            <Extensions>
              <ext:TPX>
                <ext:Watts>69</ext:Watts>
              </ext:TPX>
            </Extensions>
          </Trackpoint>
          <Trackpoint>
            <Time>2026-09-08T10:14:53.000Z</Time>
            <Cadence>54</Cadence>
            <Extensions>
              <ext:TPX>
                <ext:Watts>69</ext:Watts>
              </ext:TPX>
            </Extensions>
          </Trackpoint>
          <Trackpoint>
            <Time>2026-09-08T10:14:54.000Z</Time>
            <Cadence>54</Cadence>
            <Extensions>
              <ext:TPX>
                <ext:Watts>65</ext:Watts>
              </ext:TPX>
            </Extensions>
          </Trackpoint>
          <Trackpoint>
            <Time>2026-09-08T10:14:55.000Z</Time>
            <Cadence>54</Cadence>
            <Extensions>
              <ext:TPX>
                <ext:Watts>65</ext:Watts>
              </ext:TPX>
            </Extensions>
          </Trackpoint>
          <Trackpoint>
            <Time>2026-09-08T10:14:56.000Z</Time>
            <Cadence>37</Cadence>
            <Extensions>
              <ext:TPX>
                <ext:Watts>68</ext:Watts>
              </ext:TPX>
            </Extensions>
          </Trackpoint>
          <Trackpoint>
            <Time>2026-09-08T10:14:57.000Z</Time>
            <Cadence>76</Cadence>
            <Extensions>
              <ext:TPX>
                <ext:Watts>70</ext:Watts>
              </ext:TPX>
            </Extensions>
          </Trackpoint>
          <Trackpoint>
            <Time>2026-09-08T10:14:58.000Z</Time>
            <Cadence>78</Cadence>
            <Extensions>
              <ext:TPX>
                <ext:Watts>71</ext:Watts>
              </ext:TPX>
            </Extensions>
          </Trackpoint>
          <Trackpoint>
            <Time>2026-09-08T10:14:59.000Z</Time>
            <Cadence>78</Cadence>
            <Extensions>
              <ext:TPX>
                <ext:Watts>71</ext:Watts>
              </ext:TPX>
            </Extensions>
          </Trackpoint>
          <Trackpoint>
            <Time>2026-09-08T10:15:00.000Z</Time>
            <Cadence>76</Cadence>
            <Extensions>
              <ext:TPX>
                <ext:Watts>69</ext:Watts>
              </ext:TPX>
            </Extensions>
          </Trackpoint>
          <Trackpoint>
            <Time>2026-09-08T10:15:01.000Z</Time>
            <Cadence>73</Cadence>
            <Extensions>
              <ext:TPX>
                <ext:Watts>68</ext:Watts>
              </ext:TPX>
            </Extensions>
          </Trackpoint>
          <Trackpoint>
            <Time>2026-09-08T10:15:02.000Z</Time>
            <Cadence>76</Cadence>
            <Extensions>
              <ext:TPX>
                <ext:Watts>67</ext:Watts>
              </ext:TPX>
            </Extensions>
          </Trackpoint>
          <Trackpoint>
            <Time>2026-09-08T10:15:03.000Z</Time>
            <Cadence>73</Cadence>
            <Extensions>
              <ext:TPX>
                <ext:Watts>69</ext:Watts>
              </ext:TPX>
            </Extensions>
          </Trackpoint>
          <Trackpoint>
            <Time>2026-09-08T10:15:04.000Z</Time>
            <Cadence>77</Cadence>
            <Extensions>
              <ext:TPX>
                <ext:Watts>68</ext:Watts>
              </ext:TPX>
            </Extensions>
          </Trackpoint>
          <Trackpoint>
            <Time>2026-09-08T10:15:05.000Z</Time>
            <Cadence>77</Cadence>
            <Extensions>
              <ext:TPX>
                <ext:Watts>68</ext:Watts>
              </ext:TPX>
            </Extensions>
          </Trackpoint>
          <Trackpoint>
            <Time>2026-09-08T10:15:06.000Z</Time>
            <Cadence>77</Cadence>
            <Extensions>
              <ext:TPX>
                <ext:Watts>68</ext:Watts>
              </ext:TPX>
            </Extensions>
          </Trackpoint>
          <Trackpoint>
            <Time>2026-09-08T10:15:07.000Z</Time>
            <Cadence>76</Cadence>
            <Extensions>
              <ext:TPX>
                <ext:Watts>72</ext:Watts>
              </ext:TPX>
            </Extensions>
          </Trackpoint>
          <Trackpoint>
            <Time>2026-09-08T10:15:08.000Z</Time>
            <Cadence>78</Cadence>
            <Extensions>
              <ext:TPX>
                <ext:Watts>72</ext:Watts>
              </ext:TPX>
            </Extensions>
          </Trackpoint>
          <Trackpoint>
            <Time>2026-09-08T10:15:09.000Z</Time>
            <Cadence>81</Cadence>
            <Extensions>
              <ext:TPX>
                <ext:Watts>71</ext:Watts>
              </ext:TPX>
            </Extensions>
          </Trackpoint>
          <Trackpoint>
            <Time>2026-09-08T10:15:10.000Z</Time>
            <Cadence>75</Cadence>
            <Extensions>
              <ext:TPX>
                <ext:Watts>71</ext:Watts>
              </ext:TPX>
            </Extensions>
          </Trackpoint>
          <Trackpoint>
            <Time>2026-09-08T10:15:11.000Z</Time>
            <Cadence>75</Cadence>
            <Extensions>
              <ext:TPX>
                <ext:Watts>71</ext:Watts>
              </ext:TPX>
            </Extensions>
          </Trackpoint>
          <Trackpoint>
            <Time>2026-09-08T10:15:12.000Z</Time>
            <Cadence>77</Cadence>
            <Extensions>
              <ext:TPX>
                <ext:Watts>69</ext:Watts>
              </ext:TPX>
            </Extensions>
          </Trackpoint>
          <Trackpoint>
            <Time>2026-09-08T10:15:13.000Z</Time>
            <Cadence>76</Cadence>
            <Extensions>
              <ext:TPX>
                <ext:Watts>68</ext:Watts>
              </ext:TPX>
            </Extensions>
          </Trackpoint>
          <Trackpoint>
            <Time>2026-09-08T10:15:14.000Z</Time>
            <Cadence>75</Cadence>
            <Extensions>
              <ext:TPX>
                <ext:Watts>73</ext:Watts>
              </ext:TPX>
            </Extensions>
          </Trackpoint>
          <Trackpoint>
            <Time>2026-09-08T10:15:15.000Z</Time>
            <Cadence>78</Cadence>
            <Extensions>
              <ext:TPX>
                <ext:Watts>74</ext:Watts>
              </ext:TPX>
            </Extensions>
          </Trackpoint>
          <Trackpoint>
            <Time>2026-09-08T10:15:16.000Z</Time>
            <Cadence>80</Cadence>
            <Extensions>
              <ext:TPX>
                <ext:Watts>74</ext:Watts>
              </ext:TPX>
            </Extensions>
          </Trackpoint>
          <Trackpoint>
            <Time>2026-09-08T10:15:17.000Z</Time>
            <Cadence>80</Cadence>
            <Extensions>
              <ext:TPX>
                <ext:Watts>74</ext:Watts>
              </ext:TPX>
            </Extensions>
          </Trackpoint>
          <Trackpoint>
            <Time>2026-09-08T10:15:18.000Z</Time>
            <Cadence>83</Cadence>
            <Extensions>
              <ext:TPX>
                <ext:Watts>75</ext:Watts>
              </ext:TPX>
            </Extensions>
          </Trackpoint>
          <Trackpoint>
            <Time>2026-09-08T10:15:19.000Z</Time>
            <Cadence>79</Cadence>
            <Extensions>
              <ext:TPX>
                <ext:Watts>73</ext:Watts>
              </ext:TPX>
            </Extensions>
          </Trackpoint>
          <Trackpoint>
            <Time>2026-09-08T10:15:21.000Z</Time>
            <Cadence>78</Cadence>
            <Extensions>
              <ext:TPX>
                <ext:Watts>73</ext:Watts>
              </ext:TPX>
            </Extensions>
          </Trackpoint>
          <Trackpoint>
            <Time>2026-09-08T10:15:22.000Z</Time>
            <Cadence>78</Cadence>
            <Extensions>
              <ext:TPX>
                <ext:Watts>73</ext:Watts>
              </ext:TPX>
            </Extensions>
          </Trackpoint>
          <Trackpoint>
            <Time>2026-09-08T10:15:23.000Z</Time>
            <Cadence>78</Cadence>
            <Extensions>
              <ext:TPX>
                <ext:Watts>74</ext:Watts>
              </ext:TPX>
            </Extensions>
          </Trackpoint>
          <Trackpoint>
            <Time>2026-09-08T10:15:24.000Z</Time>
            <Cadence>78</Cadence>
            <Extensions>
              <ext:TPX>
                <ext:Watts>74</ext:Watts>
              </ext:TPX>
            </Extensions>
          </Trackpoint>
          <Trackpoint>
            <Time>2026-09-08T10:15:25.000Z</Time>
            <Cadence>80</Cadence>
            <Extensions>
              <ext:TPX>
                <ext:Watts>74</ext:Watts>
              </ext:TPX>
            </Extensions>
          </Trackpoint>
          <Trackpoint>
            <Time>2026-09-08T10:15:26.000Z</Time>
            <Cadence>80</Cadence>
            <Extensions>
              <ext:TPX>
                <ext:Watts>73</ext:Watts>
              </ext:TPX>
            </Extensions>
          </Trackpoint>
          <Trackpoint>
            <Time>2026-09-08T10:15:27.000Z</Time>
            <Cadence>79</Cadence>
            <Extensions>
              <ext:TPX>
                <ext:Watts>73</ext:Watts>
              </ext:TPX>
            </Extensions>
          </Trackpoint>
          <Trackpoint>
            <Time>2026-09-08T10:15:28.000Z</Time>
            <Cadence>80</Cadence>
            <Extensions>
              <ext:TPX>
                <ext:Watts>73</ext:Watts>
              </ext:TPX>
            </Extensions>
          </Trackpoint>
          <Trackpoint>
            <Time>2026-09-08T10:15:29.000Z</Time>
            <Cadence>79</Cadence>
            <Extensions>
              <ext:TPX>
                <ext:Watts>76</ext:Watts>
              </ext:TPX>
            </Extensions>
          </Trackpoint>
          <Trackpoint>
            <Time>2026-09-08T10:15:30.000Z</Time>
            <Cadence>79</Cadence>
            <Extensions>
              <ext:TPX>
                <ext:Watts>76</ext:Watts>
              </ext:TPX>
            </Extensions>
          </Trackpoint>
          <Trackpoint>
            <Time>2026-09-08T10:15:31.000Z</Time>
            <Cadence>84</Cadence>
            <Extensions>
              <ext:TPX>
                <ext:Watts>76</ext:Watts>
              </ext:TPX>
            </Extensions>
          </Trackpoint>
          <Trackpoint>
            <Time>2026-09-08T10:15:32.000Z</Time>
            <Cadence>81</Cadence>
            <Extensions>
              <ext:TPX>
                <ext:Watts>74</ext:Watts>
              </ext:TPX>
            </Extensions>
          </Trackpoint>
          <Trackpoint>
            <Time>2026-09-08T10:15:33.000Z</Time>
            <Cadence>83</Cadence>
            <Extensions>
              <ext:TPX>
                <ext:Watts>74</ext:Watts>
              </ext:TPX>
            </Extensions>
          </Trackpoint>
          <Trackpoint>
            <Time>2026-09-08T10:15:34.000Z</Time>
            <Cadence>77</Cadence>
            <Extensions>
              <ext:TPX>
                <ext:Watts>73</ext:Watts>
              </ext:TPX>
            </Extensions>
          </Trackpoint>
          <Trackpoint>
            <Time>2026-09-08T10:15:35.000Z</Time>
            <Cadence>77</Cadence>
            <Extensions>
              <ext:TPX>
                <ext:Watts>74</ext:Watts>
              </ext:TPX>
            </Extensions>
          </Trackpoint>
          <Trackpoint>
            <Time>2026-09-08T10:15:36.000Z</Time>
            <Cadence>84</Cadence>
            <Extensions>
              <ext:TPX>
                <ext:Watts>74</ext:Watts>
              </ext:TPX>
            </Extensions>
          </Trackpoint>
          <Trackpoint>
            <Time>2026-09-08T10:15:37.000Z</Time>
            <Cadence>84</Cadence>
            <Extensions>
              <ext:TPX>
                <ext:Watts>74</ext:Watts>
              </ext:TPX>
            </Extensions>
          </Trackpoint>
          <Trackpoint>
            <Time>2026-09-08T10:15:38.000Z</Time>
            <Cadence>84</Cadence>
            <Extensions>
              <ext:TPX>
                <ext:Watts>74</ext:Watts>
              </ext:TPX>
            </Extensions>
          </Trackpoint>
          <Trackpoint>
            <Time>2026-09-08T10:15:39.000Z</Time>
            <Cadence>78</Cadence>
            <Extensions>
              <ext:TPX>
                <ext:Watts>74</ext:Watts>
              </ext:TPX>
            </Extensions>
          </Trackpoint>
          <Trackpoint>
            <Time>2026-09-08T10:15:40.000Z</Time>
            <Cadence>78</Cadence>
            <Extensions>
              <ext:TPX>
                <ext:Watts>74</ext:Watts>
              </ext:TPX>
            </Extensions>
          </Trackpoint>
          <Trackpoint>
            <Time>2026-09-08T10:15:41.000Z</Time>
            <Cadence>76</Cadence>
            <Extensions>
              <ext:TPX>
                <ext:Watts>73</ext:Watts>
              </ext:TPX>
            </Extensions>
          </Trackpoint>
          <Trackpoint>
            <Time>2026-09-08T10:15:42.000Z</Time>
            <Cadence>79</Cadence>
            <Extensions>
              <ext:TPX>
                <ext:Watts>73</ext:Watts>
              </ext:TPX>
            </Extensions>
          </Trackpoint>
          <Trackpoint>
            <Time>2026-09-08T10:15:43.000Z</Time>
            <Cadence>79</Cadence>
            <Extensions>
              <ext:TPX>
                <ext:Watts>73</ext:Watts>
              </ext:TPX>
            </Extensions>
          </Trackpoint>
          <Trackpoint>
            <Time>2026-09-08T10:15:44.000Z</Time>
            <Cadence>80</Cadence>
            <Extensions>
              <ext:TPX>
                <ext:Watts>73</ext:Watts>
              </ext:TPX>
            </Extensions>
          </Trackpoint>
          <Trackpoint>
            <Time>2026-09-08T10:15:45.000Z</Time>
            <Cadence>80</Cadence>
            <Extensions>
              <ext:TPX>
                <ext:Watts>73</ext:Watts>
              </ext:TPX>
            </Extensions>
          </Trackpoint>
          <Trackpoint>
            <Time>2026-09-08T10:15:46.000Z</Time>
            <Cadence>78</Cadence>
            <Extensions>
              <ext:TPX>
                <ext:Watts>74</ext:Watts>
              </ext:TPX>
            </Extensions>
          </Trackpoint>
          <Trackpoint>
            <Time>2026-09-08T10:15:47.000Z</Time>
            <Cadence>78</Cadence>
            <Extensions>
              <ext:TPX>
                <ext:Watts>74</ext:Watts>
              </ext:TPX>
            </Extensions>
          </Trackpoint>
          <Trackpoint>
            <Time>2026-09-08T10:15:48.000Z</Time>
            <Cadence>78</Cadence>
            <Extensions>
              <ext:TPX>
                <ext:Watts>74</ext:Watts>
              </ext:TPX>
            </Extensions>
          </Trackpoint>
          <Trackpoint>
            <Time>2026-09-08T10:15:49.000Z</Time>
            <Cadence>78</Cadence>
            <Extensions>
              <ext:TPX>
                <ext:Watts>74</ext:Watts>
              </ext:TPX>
            </Extensions>
          </Trackpoint>
          <Trackpoint>
            <Time>2026-09-08T10:15:50.000Z</Time>
            <Cadence>82</Cadence>
            <Extensions>
              <ext:TPX>
                <ext:Watts>73</ext:Watts>
              </ext:TPX>
            </Extensions>
          </Trackpoint>
          <Trackpoint>
            <Time>2026-09-08T10:15:51.000Z</Time>
            <Cadence>79</Cadence>
            <Extensions>
              <ext:TPX>
                <ext:Watts>74</ext:Watts>
              </ext:TPX>
            </Extensions>
          </Trackpoint>
          <Trackpoint>
            <Time>2026-09-08T10:15:52.000Z</Time>
            <Cadence>79</Cadence>
            <Extensions>
              <ext:TPX>
                <ext:Watts>74</ext:Watts>
              </ext:TPX>
            </Extensions>
          </Trackpoint>
          <Trackpoint>
            <Time>2026-09-08T10:15:53.000Z</Time>
            <Cadence>82</Cadence>
            <Extensions>
              <ext:TPX>
                <ext:Watts>74</ext:Watts>
              </ext:TPX>
            </Extensions>
          </Trackpoint>
          <Trackpoint>
            <Time>2026-09-08T10:15:54.000Z</Time>
            <Cadence>81</Cadence>
            <Extensions>
              <ext:TPX>
                <ext:Watts>74</ext:Watts>
              </ext:TPX>
            </Extensions>
          </Trackpoint>
          <Trackpoint>
            <Time>2026-09-08T10:15:55.000Z</Time>
            <Cadence>81</Cadence>
            <Extensions>
              <ext:TPX>
                <ext:Watts>74</ext:Watts>
              </ext:TPX>
            </Extensions>
          </Trackpoint>
          <Trackpoint>
            <Time>2026-09-08T10:15:56.000Z</Time>
            <Cadence>81</Cadence>
            <Extensions>
              <ext:TPX>
                <ext:Watts>74</ext:Watts>
              </ext:TPX>
            </Extensions>
          </Trackpoint>
          <Trackpoint>
            <Time>2026-09-08T10:15:57.000Z</Time>
            <Cadence>81</Cadence>
            <Extensions>
              <ext:TPX>
                <ext:Watts>73</ext:Watts>
              </ext:TPX>
            </Extensions>
          </Trackpoint>
          <Trackpoint>
            <Time>2026-09-08T10:15:58.000Z</Time>
            <Cadence>78</Cadence>
            <Extensions>
              <ext:TPX>
                <ext:Watts>73</ext:Watts>
              </ext:TPX>
            </Extensions>
          </Trackpoint>
          <Trackpoint>
            <Time>2026-09-08T10:15:59.000Z</Time>
            <Cadence>81</Cadence>
            <Extensions>
              <ext:TPX>
                <ext:Watts>74</ext:Watts>
              </ext:TPX>
            </Extensions>
          </Trackpoint>
          <Trackpoint>
            <Time>2026-09-08T10:16:00.000Z</Time>
            <Cadence>82</Cadence>
            <Extensions>
              <ext:TPX>
                <ext:Watts>74</ext:Watts>
              </ext:TPX>
            </Extensions>
          </Trackpoint>
          <Trackpoint>
            <Time>2026-09-08T10:16:01.000Z</Time>
            <Cadence>82</Cadence>
            <Extensions>
              <ext:TPX>
                <ext:Watts>74</ext:Watts>
              </ext:TPX>
            </Extensions>
          </Trackpoint>
          <Trackpoint>
            <Time>2026-09-08T10:16:02.000Z</Time>
            <Cadence>82</Cadence>
            <Extensions>
              <ext:TPX>
                <ext:Watts>74</ext:Watts>
              </ext:TPX>
            </Extensions>
          </Trackpoint>
          <Trackpoint>
            <Time>2026-09-08T10:16:03.000Z</Time>
            <Cadence>85</Cadence>
            <Extensions>
              <ext:TPX>
                <ext:Watts>75</ext:Watts>
              </ext:TPX>
            </Extensions>
          </Trackpoint>
          <Trackpoint>
            <Time>2026-09-08T10:16:04.000Z</Time>
            <Cadence>77</Cadence>
            <Extensions>
              <ext:TPX>
                <ext:Watts>74</ext:Watts>
              </ext:TPX>
            </Extensions>
          </Trackpoint>
          <Trackpoint>
            <Time>2026-09-08T10:16:05.000Z</Time>
            <Cadence>81</Cadence>
            <Extensions>
              <ext:TPX>
                <ext:Watts>75</ext:Watts>
              </ext:TPX>
            </Extensions>
          </Trackpoint>
          <Trackpoint>
            <Time>2026-09-08T10:16:06.000Z</Time>
            <Cadence>81</Cadence>
            <Extensions>
              <ext:TPX>
                <ext:Watts>75</ext:Watts>
              </ext:TPX>
            </Extensions>
          </Trackpoint>
          <Trackpoint>
            <Time>2026-09-08T10:16:07.000Z</Time>
            <Cadence>81</Cadence>
            <Extensions>
              <ext:TPX>
                <ext:Watts>75</ext:Watts>
              </ext:TPX>
            </Extensions>
          </Trackpoint>
          <Trackpoint>
            <Time>2026-09-08T10:16:08.000Z</Time>
            <Cadence>79</Cadence>
            <Extensions>
              <ext:TPX>
                <ext:Watts>77</ext:Watts>
              </ext:TPX>
            </Extensions>
          </Trackpoint>
          <Trackpoint>
            <Time>2026-09-08T10:16:09.000Z</Time>
            <Cadence>86</Cadence>
            <Extensions>
              <ext:TPX>
                <ext:Watts>76</ext:Watts>
              </ext:TPX>
            </Extensions>
          </Trackpoint>
          <Trackpoint>
            <Time>2026-09-08T10:16:10.000Z</Time>
            <Cadence>57</Cadence>
            <Extensions>
              <ext:TPX>
                <ext:Watts>73</ext:Watts>
              </ext:TPX>
            </Extensions>
          </Trackpoint>
          <Trackpoint>
            <Time>2026-09-08T10:16:11.000Z</Time>
            <Cadence>80</Cadence>
            <Extensions>
              <ext:TPX>
                <ext:Watts>72</ext:Watts>
              </ext:TPX>
            </Extensions>
          </Trackpoint>
          <Trackpoint>
            <Time>2026-09-08T10:16:12.000Z</Time>
            <Cadence>77</Cadence>
            <Extensions>
              <ext:TPX>
                <ext:Watts>73</ext:Watts>
              </ext:TPX>
            </Extensions>
          </Trackpoint>
          <Trackpoint>
            <Time>2026-09-08T10:16:13.000Z</Time>
            <Cadence>77</Cadence>
            <Extensions>
              <ext:TPX>
                <ext:Watts>73</ext:Watts>
              </ext:TPX>
            </Extensions>
          </Trackpoint>
          <Trackpoint>
            <Time>2026-09-08T10:16:14.000Z</Time>
            <Cadence>77</Cadence>
            <Extensions>
              <ext:TPX>
                <ext:Watts>73</ext:Watts>
              </ext:TPX>
            </Extensions>
          </Trackpoint>
          <Trackpoint>
            <Time>2026-09-08T10:16:15.000Z</Time>
            <Cadence>78</Cadence>
            <Extensions>
              <ext:TPX>
                <ext:Watts>73</ext:Watts>
              </ext:TPX>
            </Extensions>
          </Trackpoint>
          <Trackpoint>
            <Time>2026-09-08T10:16:16.000Z</Time>
            <Cadence>79</Cadence>
            <Extensions>
              <ext:TPX>
                <ext:Watts>73</ext:Watts>
              </ext:TPX>
            </Extensions>
          </Trackpoint>
          <Trackpoint>
            <Time>2026-09-08T10:16:17.000Z</Time>
            <Cadence>83</Cadence>
            <Extensions>
              <ext:TPX>
                <ext:Watts>73</ext:Watts>
              </ext:TPX>
            </Extensions>
          </Trackpoint>
          <Trackpoint>
            <Time>2026-09-08T10:16:18.000Z</Time>
            <Cadence>76</Cadence>
            <Extensions>
              <ext:TPX>
                <ext:Watts>72</ext:Watts>
              </ext:TPX>
            </Extensions>
          </Trackpoint>
          <Trackpoint>
            <Time>2026-09-08T10:16:19.000Z</Time>
            <Cadence>76</Cadence>
            <Extensions>
              <ext:TPX>
                <ext:Watts>72</ext:Watts>
              </ext:TPX>
            </Extensions>
          </Trackpoint>
          <Trackpoint>
            <Time>2026-09-08T10:16:20.000Z</Time>
            <Cadence>77</Cadence>
            <Extensions>
              <ext:TPX>
                <ext:Watts>72</ext:Watts>
              </ext:TPX>
            </Extensions>
          </Trackpoint>
          <Trackpoint>
            <Time>2026-09-08T10:16:21.000Z</Time>
            <Cadence>79</Cadence>
            <Extensions>
              <ext:TPX>
                <ext:Watts>72</ext:Watts>
              </ext:TPX>
            </Extensions>
          </Trackpoint>
          <Trackpoint>
            <Time>2026-09-08T10:16:22.000Z</Time>
            <Cadence>77</Cadence>
            <Extensions>
              <ext:TPX>
                <ext:Watts>71</ext:Watts>
              </ext:TPX>
            </Extensions>
          </Trackpoint>
          <Trackpoint>
            <Time>2026-09-08T10:16:23.000Z</Time>
            <Cadence>80</Cadence>
            <Extensions>
              <ext:TPX>
                <ext:Watts>71</ext:Watts>
              </ext:TPX>
            </Extensions>
          </Trackpoint>
          <Trackpoint>
            <Time>2026-09-08T10:16:24.000Z</Time>
            <Cadence>80</Cadence>
            <Extensions>
              <ext:TPX>
                <ext:Watts>71</ext:Watts>
              </ext:TPX>
            </Extensions>
          </Trackpoint>
          <Trackpoint>
            <Time>2026-09-08T10:16:25.000Z</Time>
            <Cadence>80</Cadence>
            <Extensions>
              <ext:TPX>
                <ext:Watts>71</ext:Watts>
              </ext:TPX>
            </Extensions>
          </Trackpoint>
          <Trackpoint>
            <Time>2026-09-08T10:16:26.000Z</Time>
            <Cadence>76</Cadence>
            <Extensions>
              <ext:TPX>
                <ext:Watts>72</ext:Watts>
              </ext:TPX>
            </Extensions>
          </Trackpoint>
          <Trackpoint>
            <Time>2026-09-08T10:16:27.000Z</Time>
            <Cadence>75</Cadence>
            <Extensions>
              <ext:TPX>
                <ext:Watts>72</ext:Watts>
              </ext:TPX>
            </Extensions>
          </Trackpoint>
          <Trackpoint>
            <Time>2026-09-08T10:16:28.000Z</Time>
            <Cadence>55</Cadence>
            <Extensions>
              <ext:TPX>
                <ext:Watts>73</ext:Watts>
              </ext:TPX>
            </Extensions>
          </Trackpoint>
          <Trackpoint>
            <Time>2026-09-08T10:16:29.000Z</Time>
            <Cadence>78</Cadence>
            <Extensions>
              <ext:TPX>
                <ext:Watts>73</ext:Watts>
              </ext:TPX>
            </Extensions>
          </Trackpoint>
          <Trackpoint>
            <Time>2026-09-08T10:16:30.000Z</Time>
            <Cadence>83</Cadence>
            <Extensions>
              <ext:TPX>
                <ext:Watts>73</ext:Watts>
              </ext:TPX>
            </Extensions>
          </Trackpoint>
          <Trackpoint>
            <Time>2026-09-08T10:16:31.000Z</Time>
            <Cadence>83</Cadence>
            <Extensions>
              <ext:TPX>
                <ext:Watts>73</ext:Watts>
              </ext:TPX>
            </Extensions>
          </Trackpoint>
          <Trackpoint>
            <Time>2026-09-08T10:16:32.000Z</Time>
            <Cadence>50</Cadence>
            <Extensions>
              <ext:TPX>
                <ext:Watts>72</ext:Watts>
              </ext:TPX>
            </Extensions>
          </Trackpoint>
          <Trackpoint>
            <Time>2026-09-08T10:16:33.000Z</Time>
            <Cadence>83</Cadence>
            <Extensions>
              <ext:TPX>
                <ext:Watts>72</ext:Watts>
              </ext:TPX>
            </Extensions>
          </Trackpoint>
          <Trackpoint>
            <Time>2026-09-08T10:16:34.000Z</Time>
            <Cadence>77</Cadence>
            <Extensions>
              <ext:TPX>
                <ext:Watts>72</ext:Watts>
              </ext:TPX>
            </Extensions>
          </Trackpoint>
          <Trackpoint>
            <Time>2026-09-08T10:16:35.000Z</Time>
            <Cadence>78</Cadence>
            <Extensions>
              <ext:TPX>
                <ext:Watts>73</ext:Watts>
              </ext:TPX>
            </Extensions>
          </Trackpoint>
          <Trackpoint>
            <Time>2026-09-08T10:16:36.000Z</Time>
            <Cadence>81</Cadence>
            <Extensions>
              <ext:TPX>
                <ext:Watts>73</ext:Watts>
              </ext:TPX>
            </Extensions>
          </Trackpoint>
          <Trackpoint>
            <Time>2026-09-08T10:16:37.000Z</Time>
            <Cadence>81</Cadence>
            <Extensions>
              <ext:TPX>
                <ext:Watts>73</ext:Watts>
              </ext:TPX>
            </Extensions>
          </Trackpoint>
          <Trackpoint>
            <Time>2026-09-08T10:16:38.000Z</Time>
            <Cadence>80</Cadence>
            <Extensions>
              <ext:TPX>
                <ext:Watts>73</ext:Watts>
              </ext:TPX>
            </Extensions>
          </Trackpoint>
          <Trackpoint>
            <Time>2026-09-08T10:16:39.000Z</Time>
            <Cadence>80</Cadence>
            <Extensions>
              <ext:TPX>
                <ext:Watts>72</ext:Watts>
              </ext:TPX>
            </Extensions>
          </Trackpoint>
          <Trackpoint>
            <Time>2026-09-08T10:16:40.000Z</Time>
            <Cadence>79</Cadence>
            <Extensions>
              <ext:TPX>
                <ext:Watts>72</ext:Watts>
              </ext:TPX>
            </Extensions>
          </Trackpoint>
          <Trackpoint>
            <Time>2026-09-08T10:16:41.000Z</Time>
            <Cadence>79</Cadence>
            <Extensions>
              <ext:TPX>
                <ext:Watts>72</ext:Watts>
              </ext:TPX>
            </Extensions>
          </Trackpoint>
          <Trackpoint>
            <Time>2026-09-08T10:16:42.000Z</Time>
            <Cadence>63</Cadence>
            <Extensions>
              <ext:TPX>
                <ext:Watts>73</ext:Watts>
              </ext:TPX>
            </Extensions>
          </Trackpoint>
          <Trackpoint>
            <Time>2026-09-08T10:16:43.000Z</Time>
            <Cadence>63</Cadence>
            <Extensions>
              <ext:TPX>
                <ext:Watts>73</ext:Watts>
              </ext:TPX>
            </Extensions>
          </Trackpoint>
          <Trackpoint>
            <Time>2026-09-08T10:16:44.000Z</Time>
            <Cadence>83</Cadence>
            <Extensions>
              <ext:TPX>
                <ext:Watts>73</ext:Watts>
              </ext:TPX>
            </Extensions>
          </Trackpoint>
          <Trackpoint>
            <Time>2026-09-08T10:16:45.000Z</Time>
            <Cadence>85</Cadence>
            <Extensions>
              <ext:TPX>
                <ext:Watts>70</ext:Watts>
              </ext:TPX>
            </Extensions>
          </Trackpoint>
          <Trackpoint>
            <Time>2026-09-08T10:16:46.000Z</Time>
            <Cadence>50</Cadence>
            <Extensions>
              <ext:TPX>
                <ext:Watts>70</ext:Watts>
              </ext:TPX>
            </Extensions>
          </Trackpoint>
          <Trackpoint>
            <Time>2026-09-08T10:16:47.000Z</Time>
            <Cadence>77</Cadence>
            <Extensions>
              <ext:TPX>
                <ext:Watts>70</ext:Watts>
              </ext:TPX>
            </Extensions>
          </Trackpoint>
          <Trackpoint>
            <Time>2026-09-08T10:16:48.000Z</Time>
            <Cadence>77</Cadence>
            <Extensions>
              <ext:TPX>
                <ext:Watts>68</ext:Watts>
              </ext:TPX>
            </Extensions>
          </Trackpoint>
          <Trackpoint>
            <Time>2026-09-08T10:16:49.000Z</Time>
            <Cadence>77</Cadence>
            <Extensions>
              <ext:TPX>
                <ext:Watts>68</ext:Watts>
              </ext:TPX>
            </Extensions>
          </Trackpoint>
          <Trackpoint>
            <Time>2026-09-08T10:16:50.000Z</Time>
            <Cadence>75</Cadence>
            <Extensions>
              <ext:TPX>
                <ext:Watts>66</ext:Watts>
              </ext:TPX>
            </Extensions>
          </Trackpoint>
          <Trackpoint>
            <Time>2026-09-08T10:16:51.000Z</Time>
            <Cadence>75</Cadence>
            <Extensions>
              <ext:TPX>
                <ext:Watts>66</ext:Watts>
              </ext:TPX>
            </Extensions>
          </Trackpoint>
          <Trackpoint>
            <Time>2026-09-08T10:16:52.000Z</Time>
            <Cadence>76</Cadence>
            <Extensions>
              <ext:TPX>
                <ext:Watts>67</ext:Watts>
              </ext:TPX>
            </Extensions>
          </Trackpoint>
          <Trackpoint>
            <Time>2026-09-08T10:16:53.000Z</Time>
            <Cadence>75</Cadence>
            <Extensions>
              <ext:TPX>
                <ext:Watts>67</ext:Watts>
              </ext:TPX>
            </Extensions>
          </Trackpoint>
          <Trackpoint>
            <Time>2026-09-08T10:16:54.000Z</Time>
            <Cadence>75</Cadence>
            <Extensions>
              <ext:TPX>
                <ext:Watts>67</ext:Watts>
              </ext:TPX>
            </Extensions>
          </Trackpoint>
          <Trackpoint>
            <Time>2026-09-08T10:16:55.000Z</Time>
            <Cadence>75</Cadence>
            <Extensions>
              <ext:TPX>
                <ext:Watts>67</ext:Watts>
              </ext:TPX>
            </Extensions>
          </Trackpoint>
          <Trackpoint>
            <Time>2026-09-08T10:16:56.000Z</Time>
            <Cadence>67</Cadence>
            <Extensions>
              <ext:TPX>
                <ext:Watts>66</ext:Watts>
              </ext:TPX>
            </Extensions>
          </Trackpoint>
          <Trackpoint>
            <Time>2026-09-08T10:16:57.000Z</Time>
            <Cadence>79</Cadence>
            <Extensions>
              <ext:TPX>
                <ext:Watts>74</ext:Watts>
              </ext:TPX>
            </Extensions>
          </Trackpoint>
          <Trackpoint>
            <Time>2026-09-08T10:16:58.000Z</Time>
            <Cadence>52</Cadence>
            <Extensions>
              <ext:TPX>
                <ext:Watts>74</ext:Watts>
              </ext:TPX>
            </Extensions>
          </Trackpoint>
          <Trackpoint>
            <Time>2026-09-08T10:16:59.000Z</Time>
            <Cadence>52</Cadence>
            <Extensions>
              <ext:TPX>
                <ext:Watts>74</ext:Watts>
              </ext:TPX>
            </Extensions>
          </Trackpoint>
          <Trackpoint>
            <Time>2026-09-08T10:17:00.000Z</Time>
            <Cadence>52</Cadence>
            <Extensions>
              <ext:TPX>
                <ext:Watts>74</ext:Watts>
              </ext:TPX>
            </Extensions>
          </Trackpoint>
          <Trackpoint>
            <Time>2026-09-08T10:17:01.000Z</Time>
            <Cadence>52</Cadence>
            <Extensions>
              <ext:TPX>
                <ext:Watts>74</ext:Watts>
              </ext:TPX>
            </Extensions>
          </Trackpoint>
          <Trackpoint>
            <Time>2026-09-08T10:17:02.000Z</Time>
            <Cadence>81</Cadence>
            <Extensions>
              <ext:TPX>
                <ext:Watts>73</ext:Watts>
              </ext:TPX>
            </Extensions>
          </Trackpoint>
          <Trackpoint>
            <Time>2026-09-08T10:17:03.000Z</Time>
            <Cadence>79</Cadence>
            <Extensions>
              <ext:TPX>
                <ext:Watts>73</ext:Watts>
              </ext:TPX>
            </Extensions>
          </Trackpoint>
          <Trackpoint>
            <Time>2026-09-08T10:17:04.000Z</Time>
            <Cadence>80</Cadence>
            <Extensions>
              <ext:TPX>
                <ext:Watts>73</ext:Watts>
              </ext:TPX>
            </Extensions>
          </Trackpoint>
          <Trackpoint>
            <Time>2026-09-08T10:17:05.000Z</Time>
            <Cadence>80</Cadence>
            <Extensions>
              <ext:TPX>
                <ext:Watts>73</ext:Watts>
              </ext:TPX>
            </Extensions>
          </Trackpoint>
          <Trackpoint>
            <Time>2026-09-08T10:17:06.000Z</Time>
            <Cadence>79</Cadence>
            <Extensions>
              <ext:TPX>
                <ext:Watts>73</ext:Watts>
              </ext:TPX>
            </Extensions>
          </Trackpoint>
          <Trackpoint>
            <Time>2026-09-08T10:17:07.000Z</Time>
            <Cadence>79</Cadence>
            <Extensions>
              <ext:TPX>
                <ext:Watts>73</ext:Watts>
              </ext:TPX>
            </Extensions>
          </Trackpoint>
          <Trackpoint>
            <Time>2026-09-08T10:17:08.000Z</Time>
            <Cadence>79</Cadence>
            <Extensions>
              <ext:TPX>
                <ext:Watts>73</ext:Watts>
              </ext:TPX>
            </Extensions>
          </Trackpoint>
          <Trackpoint>
            <Time>2026-09-08T10:17:09.000Z</Time>
            <Cadence>81</Cadence>
            <Extensions>
              <ext:TPX>
                <ext:Watts>74</ext:Watts>
              </ext:TPX>
            </Extensions>
          </Trackpoint>
          <Trackpoint>
            <Time>2026-09-08T10:17:10.000Z</Time>
            <Cadence>81</Cadence>
            <Extensions>
              <ext:TPX>
                <ext:Watts>74</ext:Watts>
              </ext:TPX>
            </Extensions>
          </Trackpoint>
          <Trackpoint>
            <Time>2026-09-08T10:17:11.000Z</Time>
            <Cadence>79</Cadence>
            <Extensions>
              <ext:TPX>
                <ext:Watts>74</ext:Watts>
              </ext:TPX>
            </Extensions>
          </Trackpoint>
          <Trackpoint>
            <Time>2026-09-08T10:17:12.000Z</Time>
            <Cadence>79</Cadence>
            <Extensions>
              <ext:TPX>
                <ext:Watts>73</ext:Watts>
              </ext:TPX>
            </Extensions>
          </Trackpoint>
          <Trackpoint>
            <Time>2026-09-08T10:17:13.000Z</Time>
            <Cadence>79</Cadence>
            <Extensions>
              <ext:TPX>
                <ext:Watts>73</ext:Watts>
              </ext:TPX>
            </Extensions>
          </Trackpoint>
          <Trackpoint>
            <Time>2026-09-08T10:17:14.000Z</Time>
            <Cadence>82</Cadence>
            <Extensions>
              <ext:TPX>
                <ext:Watts>73</ext:Watts>
              </ext:TPX>
            </Extensions>
          </Trackpoint>
          <Trackpoint>
            <Time>2026-09-08T10:17:15.000Z</Time>
            <Cadence>78</Cadence>
            <Extensions>
              <ext:TPX>
                <ext:Watts>74</ext:Watts>
              </ext:TPX>
            </Extensions>
          </Trackpoint>
          <Trackpoint>
            <Time>2026-09-08T10:17:16.000Z</Time>
            <Cadence>54</Cadence>
            <Extensions>
              <ext:TPX>
                <ext:Watts>76</ext:Watts>
              </ext:TPX>
            </Extensions>
          </Trackpoint>
          <Trackpoint>
            <Time>2026-09-08T10:17:17.000Z</Time>
            <Cadence>80</Cadence>
            <Extensions>
              <ext:TPX>
                <ext:Watts>75</ext:Watts>
              </ext:TPX>
            </Extensions>
          </Trackpoint>
          <Trackpoint>
            <Time>2026-09-08T10:17:18.000Z</Time>
            <Cadence>83</Cadence>
            <Extensions>
              <ext:TPX>
                <ext:Watts>74</ext:Watts>
              </ext:TPX>
            </Extensions>
          </Trackpoint>
          <Trackpoint>
            <Time>2026-09-08T10:17:19.000Z</Time>
            <Cadence>83</Cadence>
            <Extensions>
              <ext:TPX>
                <ext:Watts>74</ext:Watts>
              </ext:TPX>
            </Extensions>
          </Trackpoint>
          <Trackpoint>
            <Time>2026-09-08T10:17:20.000Z</Time>
            <Cadence>75</Cadence>
            <Extensions>
              <ext:TPX>
                <ext:Watts>74</ext:Watts>
              </ext:TPX>
            </Extensions>
          </Trackpoint>
          <Trackpoint>
            <Time>2026-09-08T10:17:21.000Z</Time>
            <Cadence>75</Cadence>
            <Extensions>
              <ext:TPX>
                <ext:Watts>75</ext:Watts>
              </ext:TPX>
            </Extensions>
          </Trackpoint>
          <Trackpoint>
            <Time>2026-09-08T10:17:22.000Z</Time>
            <Cadence>85</Cadence>
            <Extensions>
              <ext:TPX>
                <ext:Watts>74</ext:Watts>
              </ext:TPX>
            </Extensions>
          </Trackpoint>
          <Trackpoint>
            <Time>2026-09-08T10:17:23.000Z</Time>
            <Cadence>75</Cadence>
            <Extensions>
              <ext:TPX>
                <ext:Watts>75</ext:Watts>
              </ext:TPX>
            </Extensions>
          </Trackpoint>
          <Trackpoint>
            <Time>2026-09-08T10:17:24.000Z</Time>
            <Cadence>84</Cadence>
            <Extensions>
              <ext:TPX>
                <ext:Watts>75</ext:Watts>
              </ext:TPX>
            </Extensions>
          </Trackpoint>
          <Trackpoint>
            <Time>2026-09-08T10:17:25.000Z</Time>
            <Cadence>84</Cadence>
            <Extensions>
              <ext:TPX>
                <ext:Watts>75</ext:Watts>
              </ext:TPX>
            </Extensions>
          </Trackpoint>
          <Trackpoint>
            <Time>2026-09-08T10:17:26.000Z</Time>
            <Cadence>82</Cadence>
            <Extensions>
              <ext:TPX>
                <ext:Watts>76</ext:Watts>
              </ext:TPX>
            </Extensions>
          </Trackpoint>
          <Trackpoint>
            <Time>2026-09-08T10:17:27.000Z</Time>
            <Cadence>82</Cadence>
            <Extensions>
              <ext:TPX>
                <ext:Watts>75</ext:Watts>
              </ext:TPX>
            </Extensions>
          </Trackpoint>
          <Trackpoint>
            <Time>2026-09-08T10:17:28.000Z</Time>
            <Cadence>89</Cadence>
            <Extensions>
              <ext:TPX>
                <ext:Watts>74</ext:Watts>
              </ext:TPX>
            </Extensions>
          </Trackpoint>
          <Trackpoint>
            <Time>2026-09-08T10:17:29.000Z</Time>
            <Cadence>71</Cadence>
            <Extensions>
              <ext:TPX>
                <ext:Watts>74</ext:Watts>
              </ext:TPX>
            </Extensions>
          </Trackpoint>
          <Trackpoint>
            <Time>2026-09-08T10:17:30.000Z</Time>
            <Cadence>82</Cadence>
            <Extensions>
              <ext:TPX>
                <ext:Watts>74</ext:Watts>
              </ext:TPX>
            </Extensions>
          </Trackpoint>
          <Trackpoint>
            <Time>2026-09-08T10:17:31.000Z</Time>
            <Cadence>82</Cadence>
            <Extensions>
              <ext:TPX>
                <ext:Watts>74</ext:Watts>
              </ext:TPX>
            </Extensions>
          </Trackpoint>
          <Trackpoint>
            <Time>2026-09-08T10:17:32.000Z</Time>
            <Cadence>82</Cadence>
            <Extensions>
              <ext:TPX>
                <ext:Watts>74</ext:Watts>
              </ext:TPX>
            </Extensions>
          </Trackpoint>
          <Trackpoint>
            <Time>2026-09-08T10:17:33.000Z</Time>
            <Cadence>82</Cadence>
            <Extensions>
              <ext:TPX>
                <ext:Watts>74</ext:Watts>
              </ext:TPX>
            </Extensions>
          </Trackpoint>
          <Trackpoint>
            <Time>2026-09-08T10:17:34.000Z</Time>
            <Cadence>78</Cadence>
            <Extensions>
              <ext:TPX>
                <ext:Watts>75</ext:Watts>
              </ext:TPX>
            </Extensions>
          </Trackpoint>
          <Trackpoint>
            <Time>2026-09-08T10:17:35.000Z</Time>
            <Cadence>78</Cadence>
            <Extensions>
              <ext:TPX>
                <ext:Watts>75</ext:Watts>
              </ext:TPX>
            </Extensions>
          </Trackpoint>
          <Trackpoint>
            <Time>2026-09-08T10:17:36.000Z</Time>
            <Cadence>81</Cadence>
            <Extensions>
              <ext:TPX>
                <ext:Watts>74</ext:Watts>
              </ext:TPX>
            </Extensions>
          </Trackpoint>
          <Trackpoint>
            <Time>2026-09-08T10:17:37.000Z</Time>
            <Cadence>81</Cadence>
            <Extensions>
              <ext:TPX>
                <ext:Watts>74</ext:Watts>
              </ext:TPX>
            </Extensions>
          </Trackpoint>
          <Trackpoint>
            <Time>2026-09-08T10:17:38.000Z</Time>
            <Cadence>81</Cadence>
            <Extensions>
              <ext:TPX>
                <ext:Watts>74</ext:Watts>
              </ext:TPX>
            </Extensions>
          </Trackpoint>
          <Trackpoint>
            <Time>2026-09-08T10:17:39.000Z</Time>
            <Cadence>76</Cadence>
            <Extensions>
              <ext:TPX>
                <ext:Watts>73</ext:Watts>
              </ext:TPX>
            </Extensions>
          </Trackpoint>
          <Trackpoint>
            <Time>2026-09-08T10:17:40.000Z</Time>
            <Cadence>79</Cadence>
            <Extensions>
              <ext:TPX>
                <ext:Watts>73</ext:Watts>
              </ext:TPX>
            </Extensions>
          </Trackpoint>
          <Trackpoint>
            <Time>2026-09-08T10:17:41.000Z</Time>
            <Cadence>81</Cadence>
            <Extensions>
              <ext:TPX>
                <ext:Watts>74</ext:Watts>
              </ext:TPX>
            </Extensions>
          </Trackpoint>
          <Trackpoint>
            <Time>2026-09-08T10:17:42.000Z</Time>
            <Cadence>79</Cadence>
            <Extensions>
              <ext:TPX>
                <ext:Watts>74</ext:Watts>
              </ext:TPX>
            </Extensions>
          </Trackpoint>
          <Trackpoint>
            <Time>2026-09-08T10:17:43.000Z</Time>
            <Cadence>79</Cadence>
            <Extensions>
              <ext:TPX>
                <ext:Watts>74</ext:Watts>
              </ext:TPX>
            </Extensions>
          </Trackpoint>
          <Trackpoint>
            <Time>2026-09-08T10:17:44.000Z</Time>
            <Cadence>79</Cadence>
            <Extensions>
              <ext:TPX>
                <ext:Watts>74</ext:Watts>
              </ext:TPX>
            </Extensions>
          </Trackpoint>
          <Trackpoint>
            <Time>2026-09-08T10:17:45.000Z</Time>
            <Cadence>81</Cadence>
            <Extensions>
              <ext:TPX>
                <ext:Watts>73</ext:Watts>
              </ext:TPX>
            </Extensions>
          </Trackpoint>
          <Trackpoint>
            <Time>2026-09-08T10:17:46.000Z</Time>
            <Cadence>78</Cadence>
            <Extensions>
              <ext:TPX>
                <ext:Watts>73</ext:Watts>
              </ext:TPX>
            </Extensions>
          </Trackpoint>
          <Trackpoint>
            <Time>2026-09-08T10:17:47.000Z</Time>
            <Cadence>76</Cadence>
            <Extensions>
              <ext:TPX>
                <ext:Watts>73</ext:Watts>
              </ext:TPX>
            </Extensions>
          </Trackpoint>
          <Trackpoint>
            <Time>2026-09-08T10:17:48.000Z</Time>
            <Cadence>80</Cadence>
            <Extensions>
              <ext:TPX>
                <ext:Watts>73</ext:Watts>
              </ext:TPX>
            </Extensions>
          </Trackpoint>
          <Trackpoint>
            <Time>2026-09-08T10:17:49.000Z</Time>
            <Cadence>80</Cadence>
            <Extensions>
              <ext:TPX>
                <ext:Watts>73</ext:Watts>
              </ext:TPX>
            </Extensions>
          </Trackpoint>
          <Trackpoint>
            <Time>2026-09-08T10:17:50.000Z</Time>
            <Cadence>82</Cadence>
            <Extensions>
              <ext:TPX>
                <ext:Watts>73</ext:Watts>
              </ext:TPX>
            </Extensions>
          </Trackpoint>
          <Trackpoint>
            <Time>2026-09-08T10:17:51.000Z</Time>
            <Cadence>80</Cadence>
            <Extensions>
              <ext:TPX>
                <ext:Watts>73</ext:Watts>
              </ext:TPX>
            </Extensions>
          </Trackpoint>
          <Trackpoint>
            <Time>2026-09-08T10:17:52.000Z</Time>
            <Cadence>80</Cadence>
            <Extensions>
              <ext:TPX>
                <ext:Watts>73</ext:Watts>
              </ext:TPX>
            </Extensions>
          </Trackpoint>
          <Trackpoint>
            <Time>2026-09-08T10:17:53.000Z</Time>
            <Cadence>80</Cadence>
            <Extensions>
              <ext:TPX>
                <ext:Watts>73</ext:Watts>
              </ext:TPX>
            </Extensions>
          </Trackpoint>
          <Trackpoint>
            <Time>2026-09-08T10:17:54.000Z</Time>
            <Cadence>78</Cadence>
            <Extensions>
              <ext:TPX>
                <ext:Watts>72</ext:Watts>
              </ext:TPX>
            </Extensions>
          </Trackpoint>
          <Trackpoint>
            <Time>2026-09-08T10:17:55.000Z</Time>
            <Cadence>78</Cadence>
            <Extensions>
              <ext:TPX>
                <ext:Watts>72</ext:Watts>
              </ext:TPX>
            </Extensions>
          </Trackpoint>
          <Trackpoint>
            <Time>2026-09-08T10:17:56.000Z</Time>
            <Cadence>83</Cadence>
            <Extensions>
              <ext:TPX>
                <ext:Watts>72</ext:Watts>
              </ext:TPX>
            </Extensions>
          </Trackpoint>
          <Trackpoint>
            <Time>2026-09-08T10:17:57.000Z</Time>
            <Cadence>80</Cadence>
            <Extensions>
              <ext:TPX>
                <ext:Watts>72</ext:Watts>
              </ext:TPX>
            </Extensions>
          </Trackpoint>
          <Trackpoint>
            <Time>2026-09-08T10:17:58.000Z</Time>
            <Cadence>80</Cadence>
            <Extensions>
              <ext:TPX>
                <ext:Watts>72</ext:Watts>
              </ext:TPX>
            </Extensions>
          </Trackpoint>
          <Trackpoint>
            <Time>2026-09-08T10:17:59.000Z</Time>
            <Cadence>76</Cadence>
            <Extensions>
              <ext:TPX>
                <ext:Watts>72</ext:Watts>
              </ext:TPX>
            </Extensions>
          </Trackpoint>
          <Trackpoint>
            <Time>2026-09-08T10:18:00.000Z</Time>
            <Cadence>75</Cadence>
            <Extensions>
              <ext:TPX>
                <ext:Watts>73</ext:Watts>
              </ext:TPX>
            </Extensions>
          </Trackpoint>
          <Trackpoint>
            <Time>2026-09-08T10:18:01.000Z</Time>
            <Cadence>75</Cadence>
            <Extensions>
              <ext:TPX>
                <ext:Watts>73</ext:Watts>
              </ext:TPX>
            </Extensions>
          </Trackpoint>
          <Trackpoint>
            <Time>2026-09-08T10:18:02.000Z</Time>
            <Cadence>75</Cadence>
            <Extensions>
              <ext:TPX>
                <ext:Watts>73</ext:Watts>
              </ext:TPX>
            </Extensions>
          </Trackpoint>
          <Trackpoint>
            <Time>2026-09-08T10:18:03.000Z</Time>
            <Cadence>80</Cadence>
            <Extensions>
              <ext:TPX>
                <ext:Watts>74</ext:Watts>
              </ext:TPX>
            </Extensions>
          </Trackpoint>
          <Trackpoint>
            <Time>2026-09-08T10:18:04.000Z</Time>
            <Cadence>80</Cadence>
            <Extensions>
              <ext:TPX>
                <ext:Watts>75</ext:Watts>
              </ext:TPX>
            </Extensions>
          </Trackpoint>
          <Trackpoint>
            <Time>2026-09-08T10:18:05.000Z</Time>
            <Cadence>80</Cadence>
            <Extensions>
              <ext:TPX>
                <ext:Watts>75</ext:Watts>
              </ext:TPX>
            </Extensions>
          </Trackpoint>
          <Trackpoint>
            <Time>2026-09-08T10:18:06.000Z</Time>
            <Cadence>80</Cadence>
            <Extensions>
              <ext:TPX>
                <ext:Watts>74</ext:Watts>
              </ext:TPX>
            </Extensions>
          </Trackpoint>
          <Trackpoint>
            <Time>2026-09-08T10:18:07.000Z</Time>
            <Cadence>80</Cadence>
            <Extensions>
              <ext:TPX>
                <ext:Watts>74</ext:Watts>
              </ext:TPX>
            </Extensions>
          </Trackpoint>
          <Trackpoint>
            <Time>2026-09-08T10:18:08.000Z</Time>
            <Cadence>78</Cadence>
            <Extensions>
              <ext:TPX>
                <ext:Watts>72</ext:Watts>
              </ext:TPX>
            </Extensions>
          </Trackpoint>
          <Trackpoint>
            <Time>2026-09-08T10:18:09.000Z</Time>
            <Cadence>79</Cadence>
            <Extensions>
              <ext:TPX>
                <ext:Watts>72</ext:Watts>
              </ext:TPX>
            </Extensions>
          </Trackpoint>
          <Trackpoint>
            <Time>2026-09-08T10:18:10.000Z</Time>
            <Cadence>78</Cadence>
            <Extensions>
              <ext:TPX>
                <ext:Watts>73</ext:Watts>
              </ext:TPX>
            </Extensions>
          </Trackpoint>
          <Trackpoint>
            <Time>2026-09-08T10:18:11.000Z</Time>
            <Cadence>78</Cadence>
            <Extensions>
              <ext:TPX>
                <ext:Watts>73</ext:Watts>
              </ext:TPX>
            </Extensions>
          </Trackpoint>
          <Trackpoint>
            <Time>2026-09-08T10:18:12.000Z</Time>
            <Cadence>78</Cadence>
            <Extensions>
              <ext:TPX>
                <ext:Watts>74</ext:Watts>
              </ext:TPX>
            </Extensions>
          </Trackpoint>
          <Trackpoint>
            <Time>2026-09-08T10:18:13.000Z</Time>
            <Cadence>78</Cadence>
            <Extensions>
              <ext:TPX>
                <ext:Watts>74</ext:Watts>
              </ext:TPX>
            </Extensions>
          </Trackpoint>
          <Trackpoint>
            <Time>2026-09-08T10:18:14.000Z</Time>
            <Cadence>81</Cadence>
            <Extensions>
              <ext:TPX>
                <ext:Watts>74</ext:Watts>
              </ext:TPX>
            </Extensions>
          </Trackpoint>
          <Trackpoint>
            <Time>2026-09-08T10:18:15.000Z</Time>
            <Cadence>79</Cadence>
            <Extensions>
              <ext:TPX>
                <ext:Watts>74</ext:Watts>
              </ext:TPX>
            </Extensions>
          </Trackpoint>
          <Trackpoint>
            <Time>2026-09-08T10:18:16.000Z</Time>
            <Cadence>79</Cadence>
            <Extensions>
              <ext:TPX>
                <ext:Watts>74</ext:Watts>
              </ext:TPX>
            </Extensions>
          </Trackpoint>
          <Trackpoint>
            <Time>2026-09-08T10:18:17.000Z</Time>
            <Cadence>85</Cadence>
            <Extensions>
              <ext:TPX>
                <ext:Watts>76</ext:Watts>
              </ext:TPX>
            </Extensions>
          </Trackpoint>
          <Trackpoint>
            <Time>2026-09-08T10:18:18.000Z</Time>
            <Cadence>80</Cadence>
            <Extensions>
              <ext:TPX>
                <ext:Watts>73</ext:Watts>
              </ext:TPX>
            </Extensions>
          </Trackpoint>
          <Trackpoint>
            <Time>2026-09-08T10:18:19.000Z</Time>
            <Cadence>80</Cadence>
            <Extensions>
              <ext:TPX>
                <ext:Watts>73</ext:Watts>
              </ext:TPX>
            </Extensions>
          </Trackpoint>
          <Trackpoint>
            <Time>2026-09-08T10:18:20.000Z</Time>
            <Cadence>82</Cadence>
            <Extensions>
              <ext:TPX>
                <ext:Watts>73</ext:Watts>
              </ext:TPX>
            </Extensions>
          </Trackpoint>
          <Trackpoint>
            <Time>2026-09-08T10:18:21.000Z</Time>
            <Cadence>75</Cadence>
            <Extensions>
              <ext:TPX>
                <ext:Watts>73</ext:Watts>
              </ext:TPX>
            </Extensions>
          </Trackpoint>
          <Trackpoint>
            <Time>2026-09-08T10:18:22.000Z</Time>
            <Cadence>78</Cadence>
            <Extensions>
              <ext:TPX>
                <ext:Watts>73</ext:Watts>
              </ext:TPX>
            </Extensions>
          </Trackpoint>
          <Trackpoint>
            <Time>2026-09-08T10:18:23.000Z</Time>
            <Cadence>83</Cadence>
            <Extensions>
              <ext:TPX>
                <ext:Watts>73</ext:Watts>
              </ext:TPX>
            </Extensions>
          </Trackpoint>
          <Trackpoint>
            <Time>2026-09-08T10:18:24.000Z</Time>
            <Cadence>75</Cadence>
            <Extensions>
              <ext:TPX>
                <ext:Watts>74</ext:Watts>
              </ext:TPX>
            </Extensions>
          </Trackpoint>
          <Trackpoint>
            <Time>2026-09-08T10:18:25.000Z</Time>
            <Cadence>75</Cadence>
            <Extensions>
              <ext:TPX>
                <ext:Watts>74</ext:Watts>
              </ext:TPX>
            </Extensions>
          </Trackpoint>
          <Trackpoint>
            <Time>2026-09-08T10:18:26.000Z</Time>
            <Cadence>81</Cadence>
            <Extensions>
              <ext:TPX>
                <ext:Watts>74</ext:Watts>
              </ext:TPX>
            </Extensions>
          </Trackpoint>
          <Trackpoint>
            <Time>2026-09-08T10:18:27.000Z</Time>
            <Cadence>79</Cadence>
            <Extensions>
              <ext:TPX>
                <ext:Watts>73</ext:Watts>
              </ext:TPX>
            </Extensions>
          </Trackpoint>
          <Trackpoint>
            <Time>2026-09-08T10:18:28.000Z</Time>
            <Cadence>79</Cadence>
            <Extensions>
              <ext:TPX>
                <ext:Watts>73</ext:Watts>
              </ext:TPX>
            </Extensions>
          </Trackpoint>
          <Trackpoint>
            <Time>2026-09-08T10:18:29.000Z</Time>
            <Cadence>80</Cadence>
            <Extensions>
              <ext:TPX>
                <ext:Watts>73</ext:Watts>
              </ext:TPX>
            </Extensions>
          </Trackpoint>
          <Trackpoint>
            <Time>2026-09-08T10:18:30.000Z</Time>
            <Cadence>80</Cadence>
            <Extensions>
              <ext:TPX>
                <ext:Watts>73</ext:Watts>
              </ext:TPX>
            </Extensions>
          </Trackpoint>
          <Trackpoint>
            <Time>2026-09-08T10:18:31.000Z</Time>
            <Cadence>80</Cadence>
            <Extensions>
              <ext:TPX>
                <ext:Watts>73</ext:Watts>
              </ext:TPX>
            </Extensions>
          </Trackpoint>
          <Trackpoint>
            <Time>2026-09-08T10:18:32.000Z</Time>
            <Cadence>81</Cadence>
            <Extensions>
              <ext:TPX>
                <ext:Watts>73</ext:Watts>
              </ext:TPX>
            </Extensions>
          </Trackpoint>
          <Trackpoint>
            <Time>2026-09-08T10:18:33.000Z</Time>
            <Cadence>81</Cadence>
            <Extensions>
              <ext:TPX>
                <ext:Watts>73</ext:Watts>
              </ext:TPX>
            </Extensions>
          </Trackpoint>
          <Trackpoint>
            <Time>2026-09-08T10:18:34.000Z</Time>
            <Cadence>50</Cadence>
            <Extensions>
              <ext:TPX>
                <ext:Watts>71</ext:Watts>
              </ext:TPX>
            </Extensions>
          </Trackpoint>
          <Trackpoint>
            <Time>2026-09-08T10:18:35.000Z</Time>
            <Cadence>73</Cadence>
            <Extensions>
              <ext:TPX>
                <ext:Watts>78</ext:Watts>
              </ext:TPX>
            </Extensions>
          </Trackpoint>
          <Trackpoint>
            <Time>2026-09-08T10:18:36.000Z</Time>
            <Cadence>80</Cadence>
            <Extensions>
              <ext:TPX>
                <ext:Watts>80</ext:Watts>
              </ext:TPX>
            </Extensions>
          </Trackpoint>
          <Trackpoint>
            <Time>2026-09-08T10:18:37.000Z</Time>
            <Cadence>80</Cadence>
            <Extensions>
              <ext:TPX>
                <ext:Watts>80</ext:Watts>
              </ext:TPX>
            </Extensions>
          </Trackpoint>
          <Trackpoint>
            <Time>2026-09-08T10:18:38.000Z</Time>
            <Cadence>80</Cadence>
            <Extensions>
              <ext:TPX>
                <ext:Watts>80</ext:Watts>
              </ext:TPX>
            </Extensions>
          </Trackpoint>
          <Trackpoint>
            <Time>2026-09-08T10:18:39.000Z</Time>
            <Cadence>80</Cadence>
            <Extensions>
              <ext:TPX>
                <ext:Watts>54</ext:Watts>
              </ext:TPX>
            </Extensions>
          </Trackpoint>
          <Trackpoint>
            <Time>2026-09-08T10:18:40.000Z</Time>
            <Cadence>80</Cadence>
            <Extensions>
              <ext:TPX>
                <ext:Watts>55</ext:Watts>
              </ext:TPX>
            </Extensions>
          </Trackpoint>
          <Trackpoint>
            <Time>2026-09-08T10:18:41.000Z</Time>
            <Cadence>80</Cadence>
            <Extensions>
              <ext:TPX>
                <ext:Watts>55</ext:Watts>
              </ext:TPX>
            </Extensions>
          </Trackpoint>
          <Trackpoint>
            <Time>2026-09-08T10:18:42.000Z</Time>
            <Cadence>14</Cadence>
            <Extensions>
              <ext:TPX>
                <ext:Watts>45</ext:Watts>
              </ext:TPX>
            </Extensions>
          </Trackpoint>
          <Trackpoint>
            <Time>2026-09-08T10:18:43.000Z</Time>
            <Cadence>14</Cadence>
            <Extensions>
              <ext:TPX>
                <ext:Watts>45</ext:Watts>
              </ext:TPX>
            </Extensions>
          </Trackpoint>
          <Trackpoint>
            <Time>2026-09-08T10:18:44.000Z</Time>
            <Cadence>14</Cadence>
            <Extensions>
              <ext:TPX>
                <ext:Watts>27</ext:Watts>
              </ext:TPX>
            </Extensions>
          </Trackpoint>
          <Trackpoint>
            <Time>2026-09-08T10:18:45.000Z</Time>
            <Cadence>14</Cadence>
            <Extensions>
              <ext:TPX>
                <ext:Watts>18</ext:Watts>
              </ext:TPX>
            </Extensions>
          </Trackpoint>
          <Trackpoint>
            <Time>2026-09-08T10:18:46.000Z</Time>
            <Cadence>14</Cadence>
            <Extensions>
              <ext:TPX>
                <ext:Watts>18</ext:Watts>
              </ext:TPX>
            </Extensions>
          </Trackpoint>
          <Trackpoint>
            <Time>2026-09-08T10:18:47.000Z</Time>
            <Cadence>14</Cadence>
            <Extensions>
              <ext:TPX>
                <ext:Watts>5</ext:Watts>
              </ext:TPX>
            </Extensions>
          </Trackpoint>
          <Trackpoint>
            <Time>2026-09-08T10:18:48.000Z</Time>
            <Cadence>14</Cadence>
            <Extensions>
              <ext:TPX>
                <ext:Watts>1</ext:Watts>
              </ext:TPX>
            </Extensions>
          </Trackpoint>
          <Trackpoint>
            <Time>2026-09-08T10:18:49.000Z</Time>
            <Cadence>14</Cadence>
            <Extensions>
              <ext:TPX>
                <ext:Watts>1</ext:Watts>
              </ext:TPX>
            </Extensions>
          </Trackpoint>
          <Trackpoint>
            <Time>2026-09-08T10:18:50.000Z</Time>
            <Cadence>14</Cadence>
            <Extensions>
              <ext:TPX>
                <ext:Watts>1</ext:Watts>
              </ext:TPX>
            </Extensions>
          </Trackpoint>
          <Trackpoint>
            <Time>2026-09-08T10:18:51.000Z</Time>
            <Cadence>14</Cadence>
            <Extensions>
              <ext:TPX>
                <ext:Watts>38</ext:Watts>
              </ext:TPX>
            </Extensions>
          </Trackpoint>
          <Trackpoint>
            <Time>2026-09-08T10:18:52.000Z</Time>
            <Cadence>14</Cadence>
            <Extensions>
              <ext:TPX>
                <ext:Watts>51</ext:Watts>
              </ext:TPX>
            </Extensions>
          </Trackpoint>
          <Trackpoint>
            <Time>2026-09-08T10:18:53.000Z</Time>
            <Cadence>9</Cadence>
            <Extensions>
              <ext:TPX>
                <ext:Watts>57</ext:Watts>
              </ext:TPX>
            </Extensions>
          </Trackpoint>
          <Trackpoint>
            <Time>2026-09-08T10:18:54.000Z</Time>
            <Cadence>9</Cadence>
            <Extensions>
              <ext:TPX>
                <ext:Watts>57</ext:Watts>
              </ext:TPX>
            </Extensions>
          </Trackpoint>
          <Trackpoint>
            <Time>2026-09-08T10:18:55.000Z</Time>
            <Cadence>9</Cadence>
            <Extensions>
              <ext:TPX>
                <ext:Watts>57</ext:Watts>
              </ext:TPX>
            </Extensions>
          </Trackpoint>
          <Trackpoint>
            <Time>2026-09-08T10:18:56.000Z</Time>
            <Cadence>79</Cadence>
            <Extensions>
              <ext:TPX>
                <ext:Watts>65</ext:Watts>
              </ext:TPX>
            </Extensions>
          </Trackpoint>
          <Trackpoint>
            <Time>2026-09-08T10:18:57.000Z</Time>
            <Cadence>75</Cadence>
            <Extensions>
              <ext:TPX>
                <ext:Watts>68</ext:Watts>
              </ext:TPX>
            </Extensions>
          </Trackpoint>
          <Trackpoint>
            <Time>2026-09-08T10:18:58.000Z</Time>
            <Cadence>76</Cadence>
            <Extensions>
              <ext:TPX>
                <ext:Watts>68</ext:Watts>
              </ext:TPX>
            </Extensions>
          </Trackpoint>
          <Trackpoint>
            <Time>2026-09-08T10:18:59.000Z</Time>
            <Cadence>76</Cadence>
            <Extensions>
              <ext:TPX>
                <ext:Watts>68</ext:Watts>
              </ext:TPX>
            </Extensions>
          </Trackpoint>
          <Trackpoint>
            <Time>2026-09-08T10:19:00.000Z</Time>
            <Cadence>76</Cadence>
            <Extensions>
              <ext:TPX>
                <ext:Watts>66</ext:Watts>
              </ext:TPX>
            </Extensions>
          </Trackpoint>
          <Trackpoint>
            <Time>2026-09-08T10:19:01.000Z</Time>
            <Cadence>76</Cadence>
            <Extensions>
              <ext:TPX>
                <ext:Watts>66</ext:Watts>
              </ext:TPX>
            </Extensions>
          </Trackpoint>
          <Trackpoint>
            <Time>2026-09-08T10:19:02.000Z</Time>
            <Cadence>75</Cadence>
            <Extensions>
              <ext:TPX>
                <ext:Watts>67</ext:Watts>
              </ext:TPX>
            </Extensions>
          </Trackpoint>
          <Trackpoint>
            <Time>2026-09-08T10:19:03.000Z</Time>
            <Cadence>74</Cadence>
            <Extensions>
              <ext:TPX>
                <ext:Watts>68</ext:Watts>
              </ext:TPX>
            </Extensions>
          </Trackpoint>
          <Trackpoint>
            <Time>2026-09-08T10:19:04.000Z</Time>
            <Cadence>75</Cadence>
            <Extensions>
              <ext:TPX>
                <ext:Watts>67</ext:Watts>
              </ext:TPX>
            </Extensions>
          </Trackpoint>
          <Trackpoint>
            <Time>2026-09-08T10:19:05.000Z</Time>
            <Cadence>78</Cadence>
            <Extensions>
              <ext:TPX>
                <ext:Watts>67</ext:Watts>
              </ext:TPX>
            </Extensions>
          </Trackpoint>
          <Trackpoint>
            <Time>2026-09-08T10:19:06.000Z</Time>
            <Cadence>75</Cadence>
            <Extensions>
              <ext:TPX>
                <ext:Watts>67</ext:Watts>
              </ext:TPX>
            </Extensions>
          </Trackpoint>
          <Trackpoint>
            <Time>2026-09-08T10:19:07.000Z</Time>
            <Cadence>75</Cadence>
            <Extensions>
              <ext:TPX>
                <ext:Watts>67</ext:Watts>
              </ext:TPX>
            </Extensions>
          </Trackpoint>
          <Trackpoint>
            <Time>2026-09-08T10:19:08.000Z</Time>
            <Cadence>80</Cadence>
            <Extensions>
              <ext:TPX>
                <ext:Watts>67</ext:Watts>
              </ext:TPX>
            </Extensions>
          </Trackpoint>
          <Trackpoint>
            <Time>2026-09-08T10:19:09.000Z</Time>
            <Cadence>80</Cadence>
            <Extensions>
              <ext:TPX>
                <ext:Watts>68</ext:Watts>
              </ext:TPX>
            </Extensions>
          </Trackpoint>
          <Trackpoint>
            <Time>2026-09-08T10:19:10.000Z</Time>
            <Cadence>50</Cadence>
            <Extensions>
              <ext:TPX>
                <ext:Watts>68</ext:Watts>
              </ext:TPX>
            </Extensions>
          </Trackpoint>
          <Trackpoint>
            <Time>2026-09-08T10:19:11.000Z</Time>
            <Cadence>75</Cadence>
            <Extensions>
              <ext:TPX>
                <ext:Watts>68</ext:Watts>
              </ext:TPX>
            </Extensions>
          </Trackpoint>
          <Trackpoint>
            <Time>2026-09-08T10:19:12.000Z</Time>
            <Cadence>78</Cadence>
            <Extensions>
              <ext:TPX>
                <ext:Watts>68</ext:Watts>
              </ext:TPX>
            </Extensions>
          </Trackpoint>
          <Trackpoint>
            <Time>2026-09-08T10:19:13.000Z</Time>
            <Cadence>78</Cadence>
            <Extensions>
              <ext:TPX>
                <ext:Watts>68</ext:Watts>
              </ext:TPX>
            </Extensions>
          </Trackpoint>
          <Trackpoint>
            <Time>2026-09-08T10:19:14.000Z</Time>
            <Cadence>78</Cadence>
            <Extensions>
              <ext:TPX>
                <ext:Watts>68</ext:Watts>
              </ext:TPX>
            </Extensions>
          </Trackpoint>
          <Trackpoint>
            <Time>2026-09-08T10:19:15.000Z</Time>
            <Cadence>76</Cadence>
            <Extensions>
              <ext:TPX>
                <ext:Watts>67</ext:Watts>
              </ext:TPX>
            </Extensions>
          </Trackpoint>
          <Trackpoint>
            <Time>2026-09-08T10:19:16.000Z</Time>
            <Cadence>76</Cadence>
            <Extensions>
              <ext:TPX>
                <ext:Watts>67</ext:Watts>
              </ext:TPX>
            </Extensions>
          </Trackpoint>
          <Trackpoint>
            <Time>2026-09-08T10:19:17.000Z</Time>
            <Cadence>76</Cadence>
            <Extensions>
              <ext:TPX>
                <ext:Watts>71</ext:Watts>
              </ext:TPX>
            </Extensions>
          </Trackpoint>
          <Trackpoint>
            <Time>2026-09-08T10:19:18.000Z</Time>
            <Cadence>80</Cadence>
            <Extensions>
              <ext:TPX>
                <ext:Watts>71</ext:Watts>
              </ext:TPX>
            </Extensions>
          </Trackpoint>
          <Trackpoint>
            <Time>2026-09-08T10:19:19.000Z</Time>
            <Cadence>80</Cadence>
            <Extensions>
              <ext:TPX>
                <ext:Watts>71</ext:Watts>
              </ext:TPX>
            </Extensions>
          </Trackpoint>
          <Trackpoint>
            <Time>2026-09-08T10:19:20.000Z</Time>
            <Cadence>80</Cadence>
            <Extensions>
              <ext:TPX>
                <ext:Watts>71</ext:Watts>
              </ext:TPX>
            </Extensions>
          </Trackpoint>
          <Trackpoint>
            <Time>2026-09-08T10:19:21.000Z</Time>
            <Cadence>77</Cadence>
            <Extensions>
              <ext:TPX>
                <ext:Watts>71</ext:Watts>
              </ext:TPX>
            </Extensions>
          </Trackpoint>
          <Trackpoint>
            <Time>2026-09-08T10:19:22.000Z</Time>
            <Cadence>77</Cadence>
            <Extensions>
              <ext:TPX>
                <ext:Watts>71</ext:Watts>
              </ext:TPX>
            </Extensions>
          </Trackpoint>
          <Trackpoint>
            <Time>2026-09-08T10:19:23.000Z</Time>
            <Cadence>79</Cadence>
            <Extensions>
              <ext:TPX>
                <ext:Watts>72</ext:Watts>
              </ext:TPX>
            </Extensions>
          </Trackpoint>
          <Trackpoint>
            <Time>2026-09-08T10:19:24.000Z</Time>
            <Cadence>79</Cadence>
            <Extensions>
              <ext:TPX>
                <ext:Watts>71</ext:Watts>
              </ext:TPX>
            </Extensions>
          </Trackpoint>
          <Trackpoint>
            <Time>2026-09-08T10:19:25.000Z</Time>
            <Cadence>79</Cadence>
            <Extensions>
              <ext:TPX>
                <ext:Watts>71</ext:Watts>
              </ext:TPX>
            </Extensions>
          </Trackpoint>
          <Trackpoint>
            <Time>2026-09-08T10:19:26.000Z</Time>
            <Cadence>75</Cadence>
            <Extensions>
              <ext:TPX>
                <ext:Watts>71</ext:Watts>
              </ext:TPX>
            </Extensions>
          </Trackpoint>
          <Trackpoint>
            <Time>2026-09-08T10:19:27.000Z</Time>
            <Cadence>77</Cadence>
            <Extensions>
              <ext:TPX>
                <ext:Watts>71</ext:Watts>
              </ext:TPX>
            </Extensions>
          </Trackpoint>
          <Trackpoint>
            <Time>2026-09-08T10:19:28.000Z</Time>
            <Cadence>78</Cadence>
            <Extensions>
              <ext:TPX>
                <ext:Watts>70</ext:Watts>
              </ext:TPX>
            </Extensions>
          </Trackpoint>
          <Trackpoint>
            <Time>2026-09-08T10:19:29.000Z</Time>
            <Cadence>75</Cadence>
            <Extensions>
              <ext:TPX>
                <ext:Watts>68</ext:Watts>
              </ext:TPX>
            </Extensions>
          </Trackpoint>
          <Trackpoint>
            <Time>2026-09-08T10:19:30.000Z</Time>
            <Cadence>76</Cadence>
            <Extensions>
              <ext:TPX>
                <ext:Watts>70</ext:Watts>
              </ext:TPX>
            </Extensions>
          </Trackpoint>
          <Trackpoint>
            <Time>2026-09-08T10:19:31.000Z</Time>
            <Cadence>76</Cadence>
            <Extensions>
              <ext:TPX>
                <ext:Watts>70</ext:Watts>
              </ext:TPX>
            </Extensions>
          </Trackpoint>
          <Trackpoint>
            <Time>2026-09-08T10:19:32.000Z</Time>
            <Cadence>77</Cadence>
            <Extensions>
              <ext:TPX>
                <ext:Watts>68</ext:Watts>
              </ext:TPX>
            </Extensions>
          </Trackpoint>
          <Trackpoint>
            <Time>2026-09-08T10:19:33.000Z</Time>
            <Cadence>78</Cadence>
            <Extensions>
              <ext:TPX>
                <ext:Watts>68</ext:Watts>
              </ext:TPX>
            </Extensions>
          </Trackpoint>
          <Trackpoint>
            <Time>2026-09-08T10:19:34.000Z</Time>
            <Cadence>76</Cadence>
            <Extensions>
              <ext:TPX>
                <ext:Watts>71</ext:Watts>
              </ext:TPX>
            </Extensions>
          </Trackpoint>
          <Trackpoint>
            <Time>2026-09-08T10:19:35.000Z</Time>
            <Cadence>76</Cadence>
            <Extensions>
              <ext:TPX>
                <ext:Watts>71</ext:Watts>
              </ext:TPX>
            </Extensions>
          </Trackpoint>
          <Trackpoint>
            <Time>2026-09-08T10:19:36.000Z</Time>
            <Cadence>75</Cadence>
            <Extensions>
              <ext:TPX>
                <ext:Watts>71</ext:Watts>
              </ext:TPX>
            </Extensions>
          </Trackpoint>
          <Trackpoint>
            <Time>2026-09-08T10:19:37.000Z</Time>
            <Cadence>75</Cadence>
            <Extensions>
              <ext:TPX>
                <ext:Watts>71</ext:Watts>
              </ext:TPX>
            </Extensions>
          </Trackpoint>
          <Trackpoint>
            <Time>2026-09-08T10:19:38.000Z</Time>
            <Cadence>75</Cadence>
            <Extensions>
              <ext:TPX>
                <ext:Watts>70</ext:Watts>
              </ext:TPX>
            </Extensions>
          </Trackpoint>
          <Trackpoint>
            <Time>2026-09-08T10:19:39.000Z</Time>
            <Cadence>81</Cadence>
            <Extensions>
              <ext:TPX>
                <ext:Watts>70</ext:Watts>
              </ext:TPX>
            </Extensions>
          </Trackpoint>
          <Trackpoint>
            <Time>2026-09-08T10:19:40.000Z</Time>
            <Cadence>72</Cadence>
            <Extensions>
              <ext:TPX>
                <ext:Watts>69</ext:Watts>
              </ext:TPX>
            </Extensions>
          </Trackpoint>
          <Trackpoint>
            <Time>2026-09-08T10:19:41.000Z</Time>
            <Cadence>78</Cadence>
            <Extensions>
              <ext:TPX>
                <ext:Watts>69</ext:Watts>
              </ext:TPX>
            </Extensions>
          </Trackpoint>
          <Trackpoint>
            <Time>2026-09-08T10:19:42.000Z</Time>
            <Cadence>78</Cadence>
            <Extensions>
              <ext:TPX>
                <ext:Watts>72</ext:Watts>
              </ext:TPX>
            </Extensions>
          </Trackpoint>
          <Trackpoint>
            <Time>2026-09-08T10:19:43.000Z</Time>
            <Cadence>78</Cadence>
            <Extensions>
              <ext:TPX>
                <ext:Watts>72</ext:Watts>
              </ext:TPX>
            </Extensions>
          </Trackpoint>
          <Trackpoint>
            <Time>2026-09-08T10:19:44.000Z</Time>
            <Cadence>78</Cadence>
            <Extensions>
              <ext:TPX>
                <ext:Watts>73</ext:Watts>
              </ext:TPX>
            </Extensions>
          </Trackpoint>
          <Trackpoint>
            <Time>2026-09-08T10:19:45.000Z</Time>
            <Cadence>78</Cadence>
            <Extensions>
              <ext:TPX>
                <ext:Watts>73</ext:Watts>
              </ext:TPX>
            </Extensions>
          </Trackpoint>
          <Trackpoint>
            <Time>2026-09-08T10:19:46.000Z</Time>
            <Cadence>72</Cadence>
            <Extensions>
              <ext:TPX>
                <ext:Watts>73</ext:Watts>
              </ext:TPX>
            </Extensions>
          </Trackpoint>
          <Trackpoint>
            <Time>2026-09-08T10:19:47.000Z</Time>
            <Cadence>80</Cadence>
            <Extensions>
              <ext:TPX>
                <ext:Watts>74</ext:Watts>
              </ext:TPX>
            </Extensions>
          </Trackpoint>
          <Trackpoint>
            <Time>2026-09-08T10:19:48.000Z</Time>
            <Cadence>80</Cadence>
            <Extensions>
              <ext:TPX>
                <ext:Watts>74</ext:Watts>
              </ext:TPX>
            </Extensions>
          </Trackpoint>
          <Trackpoint>
            <Time>2026-09-08T10:19:49.000Z</Time>
            <Cadence>80</Cadence>
            <Extensions>
              <ext:TPX>
                <ext:Watts>74</ext:Watts>
              </ext:TPX>
            </Extensions>
          </Trackpoint>
          <Trackpoint>
            <Time>2026-09-08T10:19:50.000Z</Time>
            <Cadence>39</Cadence>
            <Extensions>
              <ext:TPX>
                <ext:Watts>71</ext:Watts>
              </ext:TPX>
            </Extensions>
          </Trackpoint>
          <Trackpoint>
            <Time>2026-09-08T10:19:51.000Z</Time>
            <Cadence>56</Cadence>
            <Extensions>
              <ext:TPX>
                <ext:Watts>71</ext:Watts>
              </ext:TPX>
            </Extensions>
          </Trackpoint>
          <Trackpoint>
            <Time>2026-09-08T10:19:52.000Z</Time>
            <Cadence>56</Cadence>
            <Extensions>
              <ext:TPX>
                <ext:Watts>71</ext:Watts>
              </ext:TPX>
            </Extensions>
          </Trackpoint>
          <Trackpoint>
            <Time>2026-09-08T10:19:53.000Z</Time>
            <Cadence>56</Cadence>
            <Extensions>
              <ext:TPX>
                <ext:Watts>71</ext:Watts>
              </ext:TPX>
            </Extensions>
          </Trackpoint>
          <Trackpoint>
            <Time>2026-09-08T10:19:54.000Z</Time>
            <Cadence>76</Cadence>
            <Extensions>
              <ext:TPX>
                <ext:Watts>72</ext:Watts>
              </ext:TPX>
            </Extensions>
          </Trackpoint>
          <Trackpoint>
            <Time>2026-09-08T10:19:55.000Z</Time>
            <Cadence>78</Cadence>
            <Extensions>
              <ext:TPX>
                <ext:Watts>71</ext:Watts>
              </ext:TPX>
            </Extensions>
          </Trackpoint>
          <Trackpoint>
            <Time>2026-09-08T10:19:56.000Z</Time>
            <Cadence>78</Cadence>
            <Extensions>
              <ext:TPX>
                <ext:Watts>71</ext:Watts>
              </ext:TPX>
            </Extensions>
          </Trackpoint>
          <Trackpoint>
            <Time>2026-09-08T10:19:57.000Z</Time>
            <Cadence>78</Cadence>
            <Extensions>
              <ext:TPX>
                <ext:Watts>71</ext:Watts>
              </ext:TPX>
            </Extensions>
          </Trackpoint>
          <Trackpoint>
            <Time>2026-09-08T10:19:58.000Z</Time>
            <Cadence>82</Cadence>
            <Extensions>
              <ext:TPX>
                <ext:Watts>72</ext:Watts>
              </ext:TPX>
            </Extensions>
          </Trackpoint>
          <Trackpoint>
            <Time>2026-09-08T10:19:59.000Z</Time>
            <Cadence>77</Cadence>
            <Extensions>
              <ext:TPX>
                <ext:Watts>71</ext:Watts>
              </ext:TPX>
            </Extensions>
          </Trackpoint>
          <Trackpoint>
            <Time>2026-09-08T10:20:00.000Z</Time>
            <Cadence>82</Cadence>
            <Extensions>
              <ext:TPX>
                <ext:Watts>71</ext:Watts>
              </ext:TPX>
            </Extensions>
          </Trackpoint>
          <Trackpoint>
            <Time>2026-09-08T10:20:01.000Z</Time>
            <Cadence>82</Cadence>
            <Extensions>
              <ext:TPX>
                <ext:Watts>71</ext:Watts>
              </ext:TPX>
            </Extensions>
          </Trackpoint>
          <Trackpoint>
            <Time>2026-09-08T10:20:02.000Z</Time>
            <Cadence>82</Cadence>
            <Extensions>
              <ext:TPX>
                <ext:Watts>71</ext:Watts>
              </ext:TPX>
            </Extensions>
          </Trackpoint>
          <Trackpoint>
            <Time>2026-09-08T10:20:03.000Z</Time>
            <Cadence>79</Cadence>
            <Extensions>
              <ext:TPX>
                <ext:Watts>70</ext:Watts>
              </ext:TPX>
            </Extensions>
          </Trackpoint>
          <Trackpoint>
            <Time>2026-09-08T10:20:04.000Z</Time>
            <Cadence>79</Cadence>
            <Extensions>
              <ext:TPX>
                <ext:Watts>70</ext:Watts>
              </ext:TPX>
            </Extensions>
          </Trackpoint>
          <Trackpoint>
            <Time>2026-09-08T10:20:05.000Z</Time>
            <Cadence>79</Cadence>
            <Extensions>
              <ext:TPX>
                <ext:Watts>70</ext:Watts>
              </ext:TPX>
            </Extensions>
          </Trackpoint>
          <Trackpoint>
            <Time>2026-09-08T10:20:06.000Z</Time>
            <Cadence>76</Cadence>
            <Extensions>
              <ext:TPX>
                <ext:Watts>68</ext:Watts>
              </ext:TPX>
            </Extensions>
          </Trackpoint>
          <Trackpoint>
            <Time>2026-09-08T10:20:07.000Z</Time>
            <Cadence>75</Cadence>
            <Extensions>
              <ext:TPX>
                <ext:Watts>70</ext:Watts>
              </ext:TPX>
            </Extensions>
          </Trackpoint>
          <Trackpoint>
            <Time>2026-09-08T10:20:08.000Z</Time>
            <Cadence>75</Cadence>
            <Extensions>
              <ext:TPX>
                <ext:Watts>70</ext:Watts>
              </ext:TPX>
            </Extensions>
          </Trackpoint>
          <Trackpoint>
            <Time>2026-09-08T10:20:09.000Z</Time>
            <Cadence>75</Cadence>
            <Extensions>
              <ext:TPX>
                <ext:Watts>71</ext:Watts>
              </ext:TPX>
            </Extensions>
          </Trackpoint>
          <Trackpoint>
            <Time>2026-09-08T10:20:10.000Z</Time>
            <Cadence>78</Cadence>
            <Extensions>
              <ext:TPX>
                <ext:Watts>71</ext:Watts>
              </ext:TPX>
            </Extensions>
          </Trackpoint>
          <Trackpoint>
            <Time>2026-09-08T10:20:11.000Z</Time>
            <Cadence>78</Cadence>
            <Extensions>
              <ext:TPX>
                <ext:Watts>69</ext:Watts>
              </ext:TPX>
            </Extensions>
          </Trackpoint>
          <Trackpoint>
            <Time>2026-09-08T10:20:12.000Z</Time>
            <Cadence>77</Cadence>
            <Extensions>
              <ext:TPX>
                <ext:Watts>70</ext:Watts>
              </ext:TPX>
            </Extensions>
          </Trackpoint>
          <Trackpoint>
            <Time>2026-09-08T10:20:13.000Z</Time>
            <Cadence>76</Cadence>
            <Extensions>
              <ext:TPX>
                <ext:Watts>71</ext:Watts>
              </ext:TPX>
            </Extensions>
          </Trackpoint>
          <Trackpoint>
            <Time>2026-09-08T10:20:14.000Z</Time>
            <Cadence>76</Cadence>
            <Extensions>
              <ext:TPX>
                <ext:Watts>71</ext:Watts>
              </ext:TPX>
            </Extensions>
          </Trackpoint>
          <Trackpoint>
            <Time>2026-09-08T10:20:15.000Z</Time>
            <Cadence>76</Cadence>
            <Extensions>
              <ext:TPX>
                <ext:Watts>71</ext:Watts>
              </ext:TPX>
            </Extensions>
          </Trackpoint>
          <Trackpoint>
            <Time>2026-09-08T10:20:16.000Z</Time>
            <Cadence>78</Cadence>
            <Extensions>
              <ext:TPX>
                <ext:Watts>71</ext:Watts>
              </ext:TPX>
            </Extensions>
          </Trackpoint>
          <Trackpoint>
            <Time>2026-09-08T10:20:17.000Z</Time>
            <Cadence>74</Cadence>
            <Extensions>
              <ext:TPX>
                <ext:Watts>72</ext:Watts>
              </ext:TPX>
            </Extensions>
          </Trackpoint>
          <Trackpoint>
            <Time>2026-09-08T10:20:18.000Z</Time>
            <Cadence>80</Cadence>
            <Extensions>
              <ext:TPX>
                <ext:Watts>77</ext:Watts>
              </ext:TPX>
            </Extensions>
          </Trackpoint>
          <Trackpoint>
            <Time>2026-09-08T10:20:19.000Z</Time>
            <Cadence>81</Cadence>
            <Extensions>
              <ext:TPX>
                <ext:Watts>77</ext:Watts>
              </ext:TPX>
            </Extensions>
          </Trackpoint>
          <Trackpoint>
            <Time>2026-09-08T10:20:20.000Z</Time>
            <Cadence>81</Cadence>
            <Extensions>
              <ext:TPX>
                <ext:Watts>77</ext:Watts>
              </ext:TPX>
            </Extensions>
          </Trackpoint>
          <Trackpoint>
            <Time>2026-09-08T10:20:21.000Z</Time>
            <Cadence>81</Cadence>
            <Extensions>
              <ext:TPX>
                <ext:Watts>77</ext:Watts>
              </ext:TPX>
            </Extensions>
          </Trackpoint>
          <Trackpoint>
            <Time>2026-09-08T10:20:22.000Z</Time>
            <Cadence>85</Cadence>
            <Extensions>
              <ext:TPX>
                <ext:Watts>77</ext:Watts>
              </ext:TPX>
            </Extensions>
          </Trackpoint>
          <Trackpoint>
            <Time>2026-09-08T10:20:23.000Z</Time>
            <Cadence>81</Cadence>
            <Extensions>
              <ext:TPX>
                <ext:Watts>73</ext:Watts>
              </ext:TPX>
            </Extensions>
          </Trackpoint>
          <Trackpoint>
            <Time>2026-09-08T10:20:24.000Z</Time>
            <Cadence>41</Cadence>
            <Extensions>
              <ext:TPX>
                <ext:Watts>65</ext:Watts>
              </ext:TPX>
            </Extensions>
          </Trackpoint>
          <Trackpoint>
            <Time>2026-09-08T10:20:25.000Z</Time>
            <Cadence>41</Cadence>
            <Extensions>
              <ext:TPX>
                <ext:Watts>65</ext:Watts>
              </ext:TPX>
            </Extensions>
          </Trackpoint>
          <Trackpoint>
            <Time>2026-09-08T10:20:26.000Z</Time>
            <Cadence>41</Cadence>
            <Extensions>
              <ext:TPX>
                <ext:Watts>65</ext:Watts>
              </ext:TPX>
            </Extensions>
          </Trackpoint>
          <Trackpoint>
            <Time>2026-09-08T10:20:27.000Z</Time>
            <Cadence>18</Cadence>
            <Extensions>
              <ext:TPX>
                <ext:Watts>62</ext:Watts>
              </ext:TPX>
            </Extensions>
          </Trackpoint>
          <Trackpoint>
            <Time>2026-09-08T10:20:28.000Z</Time>
            <Cadence>72</Cadence>
            <Extensions>
              <ext:TPX>
                <ext:Watts>68</ext:Watts>
              </ext:TPX>
            </Extensions>
          </Trackpoint>
          <Trackpoint>
            <Time>2026-09-08T10:20:29.000Z</Time>
            <Cadence>76</Cadence>
            <Extensions>
              <ext:TPX>
                <ext:Watts>68</ext:Watts>
              </ext:TPX>
            </Extensions>
          </Trackpoint>
          <Trackpoint>
            <Time>2026-09-08T10:20:30.000Z</Time>
            <Cadence>76</Cadence>
            <Extensions>
              <ext:TPX>
                <ext:Watts>72</ext:Watts>
              </ext:TPX>
            </Extensions>
          </Trackpoint>
          <Trackpoint>
            <Time>2026-09-08T10:20:31.000Z</Time>
            <Cadence>83</Cadence>
            <Extensions>
              <ext:TPX>
                <ext:Watts>75</ext:Watts>
              </ext:TPX>
            </Extensions>
          </Trackpoint>
          <Trackpoint>
            <Time>2026-09-08T10:20:32.000Z</Time>
            <Cadence>83</Cadence>
            <Extensions>
              <ext:TPX>
                <ext:Watts>75</ext:Watts>
              </ext:TPX>
            </Extensions>
          </Trackpoint>
          <Trackpoint>
            <Time>2026-09-08T10:20:33.000Z</Time>
            <Cadence>54</Cadence>
            <Extensions>
              <ext:TPX>
                <ext:Watts>77</ext:Watts>
              </ext:TPX>
            </Extensions>
          </Trackpoint>
          <Trackpoint>
            <Time>2026-09-08T10:20:34.000Z</Time>
            <Cadence>82</Cadence>
            <Extensions>
              <ext:TPX>
                <ext:Watts>76</ext:Watts>
              </ext:TPX>
            </Extensions>
          </Trackpoint>
          <Trackpoint>
            <Time>2026-09-08T10:20:35.000Z</Time>
            <Cadence>82</Cadence>
            <Extensions>
              <ext:TPX>
                <ext:Watts>76</ext:Watts>
              </ext:TPX>
            </Extensions>
          </Trackpoint>
          <Trackpoint>
            <Time>2026-09-08T10:20:36.000Z</Time>
            <Cadence>82</Cadence>
            <Extensions>
              <ext:TPX>
                <ext:Watts>76</ext:Watts>
              </ext:TPX>
            </Extensions>
          </Trackpoint>
          <Trackpoint>
            <Time>2026-09-08T10:20:37.000Z</Time>
            <Cadence>80</Cadence>
            <Extensions>
              <ext:TPX>
                <ext:Watts>76</ext:Watts>
              </ext:TPX>
            </Extensions>
          </Trackpoint>
          <Trackpoint>
            <Time>2026-09-08T10:20:38.000Z</Time>
            <Cadence>80</Cadence>
            <Extensions>
              <ext:TPX>
                <ext:Watts>76</ext:Watts>
              </ext:TPX>
            </Extensions>
          </Trackpoint>
          <Trackpoint>
            <Time>2026-09-08T10:20:39.000Z</Time>
            <Cadence>80</Cadence>
            <Extensions>
              <ext:TPX>
                <ext:Watts>77</ext:Watts>
              </ext:TPX>
            </Extensions>
          </Trackpoint>
          <Trackpoint>
            <Time>2026-09-08T10:20:40.000Z</Time>
            <Cadence>81</Cadence>
            <Extensions>
              <ext:TPX>
                <ext:Watts>76</ext:Watts>
              </ext:TPX>
            </Extensions>
          </Trackpoint>
          <Trackpoint>
            <Time>2026-09-08T10:20:41.000Z</Time>
            <Cadence>81</Cadence>
            <Extensions>
              <ext:TPX>
                <ext:Watts>76</ext:Watts>
              </ext:TPX>
            </Extensions>
          </Trackpoint>
          <Trackpoint>
            <Time>2026-09-08T10:20:42.000Z</Time>
            <Cadence>81</Cadence>
            <Extensions>
              <ext:TPX>
                <ext:Watts>76</ext:Watts>
              </ext:TPX>
            </Extensions>
          </Trackpoint>
          <Trackpoint>
            <Time>2026-09-08T10:20:43.000Z</Time>
            <Cadence>81</Cadence>
            <Extensions>
              <ext:TPX>
                <ext:Watts>75</ext:Watts>
              </ext:TPX>
            </Extensions>
          </Trackpoint>
          <Trackpoint>
            <Time>2026-09-08T10:20:44.000Z</Time>
            <Cadence>81</Cadence>
            <Extensions>
              <ext:TPX>
                <ext:Watts>75</ext:Watts>
              </ext:TPX>
            </Extensions>
          </Trackpoint>
          <Trackpoint>
            <Time>2026-09-08T10:20:45.000Z</Time>
            <Cadence>81</Cadence>
            <Extensions>
              <ext:TPX>
                <ext:Watts>73</ext:Watts>
              </ext:TPX>
            </Extensions>
          </Trackpoint>
          <Trackpoint>
            <Time>2026-09-08T10:20:46.000Z</Time>
            <Cadence>81</Cadence>
            <Extensions>
              <ext:TPX>
                <ext:Watts>75</ext:Watts>
              </ext:TPX>
            </Extensions>
          </Trackpoint>
          <Trackpoint>
            <Time>2026-09-08T10:20:47.000Z</Time>
            <Cadence>80</Cadence>
            <Extensions>
              <ext:TPX>
                <ext:Watts>75</ext:Watts>
              </ext:TPX>
            </Extensions>
          </Trackpoint>
          <Trackpoint>
            <Time>2026-09-08T10:20:48.000Z</Time>
            <Cadence>83</Cadence>
            <Extensions>
              <ext:TPX>
                <ext:Watts>74</ext:Watts>
              </ext:TPX>
            </Extensions>
          </Trackpoint>
          <Trackpoint>
            <Time>2026-09-08T10:20:49.000Z</Time>
            <Cadence>83</Cadence>
            <Extensions>
              <ext:TPX>
                <ext:Watts>74</ext:Watts>
              </ext:TPX>
            </Extensions>
          </Trackpoint>
          <Trackpoint>
            <Time>2026-09-08T10:20:50.000Z</Time>
            <Cadence>83</Cadence>
            <Extensions>
              <ext:TPX>
                <ext:Watts>74</ext:Watts>
              </ext:TPX>
            </Extensions>
          </Trackpoint>
          <Trackpoint>
            <Time>2026-09-08T10:20:51.000Z</Time>
            <Cadence>83</Cadence>
            <Extensions>
              <ext:TPX>
                <ext:Watts>74</ext:Watts>
              </ext:TPX>
            </Extensions>
          </Trackpoint>
          <Trackpoint>
            <Time>2026-09-08T10:20:52.000Z</Time>
            <Cadence>81</Cadence>
            <Extensions>
              <ext:TPX>
                <ext:Watts>74</ext:Watts>
              </ext:TPX>
            </Extensions>
          </Trackpoint>
          <Trackpoint>
            <Time>2026-09-08T10:20:53.000Z</Time>
            <Cadence>79</Cadence>
            <Extensions>
              <ext:TPX>
                <ext:Watts>74</ext:Watts>
              </ext:TPX>
            </Extensions>
          </Trackpoint>
          <Trackpoint>
            <Time>2026-09-08T10:20:54.000Z</Time>
            <Cadence>80</Cadence>
            <Extensions>
              <ext:TPX>
                <ext:Watts>74</ext:Watts>
              </ext:TPX>
            </Extensions>
          </Trackpoint>
          <Trackpoint>
            <Time>2026-09-08T10:20:55.000Z</Time>
            <Cadence>80</Cadence>
            <Extensions>
              <ext:TPX>
                <ext:Watts>74</ext:Watts>
              </ext:TPX>
            </Extensions>
          </Trackpoint>
          <Trackpoint>
            <Time>2026-09-08T10:20:56.000Z</Time>
            <Cadence>80</Cadence>
            <Extensions>
              <ext:TPX>
                <ext:Watts>74</ext:Watts>
              </ext:TPX>
            </Extensions>
          </Trackpoint>
          <Trackpoint>
            <Time>2026-09-08T10:20:57.000Z</Time>
            <Cadence>38</Cadence>
            <Extensions>
              <ext:TPX>
                <ext:Watts>71</ext:Watts>
              </ext:TPX>
            </Extensions>
          </Trackpoint>
          <Trackpoint>
            <Time>2026-09-08T10:20:58.000Z</Time>
            <Cadence>38</Cadence>
            <Extensions>
              <ext:TPX>
                <ext:Watts>70</ext:Watts>
              </ext:TPX>
            </Extensions>
          </Trackpoint>
          <Trackpoint>
            <Time>2026-09-08T10:20:59.000Z</Time>
            <Cadence>51</Cadence>
            <Extensions>
              <ext:TPX>
                <ext:Watts>70</ext:Watts>
              </ext:TPX>
            </Extensions>
          </Trackpoint>
          <Trackpoint>
            <Time>2026-09-08T10:21:00.000Z</Time>
            <Cadence>76</Cadence>
            <Extensions>
              <ext:TPX>
                <ext:Watts>73</ext:Watts>
              </ext:TPX>
            </Extensions>
          </Trackpoint>
          <Trackpoint>
            <Time>2026-09-08T10:21:01.000Z</Time>
            <Cadence>79</Cadence>
            <Extensions>
              <ext:TPX>
                <ext:Watts>73</ext:Watts>
              </ext:TPX>
            </Extensions>
          </Trackpoint>
          <Trackpoint>
            <Time>2026-09-08T10:21:02.000Z</Time>
            <Cadence>79</Cadence>
            <Extensions>
              <ext:TPX>
                <ext:Watts>73</ext:Watts>
              </ext:TPX>
            </Extensions>
          </Trackpoint>
          <Trackpoint>
            <Time>2026-09-08T10:21:03.000Z</Time>
            <Cadence>80</Cadence>
            <Extensions>
              <ext:TPX>
                <ext:Watts>73</ext:Watts>
              </ext:TPX>
            </Extensions>
          </Trackpoint>
          <Trackpoint>
            <Time>2026-09-08T10:21:04.000Z</Time>
            <Cadence>79</Cadence>
            <Extensions>
              <ext:TPX>
                <ext:Watts>74</ext:Watts>
              </ext:TPX>
            </Extensions>
          </Trackpoint>
          <Trackpoint>
            <Time>2026-09-08T10:21:05.000Z</Time>
            <Cadence>81</Cadence>
            <Extensions>
              <ext:TPX>
                <ext:Watts>74</ext:Watts>
              </ext:TPX>
            </Extensions>
          </Trackpoint>
          <Trackpoint>
            <Time>2026-09-08T10:21:06.000Z</Time>
            <Cadence>78</Cadence>
            <Extensions>
              <ext:TPX>
                <ext:Watts>75</ext:Watts>
              </ext:TPX>
            </Extensions>
          </Trackpoint>
          <Trackpoint>
            <Time>2026-09-08T10:21:07.000Z</Time>
            <Cadence>81</Cadence>
            <Extensions>
              <ext:TPX>
                <ext:Watts>75</ext:Watts>
              </ext:TPX>
            </Extensions>
          </Trackpoint>
          <Trackpoint>
            <Time>2026-09-08T10:21:08.000Z</Time>
            <Cadence>81</Cadence>
            <Extensions>
              <ext:TPX>
                <ext:Watts>75</ext:Watts>
              </ext:TPX>
            </Extensions>
          </Trackpoint>
          <Trackpoint>
            <Time>2026-09-08T10:21:09.000Z</Time>
            <Cadence>81</Cadence>
            <Extensions>
              <ext:TPX>
                <ext:Watts>75</ext:Watts>
              </ext:TPX>
            </Extensions>
          </Trackpoint>
          <Trackpoint>
            <Time>2026-09-08T10:21:10.000Z</Time>
            <Cadence>78</Cadence>
            <Extensions>
              <ext:TPX>
                <ext:Watts>75</ext:Watts>
              </ext:TPX>
            </Extensions>
          </Trackpoint>
          <Trackpoint>
            <Time>2026-09-08T10:21:11.000Z</Time>
            <Cadence>81</Cadence>
            <Extensions>
              <ext:TPX>
                <ext:Watts>74</ext:Watts>
              </ext:TPX>
            </Extensions>
          </Trackpoint>
          <Trackpoint>
            <Time>2026-09-08T10:21:12.000Z</Time>
            <Cadence>81</Cadence>
            <Extensions>
              <ext:TPX>
                <ext:Watts>74</ext:Watts>
              </ext:TPX>
            </Extensions>
          </Trackpoint>
          <Trackpoint>
            <Time>2026-09-08T10:21:13.000Z</Time>
            <Cadence>81</Cadence>
            <Extensions>
              <ext:TPX>
                <ext:Watts>75</ext:Watts>
              </ext:TPX>
            </Extensions>
          </Trackpoint>
          <Trackpoint>
            <Time>2026-09-08T10:21:14.000Z</Time>
            <Cadence>81</Cadence>
            <Extensions>
              <ext:TPX>
                <ext:Watts>75</ext:Watts>
              </ext:TPX>
            </Extensions>
          </Trackpoint>
          <Trackpoint>
            <Time>2026-09-08T10:21:15.000Z</Time>
            <Cadence>81</Cadence>
            <Extensions>
              <ext:TPX>
                <ext:Watts>75</ext:Watts>
              </ext:TPX>
            </Extensions>
          </Trackpoint>
          <Trackpoint>
            <Time>2026-09-08T10:21:16.000Z</Time>
            <Cadence>80</Cadence>
            <Extensions>
              <ext:TPX>
                <ext:Watts>75</ext:Watts>
              </ext:TPX>
            </Extensions>
          </Trackpoint>
          <Trackpoint>
            <Time>2026-09-08T10:21:17.000Z</Time>
            <Cadence>80</Cadence>
            <Extensions>
              <ext:TPX>
                <ext:Watts>74</ext:Watts>
              </ext:TPX>
            </Extensions>
          </Trackpoint>
          <Trackpoint>
            <Time>2026-09-08T10:21:18.000Z</Time>
            <Cadence>81</Cadence>
            <Extensions>
              <ext:TPX>
                <ext:Watts>74</ext:Watts>
              </ext:TPX>
            </Extensions>
          </Trackpoint>
          <Trackpoint>
            <Time>2026-09-08T10:21:19.000Z</Time>
            <Cadence>81</Cadence>
            <Extensions>
              <ext:TPX>
                <ext:Watts>74</ext:Watts>
              </ext:TPX>
            </Extensions>
          </Trackpoint>
          <Trackpoint>
            <Time>2026-09-08T10:21:20.000Z</Time>
            <Cadence>81</Cadence>
            <Extensions>
              <ext:TPX>
                <ext:Watts>74</ext:Watts>
              </ext:TPX>
            </Extensions>
          </Trackpoint>
          <Trackpoint>
            <Time>2026-09-08T10:21:21.000Z</Time>
            <Cadence>81</Cadence>
            <Extensions>
              <ext:TPX>
                <ext:Watts>74</ext:Watts>
              </ext:TPX>
            </Extensions>
          </Trackpoint>
          <Trackpoint>
            <Time>2026-09-08T10:21:22.000Z</Time>
            <Cadence>81</Cadence>
            <Extensions>
              <ext:TPX>
                <ext:Watts>74</ext:Watts>
              </ext:TPX>
            </Extensions>
          </Trackpoint>
          <Trackpoint>
            <Time>2026-09-08T10:21:23.000Z</Time>
            <Cadence>81</Cadence>
            <Extensions>
              <ext:TPX>
                <ext:Watts>74</ext:Watts>
              </ext:TPX>
            </Extensions>
          </Trackpoint>
          <Trackpoint>
            <Time>2026-09-08T10:21:24.000Z</Time>
            <Cadence>81</Cadence>
            <Extensions>
              <ext:TPX>
                <ext:Watts>74</ext:Watts>
              </ext:TPX>
            </Extensions>
          </Trackpoint>
          <Trackpoint>
            <Time>2026-09-08T10:21:25.000Z</Time>
            <Cadence>81</Cadence>
            <Extensions>
              <ext:TPX>
                <ext:Watts>74</ext:Watts>
              </ext:TPX>
            </Extensions>
          </Trackpoint>
          <Trackpoint>
            <Time>2026-09-08T10:21:26.000Z</Time>
            <Cadence>81</Cadence>
            <Extensions>
              <ext:TPX>
                <ext:Watts>74</ext:Watts>
              </ext:TPX>
            </Extensions>
          </Trackpoint>
          <Trackpoint>
            <Time>2026-09-08T10:21:27.000Z</Time>
            <Cadence>81</Cadence>
            <Extensions>
              <ext:TPX>
                <ext:Watts>74</ext:Watts>
              </ext:TPX>
            </Extensions>
          </Trackpoint>
          <Trackpoint>
            <Time>2026-09-08T10:21:28.000Z</Time>
            <Cadence>81</Cadence>
            <Extensions>
              <ext:TPX>
                <ext:Watts>74</ext:Watts>
              </ext:TPX>
            </Extensions>
          </Trackpoint>
          <Trackpoint>
            <Time>2026-09-08T10:21:29.000Z</Time>
            <Cadence>81</Cadence>
            <Extensions>
              <ext:TPX>
                <ext:Watts>74</ext:Watts>
              </ext:TPX>
            </Extensions>
          </Trackpoint>
          <Trackpoint>
            <Time>2026-09-08T10:21:30.000Z</Time>
            <Cadence>81</Cadence>
            <Extensions>
              <ext:TPX>
                <ext:Watts>74</ext:Watts>
              </ext:TPX>
            </Extensions>
          </Trackpoint>
          <Trackpoint>
            <Time>2026-09-08T10:21:31.000Z</Time>
            <Cadence>81</Cadence>
            <Extensions>
              <ext:TPX>
                <ext:Watts>74</ext:Watts>
              </ext:TPX>
            </Extensions>
          </Trackpoint>
          <Trackpoint>
            <Time>2026-09-08T10:21:32.000Z</Time>
            <Cadence>81</Cadence>
            <Extensions>
              <ext:TPX>
                <ext:Watts>74</ext:Watts>
              </ext:TPX>
            </Extensions>
          </Trackpoint>
          <Trackpoint>
            <Time>2026-09-08T10:21:33.000Z</Time>
            <Cadence>81</Cadence>
            <Extensions>
              <ext:TPX>
                <ext:Watts>74</ext:Watts>
              </ext:TPX>
            </Extensions>
          </Trackpoint>
          <Trackpoint>
            <Time>2026-09-08T10:21:34.000Z</Time>
            <Cadence>81</Cadence>
            <Extensions>
              <ext:TPX>
                <ext:Watts>74</ext:Watts>
              </ext:TPX>
            </Extensions>
          </Trackpoint>
          <Trackpoint>
            <Time>2026-09-08T10:21:35.000Z</Time>
            <Cadence>81</Cadence>
            <Extensions>
              <ext:TPX>
                <ext:Watts>74</ext:Watts>
              </ext:TPX>
            </Extensions>
          </Trackpoint>
          <Trackpoint>
            <Time>2026-09-08T10:21:36.000Z</Time>
            <Cadence>81</Cadence>
            <Extensions>
              <ext:TPX>
                <ext:Watts>74</ext:Watts>
              </ext:TPX>
            </Extensions>
          </Trackpoint>
          <Trackpoint>
            <Time>2026-09-08T10:21:37.000Z</Time>
            <Cadence>81</Cadence>
            <Extensions>
              <ext:TPX>
                <ext:Watts>74</ext:Watts>
              </ext:TPX>
            </Extensions>
          </Trackpoint>
          <Trackpoint>
            <Time>2026-09-08T10:21:38.000Z</Time>
            <Cadence>81</Cadence>
            <Extensions>
              <ext:TPX>
                <ext:Watts>74</ext:Watts>
              </ext:TPX>
            </Extensions>
          </Trackpoint>
          <Trackpoint>
            <Time>2026-09-08T10:21:39.000Z</Time>
            <Cadence>81</Cadence>
            <Extensions>
              <ext:TPX>
                <ext:Watts>74</ext:Watts>
              </ext:TPX>
            </Extensions>
          </Trackpoint>
          <Trackpoint>
            <Time>2026-09-08T10:21:40.000Z</Time>
            <Cadence>81</Cadence>
            <Extensions>
              <ext:TPX>
                <ext:Watts>74</ext:Watts>
              </ext:TPX>
            </Extensions>
          </Trackpoint>
          <Trackpoint>
            <Time>2026-09-08T10:21:41.000Z</Time>
            <Cadence>81</Cadence>
            <Extensions>
              <ext:TPX>
                <ext:Watts>74</ext:Watts>
              </ext:TPX>
            </Extensions>
          </Trackpoint>
          <Trackpoint>
            <Time>2026-09-08T10:21:42.000Z</Time>
            <Cadence>81</Cadence>
          </Trackpoint>
          <Trackpoint>
            <Time>2026-09-08T10:21:43.000Z</Time>
            <Cadence>81</Cadence>
          </Trackpoint>
          <Trackpoint>
            <Time>2026-09-08T10:21:44.000Z</Time>
            <Cadence>81</Cadence>
          </Trackpoint>
          <Trackpoint>
            <Time>2026-09-08T10:21:45.000Z</Time>
            <Cadence>81</Cadence>
          </Trackpoint>
          <Trackpoint>
            <Time>2026-09-08T10:21:46.000Z</Time>
            <Cadence>81</Cadence>
          </Trackpoint>
          <Trackpoint>
            <Time>2026-09-08T10:21:47.000Z</Time>
            <Cadence>81</Cadence>
          </Trackpoint>
          <Trackpoint>
            <Time>2026-09-08T10:21:48.000Z</Time>
            <Cadence>81</Cadence>
          </Trackpoint>
          <Trackpoint>
            <Time>2026-09-08T10:21:49.000Z</Time>
            <Cadence>81</Cadence>
          </Trackpoint>
          <Trackpoint>
            <Time>2026-09-08T10:21:50.000Z</Time>
            <Cadence>81</Cadence>
          </Trackpoint>
          <Trackpoint>
            <Time>2026-09-08T10:21:51.000Z</Time>
            <Cadence>81</Cadence>
          </Trackpoint>
          <Trackpoint>
            <Time>2026-09-08T10:21:52.000Z</Time>
            <Cadence>81</Cadence>
          </Trackpoint>
          <Trackpoint>
            <Time>2026-09-08T10:21:53.000Z</Time>
            <Cadence>81</Cadence>
          </Trackpoint>
          <Trackpoint>
            <Time>2026-09-08T10:21:54.000Z</Time>
            <Cadence>81</Cadence>
          </Trackpoint>
          <Trackpoint>
            <Time>2026-09-08T10:21:55.000Z</Time>
            <Cadence>81</Cadence>
          </Trackpoint>
          <Trackpoint>
            <Time>2026-09-08T10:21:56.000Z</Time>
            <Cadence>81</Cadence>
          </Trackpoint>
          <Trackpoint>
            <Time>2026-09-08T10:21:57.000Z</Time>
            <Cadence>81</Cadence>
          </Trackpoint>
          <Trackpoint>
            <Time>2026-09-08T10:21:58.000Z</Time>
            <Cadence>81</Cadence>
          </Trackpoint>
          <Trackpoint>
            <Time>2026-09-08T10:21:59.000Z</Time>
            <Cadence>81</Cadence>
          </Trackpoint>
          <Trackpoint>
            <Time>2026-09-08T10:22:00.000Z</Time>
            <Cadence>81</Cadence>
          </Trackpoint>
          <Trackpoint>
            <Time>2026-09-08T10:22:01.000Z</Time>
            <Cadence>81</Cadence>
          </Trackpoint>
          <Trackpoint>
            <Time>2026-09-08T10:22:02.000Z</Time>
            <Cadence>81</Cadence>
          </Trackpoint>
          <Trackpoint>
            <Time>2026-09-08T10:22:03.000Z</Time>
            <Cadence>81</Cadence>
          </Trackpoint>
          <Trackpoint>
            <Time>2026-09-08T10:22:04.000Z</Time>
            <Cadence>81</Cadence>
          </Trackpoint>
          <Trackpoint>
            <Time>2026-09-08T10:22:05.000Z</Time>
            <Cadence>81</Cadence>
          </Trackpoint>
          <Trackpoint>
            <Time>2026-09-08T10:22:06.000Z</Time>
            <Cadence>81</Cadence>
          </Trackpoint>
          <Trackpoint>
            <Time>2026-09-08T10:22:07.000Z</Time>
            <Cadence>81</Cadence>
          </Trackpoint>
          <Trackpoint>
            <Time>2026-09-08T10:22:08.000Z</Time>
            <Cadence>81</Cadence>
          </Trackpoint>
          <Trackpoint>
            <Time>2026-09-08T10:22:09.000Z</Time>
            <Cadence>81</Cadence>
          </Trackpoint>
          <Trackpoint>
            <Time>2026-09-08T10:22:10.000Z</Time>
            <Cadence>81</Cadence>
          </Trackpoint>
          <Trackpoint>
            <Time>2026-09-08T10:22:11.000Z</Time>
            <Cadence>81</Cadence>
          </Trackpoint>
          <Trackpoint>
            <Time>2026-09-08T10:22:12.000Z</Time>
            <Cadence>81</Cadence>
            <Extensions>
              <ext:TPX>
                <ext:Watts>24</ext:Watts>
              </ext:TPX>
            </Extensions>
          </Trackpoint>
          <Trackpoint>
            <Time>2026-09-08T10:22:13.000Z</Time>
            <Cadence>81</Cadence>
            <Extensions>
              <ext:TPX>
                <ext:Watts>21</ext:Watts>
              </ext:TPX>
            </Extensions>
          </Trackpoint>
          <Trackpoint>
            <Time>2026-09-08T10:22:14.000Z</Time>
            <Cadence>81</Cadence>
            <Extensions>
              <ext:TPX>
                <ext:Watts>18</ext:Watts>
              </ext:TPX>
            </Extensions>
          </Trackpoint>
          <Trackpoint>
            <Time>2026-09-08T10:22:15.000Z</Time>
            <Cadence>81</Cadence>
            <Extensions>
              <ext:TPX>
                <ext:Watts>18</ext:Watts>
              </ext:TPX>
            </Extensions>
          </Trackpoint>
          <Trackpoint>
            <Time>2026-09-08T10:22:16.000Z</Time>
            <Cadence>81</Cadence>
            <Extensions>
              <ext:TPX>
                <ext:Watts>18</ext:Watts>
              </ext:TPX>
            </Extensions>
          </Trackpoint>
          <Trackpoint>
            <Time>2026-09-08T10:22:17.000Z</Time>
            <Cadence>81</Cadence>
            <Extensions>
              <ext:TPX>
                <ext:Watts>16</ext:Watts>
              </ext:TPX>
            </Extensions>
          </Trackpoint>
          <Trackpoint>
            <Time>2026-09-08T10:22:18.000Z</Time>
            <Cadence>81</Cadence>
            <Extensions>
              <ext:TPX>
                <ext:Watts>10</ext:Watts>
              </ext:TPX>
            </Extensions>
          </Trackpoint>
          <Trackpoint>
            <Time>2026-09-08T10:22:19.000Z</Time>
            <Cadence>81</Cadence>
            <Extensions>
              <ext:TPX>
                <ext:Watts>7</ext:Watts>
              </ext:TPX>
            </Extensions>
          </Trackpoint>
          <Trackpoint>
            <Time>2026-09-08T10:22:20.000Z</Time>
            <Cadence>81</Cadence>
            <Extensions>
              <ext:TPX>
                <ext:Watts>7</ext:Watts>
              </ext:TPX>
            </Extensions>
          </Trackpoint>
          <Trackpoint>
            <Time>2026-09-08T10:22:21.000Z</Time>
            <Cadence>81</Cadence>
            <Extensions>
              <ext:TPX>
                <ext:Watts>7</ext:Watts>
              </ext:TPX>
            </Extensions>
          </Trackpoint>
          <Trackpoint>
            <Time>2026-09-08T10:22:22.000Z</Time>
            <Cadence>81</Cadence>
            <Extensions>
              <ext:TPX>
                <ext:Watts>7</ext:Watts>
              </ext:TPX>
            </Extensions>
          </Trackpoint>
        </Track>
      </Lap>
    </Activity>
  </Activities>
</TrainingCenterDatabase>
