<?xml version="1.0" ?>
<TrainingCenterDatabase xmlns="http://www.garmin.com/xmlschemas/TrainingCenterDatabase/v2" xmlns:ext="http://www.garmin.com/xmlschemas/ActivityExtension/v2" xmlns:xsi="http://www.w3.org/2001/XMLSchema-instance" xsi:schemaLocation="http://www.garmin.com/xmlschemas/TrainingCenterDatabase/v2 https://www8.garmin.com/xmlschemas/TrainingCenterDatabasev2.xsd">
  <Activities>
    <Activity Sport="Biking">
      <Id>2026-09-07T19:19:11.000Z</Id>
      <Lap StartTime="2026-09-07T19:19:11.000Z">
        <TotalTimeSeconds>598.5</TotalTimeSeconds>
        <DistanceMeters>0.0</DistanceMeters>
        <Calories>0</Calories>
        <AverageHeartRateBpm>
          <Value>109</Value>
        </AverageHeartRateBpm>
        <MaximumHeartRateBpm>
          <Value>121</Value>
        </MaximumHeartRateBpm>
        <Intensity>Active</Intensity>
        <TriggerMethod>Manual</TriggerMethod>
        <Notes>Aquecimento</Notes>
        <Track>
          <Trackpoint>
            <Time>2026-09-07T19:19:11.000Z</Time>
            <HeartRateBpm>
              <Value>95</Value>
            </HeartRateBpm>
            <Cadence>78</Cadence>
            <Extensions>
              <ext:TPX>
                <ext:Watts>84</ext:Watts>
              </ext:TPX>
            </Extensions>
          </Trackpoint>
          <Trackpoint>
            <Time>2026-09-07T19:19:12.000Z</Time>
            <HeartRateBpm>
              <Value>96</Value>
            </HeartRateBpm>
            <Cadence>80</Cadence>
            <Extensions>
              <ext:TPX>
                <ext:Watts>59</ext:Watts>
              </ext:TPX>
            </Extensions>
          </Trackpoint>
          <Trackpoint>
            <Time>2026-09-07T19:19:13.000Z</Time>
            <HeartRateBpm>
              <Value>96</Value>
            </HeartRateBpm>
            <Cadence>17</Cadence>
            <Extensions>
              <ext:TPX>
                <ext:Watts>71</ext:Watts>
              </ext:TPX>
            </Extensions>
          </Trackpoint>
          <Trackpoint>
            <Time>2026-09-07T19:19:14.000Z</Time>
            <HeartRateBpm>
              <Value>96</Value>
            </HeartRateBpm>
            <Cadence>17</Cadence>
            <Extensions>
              <ext:TPX>
                <ext:Watts>71</ext:Watts>
              </ext:TPX>
            </Extensions>
          </Trackpoint>
          <Trackpoint>
            <Time>2026-09-07T19:19:15.000Z</Time>
            <HeartRateBpm>
              <Value>97</Value>
            </HeartRateBpm>
            <Cadence>17</Cadence>
            <Extensions>
              <ext:TPX>
                <ext:Watts>71</ext:Watts>
              </ext:TPX>
            </Extensions>
          </Trackpoint>
          <Trackpoint>
            <Time>2026-09-07T19:19:16.000Z</Time>
            <HeartRateBpm>
              <Value>97</Value>
            </HeartRateBpm>
            <Cadence>51</Cadence>
            <Extensions>
              <ext:TPX>
                <ext:Watts>81</ext:Watts>
              </ext:TPX>
            </Extensions>
          </Trackpoint>
          <Trackpoint>
            <Time>2026-09-07T19:19:17.000Z</Time>
            <HeartRateBpm>
              <Value>96</Value>
            </HeartRateBpm>
            <Cadence>80</Cadence>
            <Extensions>
              <ext:TPX>
                <ext:Watts>83</ext:Watts>
              </ext:TPX>
            </Extensions>
          </Trackpoint>
          <Trackpoint>
            <Time>2026-09-07T19:19:18.000Z</Time>
            <HeartRateBpm>
              <Value>96</Value>
            </HeartRateBpm>
            <Cadence>76</Cadence>
            <Extensions>
              <ext:TPX>
                <ext:Watts>83</ext:Watts>
              </ext:TPX>
            </Extensions>
          </Trackpoint>
          <Trackpoint>
            <Time>2026-09-07T19:19:19.000Z</Time>
            <HeartRateBpm>
              <Value>96</Value>
            </HeartRateBpm>
            <Cadence>78</Cadence>
            <Extensions>
              <ext:TPX>
                <ext:Watts>83</ext:Watts>
              </ext:TPX>
            </Extensions>
          </Trackpoint>
          <Trackpoint>
            <Time>2026-09-07T19:19:20.000Z</Time>
            <HeartRateBpm>
              <Value>96</Value>
            </HeartRateBpm>
            <Cadence>78</Cadence>
            <Extensions>
              <ext:TPX>
                <ext:Watts>83</ext:Watts>
              </ext:TPX>
            </Extensions>
          </Trackpoint>
          <Trackpoint>
            <Time>2026-09-07T19:19:21.000Z</Time>
            <HeartRateBpm>
              <Value>96</Value>
            </HeartRateBpm>
            <Cadence>78</Cadence>
            <Extensions>
              <ext:TPX>
                <ext:Watts>83</ext:Watts>
              </ext:TPX>
            </Extensions>
          </Trackpoint>
          <Trackpoint>
            <Time>2026-09-07T19:19:22.000Z</Time>
            <HeartRateBpm>
              <Value>96</Value>
            </HeartRateBpm>
            <Cadence>78</Cadence>
            <Extensions>
              <ext:TPX>
                <ext:Watts>83</ext:Watts>
              </ext:TPX>
            </Extensions>
          </Trackpoint>
          <Trackpoint>
            <Time>2026-09-07T19:19:23.000Z</Time>
            <HeartRateBpm>
              <Value>96</Value>
            </HeartRateBpm>
            <Cadence>79</Cadence>
            <Extensions>
              <ext:TPX>
                <ext:Watts>82</ext:Watts>
              </ext:TPX>
            </Extensions>
          </Trackpoint>
          <Trackpoint>
            <Time>2026-09-07T19:19:24.000Z</Time>
            <HeartRateBpm>
              <Value>96</Value>
            </HeartRateBpm>
            <Cadence>74</Cadence>
            <Extensions>
              <ext:TPX>
                <ext:Watts>80</ext:Watts>
              </ext:TPX>
            </Extensions>
          </Trackpoint>
          <Trackpoint>
            <Time>2026-09-07T19:19:25.000Z</Time>
            <HeartRateBpm>
              <Value>96</Value>
            </HeartRateBpm>
            <Cadence>74</Cadence>
            <Extensions>
              <ext:TPX>
                <ext:Watts>68</ext:Watts>
              </ext:TPX>
            </Extensions>
          </Trackpoint>
          <Trackpoint>
            <Time>2026-09-07T19:19:26.000Z</Time>
            <HeartRateBpm>
              <Value>96</Value>
            </HeartRateBpm>
            <Cadence>74</Cadence>
            <Extensions>
              <ext:TPX>
                <ext:Watts>57</ext:Watts>
              </ext:TPX>
            </Extensions>
          </Trackpoint>
          <Trackpoint>
            <Time>2026-09-07T19:19:27.000Z</Time>
            <HeartRateBpm>
              <Value>96</Value>
            </HeartRateBpm>
            <Cadence>74</Cadence>
            <Extensions>
              <ext:TPX>
                <ext:Watts>57</ext:Watts>
              </ext:TPX>
            </Extensions>
          </Trackpoint>
          <Trackpoint>
            <Time>2026-09-07T19:19:28.000Z</Time>
            <HeartRateBpm>
              <Value>99</Value>
            </HeartRateBpm>
            <Cadence>74</Cadence>
            <Extensions>
              <ext:TPX>
                <ext:Watts>48</ext:Watts>
              </ext:TPX>
            </Extensions>
          </Trackpoint>
          <Trackpoint>
            <Time>2026-09-07T19:19:29.000Z</Time>
            <HeartRateBpm>
              <Value>100</Value>
            </HeartRateBpm>
            <Cadence>74</Cadence>
            <Extensions>
              <ext:TPX>
                <ext:Watts>39</ext:Watts>
              </ext:TPX>
            </Extensions>
          </Trackpoint>
          <Trackpoint>
            <Time>2026-09-07T19:19:30.000Z</Time>
            <HeartRateBpm>
              <Value>100</Value>
            </HeartRateBpm>
            <Cadence>74</Cadence>
            <Extensions>
              <ext:TPX>
                <ext:Watts>24</ext:Watts>
              </ext:TPX>
            </Extensions>
          </Trackpoint>
          <Trackpoint>
            <Time>2026-09-07T19:19:31.000Z</Time>
            <HeartRateBpm>
              <Value>98</Value>
            </HeartRateBpm>
            <Cadence>74</Cadence>
            <Extensions>
              <ext:TPX>
                <ext:Watts>16</ext:Watts>
              </ext:TPX>
            </Extensions>
          </Trackpoint>
          <Trackpoint>
            <Time>2026-09-07T19:19:32.000Z</Time>
            <HeartRateBpm>
              <Value>98</Value>
            </HeartRateBpm>
            <Cadence>74</Cadence>
            <Extensions>
              <ext:TPX>
                <ext:Watts>33</ext:Watts>
              </ext:TPX>
            </Extensions>
          </Trackpoint>
          <Trackpoint>
            <Time>2026-09-07T19:19:33.000Z</Time>
            <HeartRateBpm>
              <Value>97</Value>
            </HeartRateBpm>
            <Cadence>74</Cadence>
            <Extensions>
              <ext:TPX>
                <ext:Watts>33</ext:Watts>
              </ext:TPX>
            </Extensions>
          </Trackpoint>
          <Trackpoint>
            <Time>2026-09-07T19:19:34.000Z</Time>
            <HeartRateBpm>
              <Value>97</Value>
            </HeartRateBpm>
            <Cadence>74</Cadence>
            <Extensions>
              <ext:TPX>
                <ext:Watts>33</ext:Watts>
              </ext:TPX>
            </Extensions>
          </Trackpoint>
          <Trackpoint>
            <Time>2026-09-07T19:19:35.000Z</Time>
            <HeartRateBpm>
              <Value>97</Value>
            </HeartRateBpm>
            <Cadence>11</Cadence>
            <Extensions>
              <ext:TPX>
                <ext:Watts>69</ext:Watts>
              </ext:TPX>
            </Extensions>
          </Trackpoint>
          <Trackpoint>
            <Time>2026-09-07T19:19:36.000Z</Time>
            <HeartRateBpm>
              <Value>96</Value>
            </HeartRateBpm>
            <Cadence>71</Cadence>
            <Extensions>
              <ext:TPX>
                <ext:Watts>69</ext:Watts>
              </ext:TPX>
            </Extensions>
          </Trackpoint>
          <Trackpoint>
            <Time>2026-09-07T19:19:37.000Z</Time>
            <HeartRateBpm>
              <Value>94</Value>
            </HeartRateBpm>
            <Cadence>71</Cadence>
            <Extensions>
              <ext:TPX>
                <ext:Watts>76</ext:Watts>
              </ext:TPX>
            </Extensions>
          </Trackpoint>
          <Trackpoint>
            <Time>2026-09-07T19:19:38.000Z</Time>
            <HeartRateBpm>
              <Value>92</Value>
            </HeartRateBpm>
            <Cadence>79</Cadence>
            <Extensions>
              <ext:TPX>
                <ext:Watts>80</ext:Watts>
              </ext:TPX>
            </Extensions>
          </Trackpoint>
          <Trackpoint>
            <Time>2026-09-07T19:19:39.000Z</Time>
            <HeartRateBpm>
              <Value>92</Value>
            </HeartRateBpm>
            <Cadence>79</Cadence>
            <Extensions>
              <ext:TPX>
                <ext:Watts>80</ext:Watts>
              </ext:TPX>
            </Extensions>
          </Trackpoint>
          <Trackpoint>
            <Time>2026-09-07T19:19:40.000Z</Time>
            <HeartRateBpm>
              <Value>93</Value>
            </HeartRateBpm>
            <Cadence>79</Cadence>
            <Extensions>
              <ext:TPX>
                <ext:Watts>80</ext:Watts>
              </ext:TPX>
            </Extensions>
          </Trackpoint>
          <Trackpoint>
            <Time>2026-09-07T19:19:41.000Z</Time>
            <HeartRateBpm>
              <Value>94</Value>
            </HeartRateBpm>
            <Cadence>77</Cadence>
            <Extensions>
              <ext:TPX>
                <ext:Watts>81</ext:Watts>
              </ext:TPX>
            </Extensions>
          </Trackpoint>
          <Trackpoint>
            <Time>2026-09-07T19:19:42.000Z</Time>
            <HeartRateBpm>
              <Value>94</Value>
            </HeartRateBpm>
            <Cadence>80</Cadence>
            <Extensions>
              <ext:TPX>
                <ext:Watts>82</ext:Watts>
              </ext:TPX>
            </Extensions>
          </Trackpoint>
          <Trackpoint>
            <Time>2026-09-07T19:19:43.000Z</Time>
            <HeartRateBpm>
              <Value>94</Value>
            </HeartRateBpm>
            <Cadence>75</Cadence>
            <Extensions>
              <ext:TPX>
                <ext:Watts>80</ext:Watts>
              </ext:TPX>
            </Extensions>
          </Trackpoint>
          <Trackpoint>
            <Time>2026-09-07T19:19:44.000Z</Time>
            <HeartRateBpm>
              <Value>94</Value>
            </HeartRateBpm>
            <Cadence>78</Cadence>
            <Extensions>
              <ext:TPX>
                <ext:Watts>81</ext:Watts>
              </ext:TPX>
            </Extensions>
          </Trackpoint>
          <Trackpoint>
            <Time>2026-09-07T19:19:45.000Z</Time>
            <HeartRateBpm>
              <Value>94</Value>
            </HeartRateBpm>
            <Cadence>78</Cadence>
            <Extensions>
              <ext:TPX>
                <ext:Watts>81</ext:Watts>
              </ext:TPX>
            </Extensions>
          </Trackpoint>
          <Trackpoint>
            <Time>2026-09-07T19:19:46.000Z</Time>
            <HeartRateBpm>
              <Value>94</Value>
            </HeartRateBpm>
            <Cadence>76</Cadence>
            <Extensions>
              <ext:TPX>
                <ext:Watts>80</ext:Watts>
              </ext:TPX>
            </Extensions>
          </Trackpoint>
          <Trackpoint>
            <Time>2026-09-07T19:19:47.000Z</Time>
            <HeartRateBpm>
              <Value>94</Value>
            </HeartRateBpm>
            <Cadence>76</Cadence>
            <Extensions>
              <ext:TPX>
                <ext:Watts>80</ext:Watts>
              </ext:TPX>
            </Extensions>
          </Trackpoint>
          <Trackpoint>
            <Time>2026-09-07T19:19:48.000Z</Time>
            <HeartRateBpm>
              <Value>94</Value>
            </HeartRateBpm>
            <Cadence>76</Cadence>
            <Extensions>
              <ext:TPX>
                <ext:Watts>80</ext:Watts>
              </ext:TPX>
            </Extensions>
          </Trackpoint>
          <Trackpoint>
            <Time>2026-09-07T19:19:49.000Z</Time>
            <HeartRateBpm>
              <Value>94</Value>
            </HeartRateBpm>
            <Cadence>76</Cadence>
            <Extensions>
              <ext:TPX>
                <ext:Watts>80</ext:Watts>
              </ext:TPX>
            </Extensions>
          </Trackpoint>
          <Trackpoint>
            <Time>2026-09-07T19:19:50.000Z</Time>
            <HeartRateBpm>
              <Value>105</Value>
            </HeartRateBpm>
            <Cadence>77</Cadence>
            <Extensions>
              <ext:TPX>
                <ext:Watts>81</ext:Watts>
              </ext:TPX>
            </Extensions>
          </Trackpoint>
          <Trackpoint>
            <Time>2026-09-07T19:19:51.000Z</Time>
            <HeartRateBpm>
              <Value>105</Value>
            </HeartRateBpm>
            <Cadence>77</Cadence>
            <Extensions>
              <ext:TPX>
                <ext:Watts>81</ext:Watts>
              </ext:TPX>
            </Extensions>
          </Trackpoint>
          <Trackpoint>
            <Time>2026-09-07T19:19:52.000Z</Time>
            <HeartRateBpm>
              <Value>104</Value>
            </HeartRateBpm>
            <Cadence>76</Cadence>
            <Extensions>
              <ext:TPX>
                <ext:Watts>81</ext:Watts>
              </ext:TPX>
            </Extensions>
          </Trackpoint>
          <Trackpoint>
            <Time>2026-09-07T19:19:53.000Z</Time>
            <HeartRateBpm>
              <Value>104</Value>
            </HeartRateBpm>
            <Cadence>76</Cadence>
            <Extensions>
              <ext:TPX>
                <ext:Watts>81</ext:Watts>
              </ext:TPX>
            </Extensions>
          </Trackpoint>
          <Trackpoint>
            <Time>2026-09-07T19:19:54.000Z</Time>
            <HeartRateBpm>
              <Value>104</Value>
            </HeartRateBpm>
            <Cadence>74</Cadence>
            <Extensions>
              <ext:TPX>
                <ext:Watts>80</ext:Watts>
              </ext:TPX>
            </Extensions>
          </Trackpoint>
          <Trackpoint>
            <Time>2026-09-07T19:19:55.000Z</Time>
            <HeartRateBpm>
              <Value>104</Value>
            </HeartRateBpm>
            <Cadence>80</Cadence>
            <Extensions>
              <ext:TPX>
                <ext:Watts>82</ext:Watts>
              </ext:TPX>
            </Extensions>
          </Trackpoint>
          <Trackpoint>
            <Time>2026-09-07T19:19:56.000Z</Time>
            <HeartRateBpm>
              <Value>104</Value>
            </HeartRateBpm>
            <Cadence>84</Cadence>
            <Extensions>
              <ext:TPX>
                <ext:Watts>82</ext:Watts>
              </ext:TPX>
            </Extensions>
          </Trackpoint>
          <Trackpoint>
            <Time>2026-09-07T19:19:57.000Z</Time>
            <HeartRateBpm>
              <Value>103</Value>
            </HeartRateBpm>
            <Cadence>84</Cadence>
            <Extensions>
              <ext:TPX>
                <ext:Watts>82</ext:Watts>
              </ext:TPX>
            </Extensions>
          </Trackpoint>
          <Trackpoint>
            <Time>2026-09-07T19:19:58.000Z</Time>
            <HeartRateBpm>
              <Value>103</Value>
            </HeartRateBpm>
            <Cadence>49</Cadence>
            <Extensions>
              <ext:TPX>
                <ext:Watts>79</ext:Watts>
              </ext:TPX>
            </Extensions>
          </Trackpoint>
          <Trackpoint>
            <Time>2026-09-07T19:19:59.000Z</Time>
            <HeartRateBpm>
              <Value>103</Value>
            </HeartRateBpm>
            <Cadence>75</Cadence>
            <Extensions>
              <ext:TPX>
                <ext:Watts>82</ext:Watts>
              </ext:TPX>
            </Extensions>
          </Trackpoint>
          <Trackpoint>
            <Time>2026-09-07T19:20:00.000Z</Time>
            <HeartRateBpm>
              <Value>104</Value>
            </HeartRateBpm>
            <Cadence>81</Cadence>
            <Extensions>
              <ext:TPX>
                <ext:Watts>82</ext:Watts>
              </ext:TPX>
            </Extensions>
          </Trackpoint>
          <Trackpoint>
            <Time>2026-09-07T19:20:01.000Z</Time>
            <HeartRateBpm>
              <Value>104</Value>
            </HeartRateBpm>
            <Cadence>81</Cadence>
            <Extensions>
              <ext:TPX>
                <ext:Watts>81</ext:Watts>
              </ext:TPX>
            </Extensions>
          </Trackpoint>
          <Trackpoint>
            <Time>2026-09-07T19:20:02.000Z</Time>
            <HeartRateBpm>
              <Value>103</Value>
            </HeartRateBpm>
            <Cadence>76</Cadence>
            <Extensions>
              <ext:TPX>
                <ext:Watts>81</ext:Watts>
              </ext:TPX>
            </Extensions>
          </Trackpoint>
          <Trackpoint>
            <Time>2026-09-07T19:20:03.000Z</Time>
            <HeartRateBpm>
              <Value>103</Value>
            </HeartRateBpm>
            <Cadence>76</Cadence>
            <Extensions>
              <ext:TPX>
                <ext:Watts>81</ext:Watts>
              </ext:TPX>
            </Extensions>
          </Trackpoint>
          <Trackpoint>
            <Time>2026-09-07T19:20:04.000Z</Time>
            <HeartRateBpm>
              <Value>104</Value>
            </HeartRateBpm>
            <Cadence>75</Cadence>
            <Extensions>
              <ext:TPX>
                <ext:Watts>78</ext:Watts>
              </ext:TPX>
            </Extensions>
          </Trackpoint>
          <Trackpoint>
            <Time>2026-09-07T19:20:05.000Z</Time>
            <HeartRateBpm>
              <Value>104</Value>
            </HeartRateBpm>
            <Cadence>75</Cadence>
            <Extensions>
              <ext:TPX>
                <ext:Watts>78</ext:Watts>
              </ext:TPX>
            </Extensions>
          </Trackpoint>
          <Trackpoint>
            <Time>2026-09-07T19:20:06.000Z</Time>
            <HeartRateBpm>
              <Value>105</Value>
            </HeartRateBpm>
            <Cadence>77</Cadence>
            <Extensions>
              <ext:TPX>
                <ext:Watts>80</ext:Watts>
              </ext:TPX>
            </Extensions>
          </Trackpoint>
          <Trackpoint>
            <Time>2026-09-07T19:20:07.000Z</Time>
            <HeartRateBpm>
              <Value>105</Value>
            </HeartRateBpm>
            <Cadence>73</Cadence>
            <Extensions>
              <ext:TPX>
                <ext:Watts>81</ext:Watts>
              </ext:TPX>
            </Extensions>
          </Trackpoint>
          <Trackpoint>
            <Time>2026-09-07T19:20:08.000Z</Time>
            <HeartRateBpm>
              <Value>106</Value>
            </HeartRateBpm>
            <Cadence>80</Cadence>
            <Extensions>
              <ext:TPX>
                <ext:Watts>84</ext:Watts>
              </ext:TPX>
            </Extensions>
          </Trackpoint>
          <Trackpoint>
            <Time>2026-09-07T19:20:09.000Z</Time>
            <HeartRateBpm>
              <Value>107</Value>
            </HeartRateBpm>
            <Cadence>80</Cadence>
            <Extensions>
              <ext:TPX>
                <ext:Watts>84</ext:Watts>
              </ext:TPX>
            </Extensions>
          </Trackpoint>
          <Trackpoint>
            <Time>2026-09-07T19:20:10.000Z</Time>
            <HeartRateBpm>
              <Value>107</Value>
            </HeartRateBpm>
            <Cadence>79</Cadence>
            <Extensions>
              <ext:TPX>
                <ext:Watts>84</ext:Watts>
              </ext:TPX>
            </Extensions>
          </Trackpoint>
          <Trackpoint>
            <Time>2026-09-07T19:20:11.000Z</Time>
            <HeartRateBpm>
              <Value>108</Value>
            </HeartRateBpm>
            <Cadence>86</Cadence>
            <Extensions>
              <ext:TPX>
                <ext:Watts>86</ext:Watts>
              </ext:TPX>
            </Extensions>
          </Trackpoint>
          <Trackpoint>
            <Time>2026-09-07T19:20:12.000Z</Time>
            <HeartRateBpm>
              <Value>109</Value>
            </HeartRateBpm>
            <Cadence>80</Cadence>
            <Extensions>
              <ext:TPX>
                <ext:Watts>85</ext:Watts>
              </ext:TPX>
            </Extensions>
          </Trackpoint>
          <Trackpoint>
            <Time>2026-09-07T19:20:13.000Z</Time>
            <HeartRateBpm>
              <Value>109</Value>
            </HeartRateBpm>
            <Cadence>79</Cadence>
            <Extensions>
              <ext:TPX>
                <ext:Watts>85</ext:Watts>
              </ext:TPX>
            </Extensions>
          </Trackpoint>
          <Trackpoint>
            <Time>2026-09-07T19:20:14.000Z</Time>
            <HeartRateBpm>
              <Value>110</Value>
            </HeartRateBpm>
            <Cadence>79</Cadence>
            <Extensions>
              <ext:TPX>
                <ext:Watts>81</ext:Watts>
              </ext:TPX>
            </Extensions>
          </Trackpoint>
          <Trackpoint>
            <Time>2026-09-07T19:20:15.000Z</Time>
            <HeartRateBpm>
              <Value>110</Value>
            </HeartRateBpm>
            <Cadence>79</Cadence>
            <Extensions>
              <ext:TPX>
                <ext:Watts>81</ext:Watts>
              </ext:TPX>
            </Extensions>
          </Trackpoint>
          <Trackpoint>
            <Time>2026-09-07T19:20:16.000Z</Time>
            <HeartRateBpm>
              <Value>111</Value>
            </HeartRateBpm>
            <Cadence>77</Cadence>
            <Extensions>
              <ext:TPX>
                <ext:Watts>79</ext:Watts>
              </ext:TPX>
            </Extensions>
          </Trackpoint>
          <Trackpoint>
            <Time>2026-09-07T19:20:17.000Z</Time>
            <HeartRateBpm>
              <Value>110</Value>
            </HeartRateBpm>
            <Cadence>74</Cadence>
            <Extensions>
              <ext:TPX>
                <ext:Watts>78</ext:Watts>
              </ext:TPX>
            </Extensions>
          </Trackpoint>
          <Trackpoint>
            <Time>2026-09-07T19:20:18.000Z</Time>
            <HeartRateBpm>
              <Value>109</Value>
            </HeartRateBpm>
            <Cadence>74</Cadence>
            <Extensions>
              <ext:TPX>
                <ext:Watts>78</ext:Watts>
              </ext:TPX>
            </Extensions>
          </Trackpoint>
          <Trackpoint>
            <Time>2026-09-07T19:20:19.000Z</Time>
            <HeartRateBpm>
              <Value>109</Value>
            </HeartRateBpm>
            <Cadence>77</Cadence>
            <Extensions>
              <ext:TPX>
                <ext:Watts>85</ext:Watts>
              </ext:TPX>
            </Extensions>
          </Trackpoint>
          <Trackpoint>
            <Time>2026-09-07T19:20:20.000Z</Time>
            <HeartRateBpm>
              <Value>109</Value>
            </HeartRateBpm>
            <Cadence>84</Cadence>
            <Extensions>
              <ext:TPX>
                <ext:Watts>86</ext:Watts>
              </ext:TPX>
            </Extensions>
          </Trackpoint>
          <Trackpoint>
            <Time>2026-09-07T19:20:21.000Z</Time>
            <HeartRateBpm>
              <Value>109</Value>
            </HeartRateBpm>
            <Cadence>84</Cadence>
            <Extensions>
              <ext:TPX>
                <ext:Watts>86</ext:Watts>
              </ext:TPX>
            </Extensions>
          </Trackpoint>
          <Trackpoint>
            <Time>2026-09-07T19:20:22.000Z</Time>
            <HeartRateBpm>
              <Value>109</Value>
            </HeartRateBpm>
            <Cadence>79</Cadence>
            <Extensions>
              <ext:TPX>
                <ext:Watts>85</ext:Watts>
              </ext:TPX>
            </Extensions>
          </Trackpoint>
          <Trackpoint>
            <Time>2026-09-07T19:20:23.000Z</Time>
            <HeartRateBpm>
              <Value>110</Value>
            </HeartRateBpm>
            <Cadence>79</Cadence>
            <Extensions>
              <ext:TPX>
                <ext:Watts>82</ext:Watts>
              </ext:TPX>
            </Extensions>
          </Trackpoint>
          <Trackpoint>
            <Time>2026-09-07T19:20:24.000Z</Time>
            <HeartRateBpm>
              <Value>110</Value>
            </HeartRateBpm>
            <Cadence>79</Cadence>
            <Extensions>
              <ext:TPX>
                <ext:Watts>82</ext:Watts>
              </ext:TPX>
            </Extensions>
          </Trackpoint>
          <Trackpoint>
            <Time>2026-09-07T19:20:25.000Z</Time>
            <HeartRateBpm>
              <Value>111</Value>
            </HeartRateBpm>
            <Cadence>79</Cadence>
            <Extensions>
              <ext:TPX>
                <ext:Watts>81</ext:Watts>
              </ext:TPX>
            </Extensions>
          </Trackpoint>
          <Trackpoint>
            <Time>2026-09-07T19:20:26.000Z</Time>
            <HeartRateBpm>
              <Value>111</Value>
            </HeartRateBpm>
            <Cadence>79</Cadence>
            <Extensions>
              <ext:TPX>
                <ext:Watts>81</ext:Watts>
              </ext:TPX>
            </Extensions>
          </Trackpoint>
          <Trackpoint>
            <Time>2026-09-07T19:20:27.000Z</Time>
            <HeartRateBpm>
              <Value>111</Value>
            </HeartRateBpm>
            <Cadence>79</Cadence>
            <Extensions>
              <ext:TPX>
                <ext:Watts>81</ext:Watts>
              </ext:TPX>
            </Extensions>
          </Trackpoint>
          <Trackpoint>
            <Time>2026-09-07T19:20:28.000Z</Time>
            <HeartRateBpm>
              <Value>111</Value>
            </HeartRateBpm>
            <Cadence>79</Cadence>
            <Extensions>
              <ext:TPX>
                <ext:Watts>81</ext:Watts>
              </ext:TPX>
            </Extensions>
          </Trackpoint>
          <Trackpoint>
            <Time>2026-09-07T19:20:29.000Z</Time>
            <HeartRateBpm>
              <Value>111</Value>
            </HeartRateBpm>
            <Cadence>76</Cadence>
            <Extensions>
              <ext:TPX>
                <ext:Watts>80</ext:Watts>
              </ext:TPX>
            </Extensions>
          </Trackpoint>
          <Trackpoint>
            <Time>2026-09-07T19:20:30.000Z</Time>
            <HeartRateBpm>
              <Value>111</Value>
            </HeartRateBpm>
            <Cadence>74</Cadence>
            <Extensions>
              <ext:TPX>
                <ext:Watts>79</ext:Watts>
              </ext:TPX>
            </Extensions>
          </Trackpoint>
          <Trackpoint>
            <Time>2026-09-07T19:20:31.000Z</Time>
            <HeartRateBpm>
              <Value>111</Value>
            </HeartRateBpm>
            <Cadence>74</Cadence>
            <Extensions>
              <ext:TPX>
                <ext:Watts>79</ext:Watts>
              </ext:TPX>
            </Extensions>
          </Trackpoint>
          <Trackpoint>
            <Time>2026-09-07T19:20:32.000Z</Time>
            <HeartRateBpm>
              <Value>110</Value>
            </HeartRateBpm>
            <Cadence>75</Cadence>
            <Extensions>
              <ext:TPX>
                <ext:Watts>78</ext:Watts>
              </ext:TPX>
            </Extensions>
          </Trackpoint>
          <Trackpoint>
            <Time>2026-09-07T19:20:33.000Z</Time>
            <HeartRateBpm>
              <Value>108</Value>
            </HeartRateBpm>
            <Cadence>75</Cadence>
            <Extensions>
              <ext:TPX>
                <ext:Watts>78</ext:Watts>
              </ext:TPX>
            </Extensions>
          </Trackpoint>
          <Trackpoint>
            <Time>2026-09-07T19:20:34.000Z</Time>
            <HeartRateBpm>
              <Value>107</Value>
            </HeartRateBpm>
            <Cadence>75</Cadence>
            <Extensions>
              <ext:TPX>
                <ext:Watts>78</ext:Watts>
              </ext:TPX>
            </Extensions>
          </Trackpoint>
          <Trackpoint>
            <Time>2026-09-07T19:20:35.000Z</Time>
            <HeartRateBpm>
              <Value>106</Value>
            </HeartRateBpm>
            <Cadence>76</Cadence>
            <Extensions>
              <ext:TPX>
                <ext:Watts>78</ext:Watts>
              </ext:TPX>
            </Extensions>
          </Trackpoint>
          <Trackpoint>
            <Time>2026-09-07T19:20:36.000Z</Time>
            <HeartRateBpm>
              <Value>105</Value>
            </HeartRateBpm>
            <Cadence>75</Cadence>
            <Extensions>
              <ext:TPX>
                <ext:Watts>78</ext:Watts>
              </ext:TPX>
            </Extensions>
          </Trackpoint>
          <Trackpoint>
            <Time>2026-09-07T19:20:37.000Z</Time>
            <HeartRateBpm>
              <Value>106</Value>
            </HeartRateBpm>
            <Cadence>75</Cadence>
            <Extensions>
              <ext:TPX>
                <ext:Watts>77</ext:Watts>
              </ext:TPX>
            </Extensions>
          </Trackpoint>
          <Trackpoint>
            <Time>2026-09-07T19:20:38.000Z</Time>
            <HeartRateBpm>
              <Value>106</Value>
            </HeartRateBpm>
            <Cadence>75</Cadence>
            <Extensions>
              <ext:TPX>
                <ext:Watts>78</ext:Watts>
              </ext:TPX>
            </Extensions>
          </Trackpoint>
          <Trackpoint>
            <Time>2026-09-07T19:20:39.000Z</Time>
            <HeartRateBpm>
              <Value>106</Value>
            </HeartRateBpm>
            <Cadence>75</Cadence>
            <Extensions>
              <ext:TPX>
                <ext:Watts>78</ext:Watts>
              </ext:TPX>
            </Extensions>
          </Trackpoint>
          <Trackpoint>
            <Time>2026-09-07T19:20:40.000Z</Time>
            <HeartRateBpm>
              <Value>106</Value>
            </HeartRateBpm>
            <Cadence>74</Cadence>
            <Extensions>
              <ext:TPX>
                <ext:Watts>79</ext:Watts>
              </ext:TPX>
            </Extensions>
          </Trackpoint>
          <Trackpoint>
            <Time>2026-09-07T19:20:41.000Z</Time>
            <HeartRateBpm>
              <Value>105</Value>
            </HeartRateBpm>
            <Cadence>75</Cadence>
            <Extensions>
              <ext:TPX>
                <ext:Watts>80</ext:Watts>
              </ext:TPX>
            </Extensions>
          </Trackpoint>
          <Trackpoint>
            <Time>2026-09-07T19:20:42.000Z</Time>
            <HeartRateBpm>
              <Value>106</Value>
            </HeartRateBpm>
            <Cadence>77</Cadence>
            <Extensions>
              <ext:TPX>
                <ext:Watts>82</ext:Watts>
              </ext:TPX>
            </Extensions>
          </Trackpoint>
          <Trackpoint>
            <Time>2026-09-07T19:20:43.000Z</Time>
            <HeartRateBpm>
              <Value>107</Value>
            </HeartRateBpm>
            <Cadence>77</Cadence>
            <Extensions>
              <ext:TPX>
                <ext:Watts>82</ext:Watts>
              </ext:TPX>
            </Extensions>
          </Trackpoint>
          <Trackpoint>
            <Time>2026-09-07T19:20:44.000Z</Time>
            <HeartRateBpm>
              <Value>107</Value>
            </HeartRateBpm>
            <Cadence>77</Cadence>
            <Extensions>
              <ext:TPX>
                <ext:Watts>82</ext:Watts>
              </ext:TPX>
            </Extensions>
          </Trackpoint>
          <Trackpoint>
            <Time>2026-09-07T19:20:45.000Z</Time>
            <HeartRateBpm>
              <Value>107</Value>
            </HeartRateBpm>
            <Cadence>77</Cadence>
            <Extensions>
              <ext:TPX>
                <ext:Watts>82</ext:Watts>
              </ext:TPX>
            </Extensions>
          </Trackpoint>
          <Trackpoint>
            <Time>2026-09-07T19:20:46.000Z</Time>
            <HeartRateBpm>
              <Value>105</Value>
            </HeartRateBpm>
            <Cadence>78</Cadence>
            <Extensions>
              <ext:TPX>
                <ext:Watts>81</ext:Watts>
              </ext:TPX>
            </Extensions>
          </Trackpoint>
          <Trackpoint>
            <Time>2026-09-07T19:20:47.000Z</Time>
            <HeartRateBpm>
              <Value>105</Value>
            </HeartRateBpm>
            <Cadence>77</Cadence>
            <Extensions>
              <ext:TPX>
                <ext:Watts>81</ext:Watts>
              </ext:TPX>
            </Extensions>
          </Trackpoint>
          <Trackpoint>
            <Time>2026-09-07T19:20:48.000Z</Time>
            <HeartRateBpm>
              <Value>105</Value>
            </HeartRateBpm>
            <Cadence>75</Cadence>
            <Extensions>
              <ext:TPX>
                <ext:Watts>81</ext:Watts>
              </ext:TPX>
            </Extensions>
          </Trackpoint>
          <Trackpoint>
            <Time>2026-09-07T19:20:49.000Z</Time>
            <HeartRateBpm>
              <Value>105</Value>
            </HeartRateBpm>
            <Cadence>77</Cadence>
            <Extensions>
              <ext:TPX>
                <ext:Watts>81</ext:Watts>
              </ext:TPX>
            </Extensions>
          </Trackpoint>
          <Trackpoint>
            <Time>2026-09-07T19:20:50.000Z</Time>
            <HeartRateBpm>
              <Value>105</Value>
            </HeartRateBpm>
            <Cadence>77</Cadence>
            <Extensions>
              <ext:TPX>
                <ext:Watts>80</ext:Watts>
              </ext:TPX>
            </Extensions>
          </Trackpoint>
          <Trackpoint>
            <Time>2026-09-07T19:20:51.000Z</Time>
            <HeartRateBpm>
              <Value>105</Value>
            </HeartRateBpm>
            <Cadence>77</Cadence>
            <Extensions>
              <ext:TPX>
                <ext:Watts>80</ext:Watts>
              </ext:TPX>
            </Extensions>
          </Trackpoint>
          <Trackpoint>
            <Time>2026-09-07T19:20:52.000Z</Time>
            <HeartRateBpm>
              <Value>105</Value>
            </HeartRateBpm>
            <Cadence>77</Cadence>
            <Extensions>
              <ext:TPX>
                <ext:Watts>80</ext:Watts>
              </ext:TPX>
            </Extensions>
          </Trackpoint>
          <Trackpoint>
            <Time>2026-09-07T19:20:53.000Z</Time>
            <HeartRateBpm>
              <Value>105</Value>
            </HeartRateBpm>
            <Cadence>77</Cadence>
            <Extensions>
              <ext:TPX>
                <ext:Watts>80</ext:Watts>
              </ext:TPX>
            </Extensions>
          </Trackpoint>
          <Trackpoint>
            <Time>2026-09-07T19:20:54.000Z</Time>
            <HeartRateBpm>
              <Value>105</Value>
            </HeartRateBpm>
            <Cadence>76</Cadence>
            <Extensions>
              <ext:TPX>
                <ext:Watts>83</ext:Watts>
              </ext:TPX>
            </Extensions>
          </Trackpoint>
          <Trackpoint>
            <Time>2026-09-07T19:20:55.000Z</Time>
            <HeartRateBpm>
              <Value>105</Value>
            </HeartRateBpm>
            <Cadence>77</Cadence>
            <Extensions>
              <ext:TPX>
                <ext:Watts>81</ext:Watts>
              </ext:TPX>
            </Extensions>
          </Trackpoint>
          <Trackpoint>
            <Time>2026-09-07T19:20:56.000Z</Time>
            <HeartRateBpm>
              <Value>104</Value>
            </HeartRateBpm>
            <Cadence>77</Cadence>
            <Extensions>
              <ext:TPX>
                <ext:Watts>81</ext:Watts>
              </ext:TPX>
            </Extensions>
          </Trackpoint>
          <Trackpoint>
            <Time>2026-09-07T19:20:57.000Z</Time>
            <HeartRateBpm>
              <Value>105</Value>
            </HeartRateBpm>
            <Cadence>76</Cadence>
            <Extensions>
              <ext:TPX>
                <ext:Watts>80</ext:Watts>
              </ext:TPX>
            </Extensions>
          </Trackpoint>
          <Trackpoint>
            <Time>2026-09-07T19:20:58.000Z</Time>
            <HeartRateBpm>
              <Value>105</Value>
            </HeartRateBpm>
            <Cadence>76</Cadence>
            <Extensions>
              <ext:TPX>
                <ext:Watts>80</ext:Watts>
              </ext:TPX>
            </Extensions>
          </Trackpoint>
          <Trackpoint>
            <Time>2026-09-07T19:20:59.000Z</Time>
            <HeartRateBpm>
              <Value>105</Value>
            </HeartRateBpm>
            <Cadence>76</Cadence>
            <Extensions>
              <ext:TPX>
                <ext:Watts>80</ext:Watts>
              </ext:TPX>
            </Extensions>
          </Trackpoint>
          <Trackpoint>
            <Time>2026-09-07T19:21:00.000Z</Time>
            <HeartRateBpm>
              <Value>105</Value>
            </HeartRateBpm>
            <Cadence>78</Cadence>
            <Extensions>
              <ext:TPX>
                <ext:Watts>80</ext:Watts>
              </ext:TPX>
            </Extensions>
          </Trackpoint>
          <Trackpoint>
            <Time>2026-09-07T19:21:01.000Z</Time>
            <HeartRateBpm>
              <Value>105</Value>
            </HeartRateBpm>
            <Cadence>77</Cadence>
            <Extensions>
              <ext:TPX>
                <ext:Watts>80</ext:Watts>
              </ext:TPX>
            </Extensions>
          </Trackpoint>
          <Trackpoint>
            <Time>2026-09-07T19:21:02.000Z</Time>
            <HeartRateBpm>
              <Value>106</Value>
            </HeartRateBpm>
            <Cadence>75</Cadence>
            <Extensions>
              <ext:TPX>
                <ext:Watts>80</ext:Watts>
              </ext:TPX>
            </Extensions>
          </Trackpoint>
          <Trackpoint>
            <Time>2026-09-07T19:21:03.000Z</Time>
            <HeartRateBpm>
              <Value>106</Value>
            </HeartRateBpm>
            <Cadence>74</Cadence>
            <Extensions>
              <ext:TPX>
                <ext:Watts>80</ext:Watts>
              </ext:TPX>
            </Extensions>
          </Trackpoint>
          <Trackpoint>
            <Time>2026-09-07T19:21:04.000Z</Time>
            <HeartRateBpm>
              <Value>106</Value>
            </HeartRateBpm>
            <Cadence>74</Cadence>
            <Extensions>
              <ext:TPX>
                <ext:Watts>80</ext:Watts>
              </ext:TPX>
            </Extensions>
          </Trackpoint>
          <Trackpoint>
            <Time>2026-09-07T19:21:05.000Z</Time>
            <HeartRateBpm>
              <Value>105</Value>
            </HeartRateBpm>
            <Cadence>74</Cadence>
            <Extensions>
              <ext:TPX>
                <ext:Watts>79</ext:Watts>
              </ext:TPX>
            </Extensions>
          </Trackpoint>
          <Trackpoint>
            <Time>2026-09-07T19:21:06.000Z</Time>
            <HeartRateBpm>
              <Value>105</Value>
            </HeartRateBpm>
            <Cadence>76</Cadence>
            <Extensions>
              <ext:TPX>
                <ext:Watts>80</ext:Watts>
              </ext:TPX>
            </Extensions>
          </Trackpoint>
          <Trackpoint>
            <Time>2026-09-07T19:21:07.000Z</Time>
            <HeartRateBpm>
              <Value>105</Value>
            </HeartRateBpm>
            <Cadence>78</Cadence>
            <Extensions>
              <ext:TPX>
                <ext:Watts>83</ext:Watts>
              </ext:TPX>
            </Extensions>
          </Trackpoint>
          <Trackpoint>
            <Time>2026-09-07T19:21:08.000Z</Time>
            <HeartRateBpm>
              <Value>105</Value>
            </HeartRateBpm>
            <Cadence>78</Cadence>
            <Extensions>
              <ext:TPX>
                <ext:Watts>81</ext:Watts>
              </ext:TPX>
            </Extensions>
          </Trackpoint>
          <Trackpoint>
            <Time>2026-09-07T19:21:09.000Z</Time>
            <HeartRateBpm>
              <Value>105</Value>
            </HeartRateBpm>
            <Cadence>75</Cadence>
            <Extensions>
              <ext:TPX>
                <ext:Watts>80</ext:Watts>
              </ext:TPX>
            </Extensions>
          </Trackpoint>
          <Trackpoint>
            <Time>2026-09-07T19:21:10.000Z</Time>
            <HeartRateBpm>
              <Value>106</Value>
            </HeartRateBpm>
            <Cadence>75</Cadence>
            <Extensions>
              <ext:TPX>
                <ext:Watts>80</ext:Watts>
              </ext:TPX>
            </Extensions>
          </Trackpoint>
          <Trackpoint>
            <Time>2026-09-07T19:21:11.000Z</Time>
            <HeartRateBpm>
              <Value>106</Value>
            </HeartRateBpm>
            <Cadence>72</Cadence>
            <Extensions>
              <ext:TPX>
                <ext:Watts>79</ext:Watts>
              </ext:TPX>
            </Extensions>
          </Trackpoint>
          <Trackpoint>
            <Time>2026-09-07T19:21:12.000Z</Time>
            <HeartRateBpm>
              <Value>108</Value>
            </HeartRateBpm>
            <Cadence>76</Cadence>
            <Extensions>
              <ext:TPX>
                <ext:Watts>77</ext:Watts>
              </ext:TPX>
            </Extensions>
          </Trackpoint>
          <Trackpoint>
            <Time>2026-09-07T19:21:13.000Z</Time>
            <HeartRateBpm>
              <Value>109</Value>
            </HeartRateBpm>
            <Cadence>75</Cadence>
            <Extensions>
              <ext:TPX>
                <ext:Watts>78</ext:Watts>
              </ext:TPX>
            </Extensions>
          </Trackpoint>
          <Trackpoint>
            <Time>2026-09-07T19:21:14.000Z</Time>
            <HeartRateBpm>
              <Value>110</Value>
            </HeartRateBpm>
            <Cadence>75</Cadence>
            <Extensions>
              <ext:TPX>
                <ext:Watts>78</ext:Watts>
              </ext:TPX>
            </Extensions>
          </Trackpoint>
          <Trackpoint>
            <Time>2026-09-07T19:21:15.000Z</Time>
            <HeartRateBpm>
              <Value>112</Value>
            </HeartRateBpm>
            <Cadence>76</Cadence>
            <Extensions>
              <ext:TPX>
                <ext:Watts>79</ext:Watts>
              </ext:TPX>
            </Extensions>
          </Trackpoint>
          <Trackpoint>
            <Time>2026-09-07T19:21:16.000Z</Time>
            <HeartRateBpm>
              <Value>111</Value>
            </HeartRateBpm>
            <Cadence>76</Cadence>
            <Extensions>
              <ext:TPX>
                <ext:Watts>79</ext:Watts>
              </ext:TPX>
            </Extensions>
          </Trackpoint>
          <Trackpoint>
            <Time>2026-09-07T19:21:17.000Z</Time>
            <HeartRateBpm>
              <Value>110</Value>
            </HeartRateBpm>
            <Cadence>74</Cadence>
            <Extensions>
              <ext:TPX>
                <ext:Watts>79</ext:Watts>
              </ext:TPX>
            </Extensions>
          </Trackpoint>
          <Trackpoint>
            <Time>2026-09-07T19:21:18.000Z</Time>
            <HeartRateBpm>
              <Value>109</Value>
            </HeartRateBpm>
            <Cadence>74</Cadence>
            <Extensions>
              <ext:TPX>
                <ext:Watts>81</ext:Watts>
              </ext:TPX>
            </Extensions>
          </Trackpoint>
          <Trackpoint>
            <Time>2026-09-07T19:21:19.000Z</Time>
            <HeartRateBpm>
              <Value>108</Value>
            </HeartRateBpm>
            <Cadence>78</Cadence>
            <Extensions>
              <ext:TPX>
                <ext:Watts>81</ext:Watts>
              </ext:TPX>
            </Extensions>
          </Trackpoint>
          <Trackpoint>
            <Time>2026-09-07T19:21:20.000Z</Time>
            <HeartRateBpm>
              <Value>108</Value>
            </HeartRateBpm>
            <Cadence>76</Cadence>
            <Extensions>
              <ext:TPX>
                <ext:Watts>81</ext:Watts>
              </ext:TPX>
            </Extensions>
          </Trackpoint>
          <Trackpoint>
            <Time>2026-09-07T19:21:21.000Z</Time>
            <HeartRateBpm>
              <Value>108</Value>
            </HeartRateBpm>
            <Cadence>77</Cadence>
            <Extensions>
              <ext:TPX>
                <ext:Watts>81</ext:Watts>
              </ext:TPX>
            </Extensions>
          </Trackpoint>
          <Trackpoint>
            <Time>2026-09-07T19:21:22.000Z</Time>
            <HeartRateBpm>
              <Value>108</Value>
            </HeartRateBpm>
            <Cadence>77</Cadence>
            <Extensions>
              <ext:TPX>
                <ext:Watts>81</ext:Watts>
              </ext:TPX>
            </Extensions>
          </Trackpoint>
          <Trackpoint>
            <Time>2026-09-07T19:21:23.000Z</Time>
            <HeartRateBpm>
              <Value>109</Value>
            </HeartRateBpm>
            <Cadence>81</Cadence>
            <Extensions>
              <ext:TPX>
                <ext:Watts>79</ext:Watts>
              </ext:TPX>
            </Extensions>
          </Trackpoint>
          <Trackpoint>
            <Time>2026-09-07T19:21:24.000Z</Time>
            <HeartRateBpm>
              <Value>109</Value>
            </HeartRateBpm>
            <Cadence>74</Cadence>
            <Extensions>
              <ext:TPX>
                <ext:Watts>81</ext:Watts>
              </ext:TPX>
            </Extensions>
          </Trackpoint>
          <Trackpoint>
            <Time>2026-09-07T19:21:25.000Z</Time>
            <HeartRateBpm>
              <Value>108</Value>
            </HeartRateBpm>
            <Cadence>79</Cadence>
            <Extensions>
              <ext:TPX>
                <ext:Watts>81</ext:Watts>
              </ext:TPX>
            </Extensions>
          </Trackpoint>
          <Trackpoint>
            <Time>2026-09-07T19:21:26.000Z</Time>
            <HeartRateBpm>
              <Value>109</Value>
            </HeartRateBpm>
            <Cadence>79</Cadence>
            <Extensions>
              <ext:TPX>
                <ext:Watts>80</ext:Watts>
              </ext:TPX>
            </Extensions>
          </Trackpoint>
          <Trackpoint>
            <Time>2026-09-07T19:21:27.000Z</Time>
            <HeartRateBpm>
              <Value>109</Value>
            </HeartRateBpm>
            <Cadence>75</Cadence>
            <Extensions>
              <ext:TPX>
                <ext:Watts>79</ext:Watts>
              </ext:TPX>
            </Extensions>
          </Trackpoint>
          <Trackpoint>
            <Time>2026-09-07T19:21:28.000Z</Time>
            <HeartRateBpm>
              <Value>110</Value>
            </HeartRateBpm>
            <Cadence>75</Cadence>
            <Extensions>
              <ext:TPX>
                <ext:Watts>79</ext:Watts>
              </ext:TPX>
            </Extensions>
          </Trackpoint>
          <Trackpoint>
            <Time>2026-09-07T19:21:29.000Z</Time>
            <HeartRateBpm>
              <Value>110</Value>
            </HeartRateBpm>
            <Cadence>75</Cadence>
            <Extensions>
              <ext:TPX>
                <ext:Watts>79</ext:Watts>
              </ext:TPX>
            </Extensions>
          </Trackpoint>
          <Trackpoint>
            <Time>2026-09-07T19:21:30.000Z</Time>
            <HeartRateBpm>
              <Value>110</Value>
            </HeartRateBpm>
            <Cadence>74</Cadence>
            <Extensions>
              <ext:TPX>
                <ext:Watts>80</ext:Watts>
              </ext:TPX>
            </Extensions>
          </Trackpoint>
          <Trackpoint>
            <Time>2026-09-07T19:21:31.000Z</Time>
            <HeartRateBpm>
              <Value>111</Value>
            </HeartRateBpm>
            <Cadence>74</Cadence>
            <Extensions>
              <ext:TPX>
                <ext:Watts>80</ext:Watts>
              </ext:TPX>
            </Extensions>
          </Trackpoint>
          <Trackpoint>
            <Time>2026-09-07T19:21:32.000Z</Time>
            <HeartRateBpm>
              <Value>111</Value>
            </HeartRateBpm>
            <Cadence>77</Cadence>
            <Extensions>
              <ext:TPX>
                <ext:Watts>80</ext:Watts>
              </ext:TPX>
            </Extensions>
          </Trackpoint>
          <Trackpoint>
            <Time>2026-09-07T19:21:33.000Z</Time>
            <HeartRateBpm>
              <Value>112</Value>
            </HeartRateBpm>
            <Cadence>77</Cadence>
            <Extensions>
              <ext:TPX>
                <ext:Watts>80</ext:Watts>
              </ext:TPX>
            </Extensions>
          </Trackpoint>
          <Trackpoint>
            <Time>2026-09-07T19:21:34.000Z</Time>
            <HeartRateBpm>
              <Value>113</Value>
            </HeartRateBpm>
            <Cadence>77</Cadence>
            <Extensions>
              <ext:TPX>
                <ext:Watts>80</ext:Watts>
              </ext:TPX>
            </Extensions>
          </Trackpoint>
          <Trackpoint>
            <Time>2026-09-07T19:21:35.000Z</Time>
            <HeartRateBpm>
              <Value>113</Value>
            </HeartRateBpm>
            <Cadence>74</Cadence>
            <Extensions>
              <ext:TPX>
                <ext:Watts>79</ext:Watts>
              </ext:TPX>
            </Extensions>
          </Trackpoint>
          <Trackpoint>
            <Time>2026-09-07T19:21:36.000Z</Time>
            <HeartRateBpm>
              <Value>114</Value>
            </HeartRateBpm>
            <Cadence>74</Cadence>
            <Extensions>
              <ext:TPX>
                <ext:Watts>79</ext:Watts>
              </ext:TPX>
            </Extensions>
          </Trackpoint>
          <Trackpoint>
            <Time>2026-09-07T19:21:37.000Z</Time>
            <HeartRateBpm>
              <Value>114</Value>
            </HeartRateBpm>
            <Cadence>76</Cadence>
            <Extensions>
              <ext:TPX>
                <ext:Watts>80</ext:Watts>
              </ext:TPX>
            </Extensions>
          </Trackpoint>
          <Trackpoint>
            <Time>2026-09-07T19:21:38.000Z</Time>
            <HeartRateBpm>
              <Value>114</Value>
            </HeartRateBpm>
            <Cadence>76</Cadence>
            <Extensions>
              <ext:TPX>
                <ext:Watts>79</ext:Watts>
              </ext:TPX>
            </Extensions>
          </Trackpoint>
          <Trackpoint>
            <Time>2026-09-07T19:21:39.000Z</Time>
            <HeartRateBpm>
              <Value>115</Value>
            </HeartRateBpm>
            <Cadence>77</Cadence>
            <Extensions>
              <ext:TPX>
                <ext:Watts>79</ext:Watts>
              </ext:TPX>
            </Extensions>
          </Trackpoint>
          <Trackpoint>
            <Time>2026-09-07T19:21:40.000Z</Time>
            <HeartRateBpm>
              <Value>116</Value>
            </HeartRateBpm>
            <Cadence>77</Cadence>
            <Extensions>
              <ext:TPX>
                <ext:Watts>79</ext:Watts>
              </ext:TPX>
            </Extensions>
          </Trackpoint>
          <Trackpoint>
            <Time>2026-09-07T19:21:41.000Z</Time>
            <HeartRateBpm>
              <Value>117</Value>
            </HeartRateBpm>
            <Cadence>75</Cadence>
            <Extensions>
              <ext:TPX>
                <ext:Watts>80</ext:Watts>
              </ext:TPX>
            </Extensions>
          </Trackpoint>
          <Trackpoint>
            <Time>2026-09-07T19:21:42.000Z</Time>
            <HeartRateBpm>
              <Value>117</Value>
            </HeartRateBpm>
            <Cadence>76</Cadence>
            <Extensions>
              <ext:TPX>
                <ext:Watts>81</ext:Watts>
              </ext:TPX>
            </Extensions>
          </Trackpoint>
          <Trackpoint>
            <Time>2026-09-07T19:21:43.000Z</Time>
            <HeartRateBpm>
              <Value>117</Value>
            </HeartRateBpm>
            <Cadence>75</Cadence>
            <Extensions>
              <ext:TPX>
                <ext:Watts>81</ext:Watts>
              </ext:TPX>
            </Extensions>
          </Trackpoint>
          <Trackpoint>
            <Time>2026-09-07T19:21:44.000Z</Time>
            <HeartRateBpm>
              <Value>118</Value>
            </HeartRateBpm>
            <Cadence>78</Cadence>
            <Extensions>
              <ext:TPX>
                <ext:Watts>80</ext:Watts>
              </ext:TPX>
            </Extensions>
          </Trackpoint>
          <Trackpoint>
            <Time>2026-09-07T19:21:45.000Z</Time>
            <HeartRateBpm>
              <Value>117</Value>
            </HeartRateBpm>
            <Cadence>78</Cadence>
            <Extensions>
              <ext:TPX>
                <ext:Watts>81</ext:Watts>
              </ext:TPX>
            </Extensions>
          </Trackpoint>
          <Trackpoint>
            <Time>2026-09-07T19:21:46.000Z</Time>
            <HeartRateBpm>
              <Value>116</Value>
            </HeartRateBpm>
            <Cadence>78</Cadence>
            <Extensions>
              <ext:TPX>
                <ext:Watts>81</ext:Watts>
              </ext:TPX>
            </Extensions>
          </Trackpoint>
          <Trackpoint>
            <Time>2026-09-07T19:21:47.000Z</Time>
            <HeartRateBpm>
              <Value>115</Value>
            </HeartRateBpm>
            <Cadence>78</Cadence>
            <Extensions>
              <ext:TPX>
                <ext:Watts>81</ext:Watts>
              </ext:TPX>
            </Extensions>
          </Trackpoint>
          <Trackpoint>
            <Time>2026-09-07T19:21:48.000Z</Time>
            <HeartRateBpm>
              <Value>114</Value>
            </HeartRateBpm>
            <Cadence>76</Cadence>
            <Extensions>
              <ext:TPX>
                <ext:Watts>79</ext:Watts>
              </ext:TPX>
            </Extensions>
          </Trackpoint>
          <Trackpoint>
            <Time>2026-09-07T19:21:49.000Z</Time>
            <HeartRateBpm>
              <Value>114</Value>
            </HeartRateBpm>
            <Cadence>75</Cadence>
            <Extensions>
              <ext:TPX>
                <ext:Watts>79</ext:Watts>
              </ext:TPX>
            </Extensions>
          </Trackpoint>
          <Trackpoint>
            <Time>2026-09-07T19:21:50.000Z</Time>
            <HeartRateBpm>
              <Value>113</Value>
            </HeartRateBpm>
            <Cadence>77</Cadence>
            <Extensions>
              <ext:TPX>
                <ext:Watts>79</ext:Watts>
              </ext:TPX>
            </Extensions>
          </Trackpoint>
          <Trackpoint>
            <Time>2026-09-07T19:21:51.000Z</Time>
            <HeartRateBpm>
              <Value>113</Value>
            </HeartRateBpm>
            <Cadence>77</Cadence>
            <Extensions>
              <ext:TPX>
                <ext:Watts>79</ext:Watts>
              </ext:TPX>
            </Extensions>
          </Trackpoint>
          <Trackpoint>
            <Time>2026-09-07T19:21:52.000Z</Time>
            <HeartRateBpm>
              <Value>113</Value>
            </HeartRateBpm>
            <Cadence>77</Cadence>
            <Extensions>
              <ext:TPX>
                <ext:Watts>79</ext:Watts>
              </ext:TPX>
            </Extensions>
          </Trackpoint>
          <Trackpoint>
            <Time>2026-09-07T19:21:53.000Z</Time>
            <HeartRateBpm>
              <Value>113</Value>
            </HeartRateBpm>
            <Cadence>76</Cadence>
            <Extensions>
              <ext:TPX>
                <ext:Watts>79</ext:Watts>
              </ext:TPX>
            </Extensions>
          </Trackpoint>
          <Trackpoint>
            <Time>2026-09-07T19:21:54.000Z</Time>
            <HeartRateBpm>
              <Value>113</Value>
            </HeartRateBpm>
            <Cadence>76</Cadence>
            <Extensions>
              <ext:TPX>
                <ext:Watts>80</ext:Watts>
              </ext:TPX>
            </Extensions>
          </Trackpoint>
          <Trackpoint>
            <Time>2026-09-07T19:21:55.000Z</Time>
            <HeartRateBpm>
              <Value>113</Value>
            </HeartRateBpm>
            <Cadence>73</Cadence>
            <Extensions>
              <ext:TPX>
                <ext:Watts>79</ext:Watts>
              </ext:TPX>
            </Extensions>
          </Trackpoint>
          <Trackpoint>
            <Time>2026-09-07T19:21:56.000Z</Time>
            <HeartRateBpm>
              <Value>113</Value>
            </HeartRateBpm>
            <Cadence>78</Cadence>
            <Extensions>
              <ext:TPX>
                <ext:Watts>80</ext:Watts>
              </ext:TPX>
            </Extensions>
          </Trackpoint>
          <Trackpoint>
            <Time>2026-09-07T19:21:57.000Z</Time>
            <HeartRateBpm>
              <Value>113</Value>
            </HeartRateBpm>
            <Cadence>76</Cadence>
            <Extensions>
              <ext:TPX>
                <ext:Watts>79</ext:Watts>
              </ext:TPX>
            </Extensions>
          </Trackpoint>
          <Trackpoint>
            <Time>2026-09-07T19:21:58.000Z</Time>
            <HeartRateBpm>
              <Value>114</Value>
            </HeartRateBpm>
            <Cadence>76</Cadence>
            <Extensions>
              <ext:TPX>
                <ext:Watts>79</ext:Watts>
              </ext:TPX>
            </Extensions>
          </Trackpoint>
          <Trackpoint>
            <Time>2026-09-07T19:21:59.000Z</Time>
            <HeartRateBpm>
              <Value>114</Value>
            </HeartRateBpm>
            <Cadence>76</Cadence>
            <Extensions>
              <ext:TPX>
                <ext:Watts>79</ext:Watts>
              </ext:TPX>
            </Extensions>
          </Trackpoint>
          <Trackpoint>
            <Time>2026-09-07T19:22:00.000Z</Time>
            <HeartRateBpm>
              <Value>114</Value>
            </HeartRateBpm>
            <Cadence>75</Cadence>
            <Extensions>
              <ext:TPX>
                <ext:Watts>83</ext:Watts>
              </ext:TPX>
            </Extensions>
          </Trackpoint>
          <Trackpoint>
            <Time>2026-09-07T19:22:01.000Z</Time>
            <HeartRateBpm>
              <Value>114</Value>
            </HeartRateBpm>
            <Cadence>78</Cadence>
            <Extensions>
              <ext:TPX>
                <ext:Watts>83</ext:Watts>
              </ext:TPX>
            </Extensions>
          </Trackpoint>
          <Trackpoint>
            <Time>2026-09-07T19:22:02.000Z</Time>
            <HeartRateBpm>
              <Value>114</Value>
            </HeartRateBpm>
            <Cadence>77</Cadence>
            <Extensions>
              <ext:TPX>
                <ext:Watts>82</ext:Watts>
              </ext:TPX>
            </Extensions>
          </Trackpoint>
          <Trackpoint>
            <Time>2026-09-07T19:22:03.000Z</Time>
            <HeartRateBpm>
              <Value>115</Value>
            </HeartRateBpm>
            <Cadence>76</Cadence>
            <Extensions>
              <ext:TPX>
                <ext:Watts>82</ext:Watts>
              </ext:TPX>
            </Extensions>
          </Trackpoint>
          <Trackpoint>
            <Time>2026-09-07T19:22:04.000Z</Time>
            <HeartRateBpm>
              <Value>115</Value>
            </HeartRateBpm>
            <Cadence>76</Cadence>
            <Extensions>
              <ext:TPX>
                <ext:Watts>82</ext:Watts>
              </ext:TPX>
            </Extensions>
          </Trackpoint>
          <Trackpoint>
            <Time>2026-09-07T19:22:05.000Z</Time>
            <HeartRateBpm>
              <Value>115</Value>
            </HeartRateBpm>
            <Cadence>76</Cadence>
            <Extensions>
              <ext:TPX>
                <ext:Watts>83</ext:Watts>
              </ext:TPX>
            </Extensions>
          </Trackpoint>
          <Trackpoint>
            <Time>2026-09-07T19:22:06.000Z</Time>
            <HeartRateBpm>
              <Value>116</Value>
            </HeartRateBpm>
            <Cadence>77</Cadence>
            <Extensions>
              <ext:TPX>
                <ext:Watts>83</ext:Watts>
              </ext:TPX>
            </Extensions>
          </Trackpoint>
          <Trackpoint>
            <Time>2026-09-07T19:22:07.000Z</Time>
            <HeartRateBpm>
              <Value>116</Value>
            </HeartRateBpm>
            <Cadence>77</Cadence>
            <Extensions>
              <ext:TPX>
                <ext:Watts>83</ext:Watts>
              </ext:TPX>
            </Extensions>
          </Trackpoint>
          <Trackpoint>
            <Time>2026-09-07T19:22:08.000Z</Time>
            <HeartRateBpm>
              <Value>115</Value>
            </HeartRateBpm>
            <Cadence>77</Cadence>
            <Extensions>
              <ext:TPX>
                <ext:Watts>81</ext:Watts>
              </ext:TPX>
            </Extensions>
          </Trackpoint>
          <Trackpoint>
            <Time>2026-09-07T19:22:09.000Z</Time>
            <HeartRateBpm>
              <Value>115</Value>
            </HeartRateBpm>
            <Cadence>77</Cadence>
            <Extensions>
              <ext:TPX>
                <ext:Watts>83</ext:Watts>
              </ext:TPX>
            </Extensions>
          </Trackpoint>
          <Trackpoint>
            <Time>2026-09-07T19:22:10.000Z</Time>
            <HeartRateBpm>
              <Value>115</Value>
            </HeartRateBpm>
            <Cadence>77</Cadence>
            <Extensions>
              <ext:TPX>
                <ext:Watts>83</ext:Watts>
              </ext:TPX>
            </Extensions>
          </Trackpoint>
          <Trackpoint>
            <Time>2026-09-07T19:22:11.000Z</Time>
            <HeartRateBpm>
              <Value>115</Value>
            </HeartRateBpm>
            <Cadence>79</Cadence>
            <Extensions>
              <ext:TPX>
                <ext:Watts>83</ext:Watts>
              </ext:TPX>
            </Extensions>
          </Trackpoint>
          <Trackpoint>
            <Time>2026-09-07T19:22:12.000Z</Time>
            <HeartRateBpm>
              <Value>116</Value>
            </HeartRateBpm>
            <Cadence>79</Cadence>
            <Extensions>
              <ext:TPX>
                <ext:Watts>83</ext:Watts>
              </ext:TPX>
            </Extensions>
          </Trackpoint>
          <Trackpoint>
            <Time>2026-09-07T19:22:13.000Z</Time>
            <HeartRateBpm>
              <Value>115</Value>
            </HeartRateBpm>
            <Cadence>77</Cadence>
            <Extensions>
              <ext:TPX>
                <ext:Watts>82</ext:Watts>
              </ext:TPX>
            </Extensions>
          </Trackpoint>
          <Trackpoint>
            <Time>2026-09-07T19:22:14.000Z</Time>
            <HeartRateBpm>
              <Value>115</Value>
            </HeartRateBpm>
            <Cadence>78</Cadence>
            <Extensions>
              <ext:TPX>
                <ext:Watts>82</ext:Watts>
              </ext:TPX>
            </Extensions>
          </Trackpoint>
          <Trackpoint>
            <Time>2026-09-07T19:22:15.000Z</Time>
            <HeartRateBpm>
              <Value>114</Value>
            </HeartRateBpm>
            <Cadence>76</Cadence>
            <Extensions>
              <ext:TPX>
                <ext:Watts>82</ext:Watts>
              </ext:TPX>
            </Extensions>
          </Trackpoint>
          <Trackpoint>
            <Time>2026-09-07T19:22:16.000Z</Time>
            <HeartRateBpm>
              <Value>114</Value>
            </HeartRateBpm>
            <Cadence>76</Cadence>
            <Extensions>
              <ext:TPX>
                <ext:Watts>82</ext:Watts>
              </ext:TPX>
            </Extensions>
          </Trackpoint>
          <Trackpoint>
            <Time>2026-09-07T19:22:17.000Z</Time>
            <HeartRateBpm>
              <Value>114</Value>
            </HeartRateBpm>
            <Cadence>76</Cadence>
            <Extensions>
              <ext:TPX>
                <ext:Watts>83</ext:Watts>
              </ext:TPX>
            </Extensions>
          </Trackpoint>
          <Trackpoint>
            <Time>2026-09-07T19:22:18.000Z</Time>
            <HeartRateBpm>
              <Value>113</Value>
            </HeartRateBpm>
            <Cadence>76</Cadence>
            <Extensions>
              <ext:TPX>
                <ext:Watts>83</ext:Watts>
              </ext:TPX>
            </Extensions>
          </Trackpoint>
          <Trackpoint>
            <Time>2026-09-07T19:22:19.000Z</Time>
            <HeartRateBpm>
              <Value>113</Value>
            </HeartRateBpm>
            <Cadence>77</Cadence>
            <Extensions>
              <ext:TPX>
                <ext:Watts>83</ext:Watts>
              </ext:TPX>
            </Extensions>
          </Trackpoint>
          <Trackpoint>
            <Time>2026-09-07T19:22:20.000Z</Time>
            <HeartRateBpm>
              <Value>113</Value>
            </HeartRateBpm>
            <Cadence>77</Cadence>
            <Extensions>
              <ext:TPX>
                <ext:Watts>83</ext:Watts>
              </ext:TPX>
            </Extensions>
          </Trackpoint>
          <Trackpoint>
            <Time>2026-09-07T19:22:21.000Z</Time>
            <HeartRateBpm>
              <Value>113</Value>
            </HeartRateBpm>
            <Cadence>77</Cadence>
            <Extensions>
              <ext:TPX>
                <ext:Watts>83</ext:Watts>
              </ext:TPX>
            </Extensions>
          </Trackpoint>
          <Trackpoint>
            <Time>2026-09-07T19:22:22.000Z</Time>
            <HeartRateBpm>
              <Value>114</Value>
            </HeartRateBpm>
            <Cadence>77</Cadence>
            <Extensions>
              <ext:TPX>
                <ext:Watts>83</ext:Watts>
              </ext:TPX>
            </Extensions>
          </Trackpoint>
          <Trackpoint>
            <Time>2026-09-07T19:22:23.000Z</Time>
            <HeartRateBpm>
              <Value>114</Value>
            </HeartRateBpm>
            <Cadence>79</Cadence>
            <Extensions>
              <ext:TPX>
                <ext:Watts>83</ext:Watts>
              </ext:TPX>
            </Extensions>
          </Trackpoint>
          <Trackpoint>
            <Time>2026-09-07T19:22:24.000Z</Time>
            <HeartRateBpm>
              <Value>114</Value>
            </HeartRateBpm>
            <Cadence>77</Cadence>
            <Extensions>
              <ext:TPX>
                <ext:Watts>82</ext:Watts>
              </ext:TPX>
            </Extensions>
          </Trackpoint>
          <Trackpoint>
            <Time>2026-09-07T19:22:25.000Z</Time>
            <HeartRateBpm>
              <Value>113</Value>
            </HeartRateBpm>
            <Cadence>77</Cadence>
            <Extensions>
              <ext:TPX>
                <ext:Watts>82</ext:Watts>
              </ext:TPX>
            </Extensions>
          </Trackpoint>
          <Trackpoint>
            <Time>2026-09-07T19:22:26.000Z</Time>
            <HeartRateBpm>
              <Value>110</Value>
            </HeartRateBpm>
            <Cadence>77</Cadence>
            <Extensions>
              <ext:TPX>
                <ext:Watts>81</ext:Watts>
              </ext:TPX>
            </Extensions>
          </Trackpoint>
          <Trackpoint>
            <Time>2026-09-07T19:22:27.000Z</Time>
            <HeartRateBpm>
              <Value>108</Value>
            </HeartRateBpm>
            <Cadence>75</Cadence>
            <Extensions>
              <ext:TPX>
                <ext:Watts>82</ext:Watts>
              </ext:TPX>
            </Extensions>
          </Trackpoint>
          <Trackpoint>
            <Time>2026-09-07T19:22:28.000Z</Time>
            <HeartRateBpm>
              <Value>106</Value>
            </HeartRateBpm>
            <Cadence>75</Cadence>
            <Extensions>
              <ext:TPX>
                <ext:Watts>82</ext:Watts>
              </ext:TPX>
            </Extensions>
          </Trackpoint>
          <Trackpoint>
            <Time>2026-09-07T19:22:29.000Z</Time>
            <HeartRateBpm>
              <Value>106</Value>
            </HeartRateBpm>
            <Cadence>79</Cadence>
            <Extensions>
              <ext:TPX>
                <ext:Watts>83</ext:Watts>
              </ext:TPX>
            </Extensions>
          </Trackpoint>
          <Trackpoint>
            <Time>2026-09-07T19:22:30.000Z</Time>
            <HeartRateBpm>
              <Value>106</Value>
            </HeartRateBpm>
            <Cadence>78</Cadence>
            <Extensions>
              <ext:TPX>
                <ext:Watts>83</ext:Watts>
              </ext:TPX>
            </Extensions>
          </Trackpoint>
          <Trackpoint>
            <Time>2026-09-07T19:22:31.000Z</Time>
            <HeartRateBpm>
              <Value>106</Value>
            </HeartRateBpm>
            <Cadence>78</Cadence>
            <Extensions>
              <ext:TPX>
                <ext:Watts>83</ext:Watts>
              </ext:TPX>
            </Extensions>
          </Trackpoint>
          <Trackpoint>
            <Time>2026-09-07T19:22:32.000Z</Time>
            <HeartRateBpm>
              <Value>107</Value>
            </HeartRateBpm>
            <Cadence>77</Cadence>
            <Extensions>
              <ext:TPX>
                <ext:Watts>83</ext:Watts>
              </ext:TPX>
            </Extensions>
          </Trackpoint>
          <Trackpoint>
            <Time>2026-09-07T19:22:33.000Z</Time>
            <HeartRateBpm>
              <Value>107</Value>
            </HeartRateBpm>
            <Cadence>79</Cadence>
            <Extensions>
              <ext:TPX>
                <ext:Watts>82</ext:Watts>
              </ext:TPX>
            </Extensions>
          </Trackpoint>
          <Trackpoint>
            <Time>2026-09-07T19:22:34.000Z</Time>
            <HeartRateBpm>
              <Value>107</Value>
            </HeartRateBpm>
            <Cadence>79</Cadence>
            <Extensions>
              <ext:TPX>
                <ext:Watts>82</ext:Watts>
              </ext:TPX>
            </Extensions>
          </Trackpoint>
          <Trackpoint>
            <Time>2026-09-07T19:22:35.000Z</Time>
            <HeartRateBpm>
              <Value>107</Value>
            </HeartRateBpm>
            <Cadence>77</Cadence>
            <Extensions>
              <ext:TPX>
                <ext:Watts>82</ext:Watts>
              </ext:TPX>
            </Extensions>
          </Trackpoint>
          <Trackpoint>
            <Time>2026-09-07T19:22:36.000Z</Time>
            <HeartRateBpm>
              <Value>106</Value>
            </HeartRateBpm>
            <Cadence>77</Cadence>
            <Extensions>
              <ext:TPX>
                <ext:Watts>82</ext:Watts>
              </ext:TPX>
            </Extensions>
          </Trackpoint>
          <Trackpoint>
            <Time>2026-09-07T19:22:37.000Z</Time>
            <HeartRateBpm>
              <Value>106</Value>
            </HeartRateBpm>
            <Cadence>77</Cadence>
            <Extensions>
              <ext:TPX>
                <ext:Watts>82</ext:Watts>
              </ext:TPX>
            </Extensions>
          </Trackpoint>
          <Trackpoint>
            <Time>2026-09-07T19:22:38.000Z</Time>
            <HeartRateBpm>
              <Value>106</Value>
            </HeartRateBpm>
            <Cadence>79</Cadence>
            <Extensions>
              <ext:TPX>
                <ext:Watts>82</ext:Watts>
              </ext:TPX>
            </Extensions>
          </Trackpoint>
          <Trackpoint>
            <Time>2026-09-07T19:22:39.000Z</Time>
            <HeartRateBpm>
              <Value>106</Value>
            </HeartRateBpm>
            <Cadence>75</Cadence>
            <Extensions>
              <ext:TPX>
                <ext:Watts>82</ext:Watts>
              </ext:TPX>
            </Extensions>
          </Trackpoint>
          <Trackpoint>
            <Time>2026-09-07T19:22:40.000Z</Time>
            <HeartRateBpm>
              <Value>106</Value>
            </HeartRateBpm>
            <Cadence>75</Cadence>
            <Extensions>
              <ext:TPX>
                <ext:Watts>82</ext:Watts>
              </ext:TPX>
            </Extensions>
          </Trackpoint>
          <Trackpoint>
            <Time>2026-09-07T19:22:41.000Z</Time>
            <HeartRateBpm>
              <Value>107</Value>
            </HeartRateBpm>
            <Cadence>75</Cadence>
            <Extensions>
              <ext:TPX>
                <ext:Watts>82</ext:Watts>
              </ext:TPX>
            </Extensions>
          </Trackpoint>
          <Trackpoint>
            <Time>2026-09-07T19:22:42.000Z</Time>
            <HeartRateBpm>
              <Value>107</Value>
            </HeartRateBpm>
            <Cadence>76</Cadence>
            <Extensions>
              <ext:TPX>
                <ext:Watts>81</ext:Watts>
              </ext:TPX>
            </Extensions>
          </Trackpoint>
          <Trackpoint>
            <Time>2026-09-07T19:22:43.000Z</Time>
            <HeartRateBpm>
              <Value>106</Value>
            </HeartRateBpm>
            <Cadence>78</Cadence>
            <Extensions>
              <ext:TPX>
                <ext:Watts>81</ext:Watts>
              </ext:TPX>
            </Extensions>
          </Trackpoint>
          <Trackpoint>
            <Time>2026-09-07T19:22:44.000Z</Time>
            <HeartRateBpm>
              <Value>107</Value>
            </HeartRateBpm>
            <Cadence>78</Cadence>
            <Extensions>
              <ext:TPX>
                <ext:Watts>81</ext:Watts>
              </ext:TPX>
            </Extensions>
          </Trackpoint>
          <Trackpoint>
            <Time>2026-09-07T19:22:45.000Z</Time>
            <HeartRateBpm>
              <Value>109</Value>
            </HeartRateBpm>
            <Cadence>77</Cadence>
            <Extensions>
              <ext:TPX>
                <ext:Watts>82</ext:Watts>
              </ext:TPX>
            </Extensions>
          </Trackpoint>
          <Trackpoint>
            <Time>2026-09-07T19:22:46.000Z</Time>
            <HeartRateBpm>
              <Value>110</Value>
            </HeartRateBpm>
            <Cadence>77</Cadence>
            <Extensions>
              <ext:TPX>
                <ext:Watts>82</ext:Watts>
              </ext:TPX>
            </Extensions>
          </Trackpoint>
          <Trackpoint>
            <Time>2026-09-07T19:22:47.000Z</Time>
            <HeartRateBpm>
              <Value>112</Value>
            </HeartRateBpm>
            <Cadence>76</Cadence>
            <Extensions>
              <ext:TPX>
                <ext:Watts>81</ext:Watts>
              </ext:TPX>
            </Extensions>
          </Trackpoint>
          <Trackpoint>
            <Time>2026-09-07T19:22:48.000Z</Time>
            <HeartRateBpm>
              <Value>112</Value>
            </HeartRateBpm>
            <Cadence>78</Cadence>
            <Extensions>
              <ext:TPX>
                <ext:Watts>81</ext:Watts>
              </ext:TPX>
            </Extensions>
          </Trackpoint>
          <Trackpoint>
            <Time>2026-09-07T19:22:49.000Z</Time>
            <HeartRateBpm>
              <Value>112</Value>
            </HeartRateBpm>
            <Cadence>78</Cadence>
            <Extensions>
              <ext:TPX>
                <ext:Watts>82</ext:Watts>
              </ext:TPX>
            </Extensions>
          </Trackpoint>
          <Trackpoint>
            <Time>2026-09-07T19:22:50.000Z</Time>
            <HeartRateBpm>
              <Value>112</Value>
            </HeartRateBpm>
            <Cadence>77</Cadence>
            <Extensions>
              <ext:TPX>
                <ext:Watts>82</ext:Watts>
              </ext:TPX>
            </Extensions>
          </Trackpoint>
          <Trackpoint>
            <Time>2026-09-07T19:22:51.000Z</Time>
            <HeartRateBpm>
              <Value>111</Value>
            </HeartRateBpm>
            <Cadence>75</Cadence>
            <Extensions>
              <ext:TPX>
                <ext:Watts>81</ext:Watts>
              </ext:TPX>
            </Extensions>
          </Trackpoint>
          <Trackpoint>
            <Time>2026-09-07T19:22:52.000Z</Time>
            <HeartRateBpm>
              <Value>110</Value>
            </HeartRateBpm>
            <Cadence>75</Cadence>
            <Extensions>
              <ext:TPX>
                <ext:Watts>81</ext:Watts>
              </ext:TPX>
            </Extensions>
          </Trackpoint>
          <Trackpoint>
            <Time>2026-09-07T19:22:53.000Z</Time>
            <HeartRateBpm>
              <Value>110</Value>
            </HeartRateBpm>
            <Cadence>74</Cadence>
            <Extensions>
              <ext:TPX>
                <ext:Watts>81</ext:Watts>
              </ext:TPX>
            </Extensions>
          </Trackpoint>
          <Trackpoint>
            <Time>2026-09-07T19:22:54.000Z</Time>
            <HeartRateBpm>
              <Value>110</Value>
            </HeartRateBpm>
            <Cadence>80</Cadence>
            <Extensions>
              <ext:TPX>
                <ext:Watts>82</ext:Watts>
              </ext:TPX>
            </Extensions>
          </Trackpoint>
          <Trackpoint>
            <Time>2026-09-07T19:22:55.000Z</Time>
            <HeartRateBpm>
              <Value>110</Value>
            </HeartRateBpm>
            <Cadence>79</Cadence>
            <Extensions>
              <ext:TPX>
                <ext:Watts>83</ext:Watts>
              </ext:TPX>
            </Extensions>
          </Trackpoint>
          <Trackpoint>
            <Time>2026-09-07T19:22:56.000Z</Time>
            <HeartRateBpm>
              <Value>109</Value>
            </HeartRateBpm>
            <Cadence>77</Cadence>
            <Extensions>
              <ext:TPX>
                <ext:Watts>83</ext:Watts>
              </ext:TPX>
            </Extensions>
          </Trackpoint>
          <Trackpoint>
            <Time>2026-09-07T19:22:58.000Z</Time>
            <HeartRateBpm>
              <Value>108</Value>
            </HeartRateBpm>
            <Cadence>79</Cadence>
            <Extensions>
              <ext:TPX>
                <ext:Watts>83</ext:Watts>
              </ext:TPX>
            </Extensions>
          </Trackpoint>
          <Trackpoint>
            <Time>2026-09-07T19:22:59.000Z</Time>
            <HeartRateBpm>
              <Value>108</Value>
            </HeartRateBpm>
            <Cadence>79</Cadence>
            <Extensions>
              <ext:TPX>
                <ext:Watts>83</ext:Watts>
              </ext:TPX>
            </Extensions>
          </Trackpoint>
          <Trackpoint>
            <Time>2026-09-07T19:23:00.000Z</Time>
            <HeartRateBpm>
              <Value>108</Value>
            </HeartRateBpm>
            <Cadence>78</Cadence>
            <Extensions>
              <ext:TPX>
                <ext:Watts>83</ext:Watts>
              </ext:TPX>
            </Extensions>
          </Trackpoint>
          <Trackpoint>
            <Time>2026-09-07T19:23:01.000Z</Time>
            <HeartRateBpm>
              <Value>108</Value>
            </HeartRateBpm>
            <Cadence>77</Cadence>
            <Extensions>
              <ext:TPX>
                <ext:Watts>82</ext:Watts>
              </ext:TPX>
            </Extensions>
          </Trackpoint>
          <Trackpoint>
            <Time>2026-09-07T19:23:02.000Z</Time>
            <HeartRateBpm>
              <Value>108</Value>
            </HeartRateBpm>
            <Cadence>77</Cadence>
            <Extensions>
              <ext:TPX>
                <ext:Watts>81</ext:Watts>
              </ext:TPX>
            </Extensions>
          </Trackpoint>
          <Trackpoint>
            <Time>2026-09-07T19:23:03.000Z</Time>
            <HeartRateBpm>
              <Value>108</Value>
            </HeartRateBpm>
            <Cadence>75</Cadence>
            <Extensions>
              <ext:TPX>
                <ext:Watts>81</ext:Watts>
              </ext:TPX>
            </Extensions>
          </Trackpoint>
          <Trackpoint>
            <Time>2026-09-07T19:23:04.000Z</Time>
            <HeartRateBpm>
              <Value>107</Value>
            </HeartRateBpm>
            <Cadence>75</Cadence>
            <Extensions>
              <ext:TPX>
                <ext:Watts>82</ext:Watts>
              </ext:TPX>
            </Extensions>
          </Trackpoint>
          <Trackpoint>
            <Time>2026-09-07T19:23:05.000Z</Time>
            <HeartRateBpm>
              <Value>107</Value>
            </HeartRateBpm>
            <Cadence>75</Cadence>
            <Extensions>
              <ext:TPX>
                <ext:Watts>82</ext:Watts>
              </ext:TPX>
            </Extensions>
          </Trackpoint>
          <Trackpoint>
            <Time>2026-09-07T19:23:06.000Z</Time>
            <HeartRateBpm>
              <Value>107</Value>
            </HeartRateBpm>
            <Cadence>76</Cadence>
            <Extensions>
              <ext:TPX>
                <ext:Watts>81</ext:Watts>
              </ext:TPX>
            </Extensions>
          </Trackpoint>
          <Trackpoint>
            <Time>2026-09-07T19:23:07.000Z</Time>
            <HeartRateBpm>
              <Value>107</Value>
            </HeartRateBpm>
            <Cadence>76</Cadence>
            <Extensions>
              <ext:TPX>
                <ext:Watts>82</ext:Watts>
              </ext:TPX>
            </Extensions>
          </Trackpoint>
          <Trackpoint>
            <Time>2026-09-07T19:23:08.000Z</Time>
            <HeartRateBpm>
              <Value>108</Value>
            </HeartRateBpm>
            <Cadence>80</Cadence>
            <Extensions>
              <ext:TPX>
                <ext:Watts>81</ext:Watts>
              </ext:TPX>
            </Extensions>
          </Trackpoint>
          <Trackpoint>
            <Time>2026-09-07T19:23:09.000Z</Time>
            <HeartRateBpm>
              <Value>108</Value>
            </HeartRateBpm>
            <Cadence>76</Cadence>
            <Extensions>
              <ext:TPX>
                <ext:Watts>82</ext:Watts>
              </ext:TPX>
            </Extensions>
          </Trackpoint>
          <Trackpoint>
            <Time>2026-09-07T19:23:10.000Z</Time>
            <HeartRateBpm>
              <Value>108</Value>
            </HeartRateBpm>
            <Cadence>79</Cadence>
            <Extensions>
              <ext:TPX>
                <ext:Watts>84</ext:Watts>
              </ext:TPX>
            </Extensions>
          </Trackpoint>
          <Trackpoint>
            <Time>2026-09-07T19:23:11.000Z</Time>
            <HeartRateBpm>
              <Value>107</Value>
            </HeartRateBpm>
            <Cadence>79</Cadence>
            <Extensions>
              <ext:TPX>
                <ext:Watts>84</ext:Watts>
              </ext:TPX>
            </Extensions>
          </Trackpoint>
          <Trackpoint>
            <Time>2026-09-07T19:23:12.000Z</Time>
            <HeartRateBpm>
              <Value>107</Value>
            </HeartRateBpm>
            <Cadence>79</Cadence>
            <Extensions>
              <ext:TPX>
                <ext:Watts>84</ext:Watts>
              </ext:TPX>
            </Extensions>
          </Trackpoint>
          <Trackpoint>
            <Time>2026-09-07T19:23:13.000Z</Time>
            <HeartRateBpm>
              <Value>106</Value>
            </HeartRateBpm>
            <Cadence>78</Cadence>
            <Extensions>
              <ext:TPX>
                <ext:Watts>84</ext:Watts>
              </ext:TPX>
            </Extensions>
          </Trackpoint>
          <Trackpoint>
            <Time>2026-09-07T19:23:14.000Z</Time>
            <HeartRateBpm>
              <Value>106</Value>
            </HeartRateBpm>
            <Cadence>79</Cadence>
            <Extensions>
              <ext:TPX>
                <ext:Watts>82</ext:Watts>
              </ext:TPX>
            </Extensions>
          </Trackpoint>
          <Trackpoint>
            <Time>2026-09-07T19:23:15.000Z</Time>
            <HeartRateBpm>
              <Value>105</Value>
            </HeartRateBpm>
            <Cadence>79</Cadence>
            <Extensions>
              <ext:TPX>
                <ext:Watts>83</ext:Watts>
              </ext:TPX>
            </Extensions>
          </Trackpoint>
          <Trackpoint>
            <Time>2026-09-07T19:23:16.000Z</Time>
            <HeartRateBpm>
              <Value>105</Value>
            </HeartRateBpm>
            <Cadence>79</Cadence>
            <Extensions>
              <ext:TPX>
                <ext:Watts>83</ext:Watts>
              </ext:TPX>
            </Extensions>
          </Trackpoint>
          <Trackpoint>
            <Time>2026-09-07T19:23:17.000Z</Time>
            <HeartRateBpm>
              <Value>104</Value>
            </HeartRateBpm>
            <Cadence>79</Cadence>
            <Extensions>
              <ext:TPX>
                <ext:Watts>83</ext:Watts>
              </ext:TPX>
            </Extensions>
          </Trackpoint>
          <Trackpoint>
            <Time>2026-09-07T19:23:18.000Z</Time>
            <HeartRateBpm>
              <Value>104</Value>
            </HeartRateBpm>
            <Cadence>78</Cadence>
            <Extensions>
              <ext:TPX>
                <ext:Watts>83</ext:Watts>
              </ext:TPX>
            </Extensions>
          </Trackpoint>
          <Trackpoint>
            <Time>2026-09-07T19:23:19.000Z</Time>
            <HeartRateBpm>
              <Value>105</Value>
            </HeartRateBpm>
            <Cadence>78</Cadence>
            <Extensions>
              <ext:TPX>
                <ext:Watts>81</ext:Watts>
              </ext:TPX>
            </Extensions>
          </Trackpoint>
          <Trackpoint>
            <Time>2026-09-07T19:23:20.000Z</Time>
            <HeartRateBpm>
              <Value>105</Value>
            </HeartRateBpm>
            <Cadence>77</Cadence>
            <Extensions>
              <ext:TPX>
                <ext:Watts>81</ext:Watts>
              </ext:TPX>
            </Extensions>
          </Trackpoint>
          <Trackpoint>
            <Time>2026-09-07T19:23:21.000Z</Time>
            <HeartRateBpm>
              <Value>105</Value>
            </HeartRateBpm>
            <Cadence>77</Cadence>
            <Extensions>
              <ext:TPX>
                <ext:Watts>82</ext:Watts>
              </ext:TPX>
            </Extensions>
          </Trackpoint>
          <Trackpoint>
            <Time>2026-09-07T19:23:22.000Z</Time>
            <HeartRateBpm>
              <Value>106</Value>
            </HeartRateBpm>
            <Cadence>77</Cadence>
            <Extensions>
              <ext:TPX>
                <ext:Watts>82</ext:Watts>
              </ext:TPX>
            </Extensions>
          </Trackpoint>
          <Trackpoint>
            <Time>2026-09-07T19:23:23.000Z</Time>
            <HeartRateBpm>
              <Value>106</Value>
            </HeartRateBpm>
            <Cadence>77</Cadence>
            <Extensions>
              <ext:TPX>
                <ext:Watts>82</ext:Watts>
              </ext:TPX>
            </Extensions>
          </Trackpoint>
          <Trackpoint>
            <Time>2026-09-07T19:23:24.000Z</Time>
            <HeartRateBpm>
              <Value>106</Value>
            </HeartRateBpm>
            <Cadence>79</Cadence>
            <Extensions>
              <ext:TPX>
                <ext:Watts>84</ext:Watts>
              </ext:TPX>
            </Extensions>
          </Trackpoint>
          <Trackpoint>
            <Time>2026-09-07T19:23:25.000Z</Time>
            <HeartRateBpm>
              <Value>106</Value>
            </HeartRateBpm>
            <Cadence>79</Cadence>
            <Extensions>
              <ext:TPX>
                <ext:Watts>84</ext:Watts>
              </ext:TPX>
            </Extensions>
          </Trackpoint>
          <Trackpoint>
            <Time>2026-09-07T19:23:26.000Z</Time>
            <HeartRateBpm>
              <Value>106</Value>
            </HeartRateBpm>
            <Cadence>78</Cadence>
            <Extensions>
              <ext:TPX>
                <ext:Watts>84</ext:Watts>
              </ext:TPX>
            </Extensions>
          </Trackpoint>
          <Trackpoint>
            <Time>2026-09-07T19:23:27.000Z</Time>
            <HeartRateBpm>
              <Value>108</Value>
            </HeartRateBpm>
            <Cadence>80</Cadence>
            <Extensions>
              <ext:TPX>
                <ext:Watts>84</ext:Watts>
              </ext:TPX>
            </Extensions>
          </Trackpoint>
          <Trackpoint>
            <Time>2026-09-07T19:23:28.000Z</Time>
            <HeartRateBpm>
              <Value>108</Value>
            </HeartRateBpm>
            <Cadence>78</Cadence>
            <Extensions>
              <ext:TPX>
                <ext:Watts>84</ext:Watts>
              </ext:TPX>
            </Extensions>
          </Trackpoint>
          <Trackpoint>
            <Time>2026-09-07T19:23:29.000Z</Time>
            <HeartRateBpm>
              <Value>108</Value>
            </HeartRateBpm>
            <Cadence>78</Cadence>
            <Extensions>
              <ext:TPX>
                <ext:Watts>84</ext:Watts>
              </ext:TPX>
            </Extensions>
          </Trackpoint>
          <Trackpoint>
            <Time>2026-09-07T19:23:30.000Z</Time>
            <HeartRateBpm>
              <Value>108</Value>
            </HeartRateBpm>
            <Cadence>76</Cadence>
            <Extensions>
              <ext:TPX>
                <ext:Watts>82</ext:Watts>
              </ext:TPX>
            </Extensions>
          </Trackpoint>
          <Trackpoint>
            <Time>2026-09-07T19:23:31.000Z</Time>
            <HeartRateBpm>
              <Value>107</Value>
            </HeartRateBpm>
            <Cadence>76</Cadence>
            <Extensions>
              <ext:TPX>
                <ext:Watts>82</ext:Watts>
              </ext:TPX>
            </Extensions>
          </Trackpoint>
          <Trackpoint>
            <Time>2026-09-07T19:23:32.000Z</Time>
            <HeartRateBpm>
              <Value>103</Value>
            </HeartRateBpm>
            <Cadence>76</Cadence>
            <Extensions>
              <ext:TPX>
                <ext:Watts>82</ext:Watts>
              </ext:TPX>
            </Extensions>
          </Trackpoint>
          <Trackpoint>
            <Time>2026-09-07T19:23:33.000Z</Time>
            <HeartRateBpm>
              <Value>103</Value>
            </HeartRateBpm>
            <Cadence>79</Cadence>
            <Extensions>
              <ext:TPX>
                <ext:Watts>82</ext:Watts>
              </ext:TPX>
            </Extensions>
          </Trackpoint>
          <Trackpoint>
            <Time>2026-09-07T19:23:34.000Z</Time>
            <HeartRateBpm>
              <Value>103</Value>
            </HeartRateBpm>
            <Cadence>79</Cadence>
            <Extensions>
              <ext:TPX>
                <ext:Watts>82</ext:Watts>
              </ext:TPX>
            </Extensions>
          </Trackpoint>
          <Trackpoint>
            <Time>2026-09-07T19:23:35.000Z</Time>
            <HeartRateBpm>
              <Value>103</Value>
            </HeartRateBpm>
            <Cadence>79</Cadence>
            <Extensions>
              <ext:TPX>
                <ext:Watts>82</ext:Watts>
              </ext:TPX>
            </Extensions>
          </Trackpoint>
          <Trackpoint>
            <Time>2026-09-07T19:23:36.000Z</Time>
            <HeartRateBpm>
              <Value>103</Value>
            </HeartRateBpm>
            <Cadence>79</Cadence>
            <Extensions>
              <ext:TPX>
                <ext:Watts>82</ext:Watts>
              </ext:TPX>
            </Extensions>
          </Trackpoint>
          <Trackpoint>
            <Time>2026-09-07T19:23:37.000Z</Time>
            <HeartRateBpm>
              <Value>103</Value>
            </HeartRateBpm>
            <Cadence>79</Cadence>
            <Extensions>
              <ext:TPX>
                <ext:Watts>82</ext:Watts>
              </ext:TPX>
            </Extensions>
          </Trackpoint>
          <Trackpoint>
            <Time>2026-09-07T19:23:38.000Z</Time>
            <HeartRateBpm>
              <Value>105</Value>
            </HeartRateBpm>
            <Cadence>75</Cadence>
            <Extensions>
              <ext:TPX>
                <ext:Watts>81</ext:Watts>
              </ext:TPX>
            </Extensions>
          </Trackpoint>
          <Trackpoint>
            <Time>2026-09-07T19:23:39.000Z</Time>
            <HeartRateBpm>
              <Value>106</Value>
            </HeartRateBpm>
            <Cadence>77</Cadence>
            <Extensions>
              <ext:TPX>
                <ext:Watts>81</ext:Watts>
              </ext:TPX>
            </Extensions>
          </Trackpoint>
          <Trackpoint>
            <Time>2026-09-07T19:23:40.000Z</Time>
            <HeartRateBpm>
              <Value>106</Value>
            </HeartRateBpm>
            <Cadence>75</Cadence>
            <Extensions>
              <ext:TPX>
                <ext:Watts>81</ext:Watts>
              </ext:TPX>
            </Extensions>
          </Trackpoint>
          <Trackpoint>
            <Time>2026-09-07T19:23:41.000Z</Time>
            <HeartRateBpm>
              <Value>107</Value>
            </HeartRateBpm>
            <Cadence>75</Cadence>
            <Extensions>
              <ext:TPX>
                <ext:Watts>81</ext:Watts>
              </ext:TPX>
            </Extensions>
          </Trackpoint>
          <Trackpoint>
            <Time>2026-09-07T19:23:42.000Z</Time>
            <HeartRateBpm>
              <Value>107</Value>
            </HeartRateBpm>
            <Cadence>77</Cadence>
            <Extensions>
              <ext:TPX>
                <ext:Watts>83</ext:Watts>
              </ext:TPX>
            </Extensions>
          </Trackpoint>
          <Trackpoint>
            <Time>2026-09-07T19:23:43.000Z</Time>
            <HeartRateBpm>
              <Value>107</Value>
            </HeartRateBpm>
            <Cadence>79</Cadence>
            <Extensions>
              <ext:TPX>
                <ext:Watts>84</ext:Watts>
              </ext:TPX>
            </Extensions>
          </Trackpoint>
          <Trackpoint>
            <Time>2026-09-07T19:23:44.000Z</Time>
            <HeartRateBpm>
              <Value>106</Value>
            </HeartRateBpm>
            <Cadence>80</Cadence>
            <Extensions>
              <ext:TPX>
                <ext:Watts>84</ext:Watts>
              </ext:TPX>
            </Extensions>
          </Trackpoint>
          <Trackpoint>
            <Time>2026-09-07T19:23:45.000Z</Time>
            <HeartRateBpm>
              <Value>105</Value>
            </HeartRateBpm>
            <Cadence>80</Cadence>
            <Extensions>
              <ext:TPX>
                <ext:Watts>84</ext:Watts>
              </ext:TPX>
            </Extensions>
          </Trackpoint>
          <Trackpoint>
            <Time>2026-09-07T19:23:46.000Z</Time>
            <HeartRateBpm>
              <Value>105</Value>
            </HeartRateBpm>
            <Cadence>78</Cadence>
            <Extensions>
              <ext:TPX>
                <ext:Watts>82</ext:Watts>
              </ext:TPX>
            </Extensions>
          </Trackpoint>
          <Trackpoint>
            <Time>2026-09-07T19:23:47.000Z</Time>
            <HeartRateBpm>
              <Value>107</Value>
            </HeartRateBpm>
            <Cadence>78</Cadence>
            <Extensions>
              <ext:TPX>
                <ext:Watts>82</ext:Watts>
              </ext:TPX>
            </Extensions>
          </Trackpoint>
          <Trackpoint>
            <Time>2026-09-07T19:23:48.000Z</Time>
            <HeartRateBpm>
              <Value>106</Value>
            </HeartRateBpm>
            <Cadence>77</Cadence>
            <Extensions>
              <ext:TPX>
                <ext:Watts>82</ext:Watts>
              </ext:TPX>
            </Extensions>
          </Trackpoint>
          <Trackpoint>
            <Time>2026-09-07T19:23:49.000Z</Time>
            <HeartRateBpm>
              <Value>106</Value>
            </HeartRateBpm>
            <Cadence>77</Cadence>
            <Extensions>
              <ext:TPX>
                <ext:Watts>82</ext:Watts>
              </ext:TPX>
            </Extensions>
          </Trackpoint>
          <Trackpoint>
            <Time>2026-09-07T19:23:50.000Z</Time>
            <HeartRateBpm>
              <Value>106</Value>
            </HeartRateBpm>
            <Cadence>78</Cadence>
            <Extensions>
              <ext:TPX>
                <ext:Watts>84</ext:Watts>
              </ext:TPX>
            </Extensions>
          </Trackpoint>
          <Trackpoint>
            <Time>2026-09-07T19:23:51.000Z</Time>
            <HeartRateBpm>
              <Value>107</Value>
            </HeartRateBpm>
            <Cadence>80</Cadence>
            <Extensions>
              <ext:TPX>
                <ext:Watts>83</ext:Watts>
              </ext:TPX>
            </Extensions>
          </Trackpoint>
          <Trackpoint>
            <Time>2026-09-07T19:23:52.000Z</Time>
            <HeartRateBpm>
              <Value>107</Value>
            </HeartRateBpm>
            <Cadence>78</Cadence>
            <Extensions>
              <ext:TPX>
                <ext:Watts>83</ext:Watts>
              </ext:TPX>
            </Extensions>
          </Trackpoint>
          <Trackpoint>
            <Time>2026-09-07T19:23:53.000Z</Time>
            <HeartRateBpm>
              <Value>106</Value>
            </HeartRateBpm>
            <Cadence>78</Cadence>
            <Extensions>
              <ext:TPX>
                <ext:Watts>83</ext:Watts>
              </ext:TPX>
            </Extensions>
          </Trackpoint>
          <Trackpoint>
            <Time>2026-09-07T19:23:54.000Z</Time>
            <HeartRateBpm>
              <Value>107</Value>
            </HeartRateBpm>
            <Cadence>79</Cadence>
            <Extensions>
              <ext:TPX>
                <ext:Watts>85</ext:Watts>
              </ext:TPX>
            </Extensions>
          </Trackpoint>
          <Trackpoint>
            <Time>2026-09-07T19:23:55.000Z</Time>
            <HeartRateBpm>
              <Value>107</Value>
            </HeartRateBpm>
            <Cadence>79</Cadence>
            <Extensions>
              <ext:TPX>
                <ext:Watts>85</ext:Watts>
              </ext:TPX>
            </Extensions>
          </Trackpoint>
          <Trackpoint>
            <Time>2026-09-07T19:23:56.000Z</Time>
            <HeartRateBpm>
              <Value>107</Value>
            </HeartRateBpm>
            <Cadence>77</Cadence>
            <Extensions>
              <ext:TPX>
                <ext:Watts>83</ext:Watts>
              </ext:TPX>
            </Extensions>
          </Trackpoint>
          <Trackpoint>
            <Time>2026-09-07T19:23:57.000Z</Time>
            <HeartRateBpm>
              <Value>108</Value>
            </HeartRateBpm>
            <Cadence>78</Cadence>
            <Extensions>
              <ext:TPX>
                <ext:Watts>84</ext:Watts>
              </ext:TPX>
            </Extensions>
          </Trackpoint>
          <Trackpoint>
            <Time>2026-09-07T19:23:58.000Z</Time>
            <HeartRateBpm>
              <Value>108</Value>
            </HeartRateBpm>
            <Cadence>80</Cadence>
            <Extensions>
              <ext:TPX>
                <ext:Watts>85</ext:Watts>
              </ext:TPX>
            </Extensions>
          </Trackpoint>
          <Trackpoint>
            <Time>2026-09-07T19:23:59.000Z</Time>
            <HeartRateBpm>
              <Value>108</Value>
            </HeartRateBpm>
            <Cadence>80</Cadence>
            <Extensions>
              <ext:TPX>
                <ext:Watts>85</ext:Watts>
              </ext:TPX>
            </Extensions>
          </Trackpoint>
          <Trackpoint>
            <Time>2026-09-07T19:24:00.000Z</Time>
            <HeartRateBpm>
              <Value>108</Value>
            </HeartRateBpm>
            <Cadence>79</Cadence>
            <Extensions>
              <ext:TPX>
                <ext:Watts>86</ext:Watts>
              </ext:TPX>
            </Extensions>
          </Trackpoint>
          <Trackpoint>
            <Time>2026-09-07T19:24:01.000Z</Time>
            <HeartRateBpm>
              <Value>109</Value>
            </HeartRateBpm>
            <Cadence>81</Cadence>
            <Extensions>
              <ext:TPX>
                <ext:Watts>84</ext:Watts>
              </ext:TPX>
            </Extensions>
          </Trackpoint>
          <Trackpoint>
            <Time>2026-09-07T19:24:02.000Z</Time>
            <HeartRateBpm>
              <Value>108</Value>
            </HeartRateBpm>
            <Cadence>79</Cadence>
            <Extensions>
              <ext:TPX>
                <ext:Watts>84</ext:Watts>
              </ext:TPX>
            </Extensions>
          </Trackpoint>
          <Trackpoint>
            <Time>2026-09-07T19:24:03.000Z</Time>
            <HeartRateBpm>
              <Value>108</Value>
            </HeartRateBpm>
            <Cadence>80</Cadence>
            <Extensions>
              <ext:TPX>
                <ext:Watts>84</ext:Watts>
              </ext:TPX>
            </Extensions>
          </Trackpoint>
          <Trackpoint>
            <Time>2026-09-07T19:24:04.000Z</Time>
            <HeartRateBpm>
              <Value>109</Value>
            </HeartRateBpm>
            <Cadence>78</Cadence>
            <Extensions>
              <ext:TPX>
                <ext:Watts>83</ext:Watts>
              </ext:TPX>
            </Extensions>
          </Trackpoint>
          <Trackpoint>
            <Time>2026-09-07T19:24:05.000Z</Time>
            <HeartRateBpm>
              <Value>109</Value>
            </HeartRateBpm>
            <Cadence>78</Cadence>
            <Extensions>
              <ext:TPX>
                <ext:Watts>83</ext:Watts>
              </ext:TPX>
            </Extensions>
          </Trackpoint>
          <Trackpoint>
            <Time>2026-09-07T19:24:06.000Z</Time>
            <HeartRateBpm>
              <Value>109</Value>
            </HeartRateBpm>
            <Cadence>78</Cadence>
            <Extensions>
              <ext:TPX>
                <ext:Watts>83</ext:Watts>
              </ext:TPX>
            </Extensions>
          </Trackpoint>
          <Trackpoint>
            <Time>2026-09-07T19:24:07.000Z</Time>
            <HeartRateBpm>
              <Value>108</Value>
            </HeartRateBpm>
            <Cadence>79</Cadence>
            <Extensions>
              <ext:TPX>
                <ext:Watts>83</ext:Watts>
              </ext:TPX>
            </Extensions>
          </Trackpoint>
          <Trackpoint>
            <Time>2026-09-07T19:24:08.000Z</Time>
            <HeartRateBpm>
              <Value>108</Value>
            </HeartRateBpm>
            <Cadence>78</Cadence>
            <Extensions>
              <ext:TPX>
                <ext:Watts>84</ext:Watts>
              </ext:TPX>
            </Extensions>
          </Trackpoint>
          <Trackpoint>
            <Time>2026-09-07T19:24:09.000Z</Time>
            <HeartRateBpm>
              <Value>109</Value>
            </HeartRateBpm>
            <Cadence>79</Cadence>
            <Extensions>
              <ext:TPX>
                <ext:Watts>83</ext:Watts>
              </ext:TPX>
            </Extensions>
          </Trackpoint>
          <Trackpoint>
            <Time>2026-09-07T19:24:10.000Z</Time>
            <HeartRateBpm>
              <Value>109</Value>
            </HeartRateBpm>
            <Cadence>79</Cadence>
            <Extensions>
              <ext:TPX>
                <ext:Watts>83</ext:Watts>
              </ext:TPX>
            </Extensions>
          </Trackpoint>
          <Trackpoint>
            <Time>2026-09-07T19:24:11.000Z</Time>
            <HeartRateBpm>
              <Value>109</Value>
            </HeartRateBpm>
            <Cadence>79</Cadence>
            <Extensions>
              <ext:TPX>
                <ext:Watts>83</ext:Watts>
              </ext:TPX>
            </Extensions>
          </Trackpoint>
          <Trackpoint>
            <Time>2026-09-07T19:24:12.000Z</Time>
            <HeartRateBpm>
              <Value>108</Value>
            </HeartRateBpm>
            <Cadence>78</Cadence>
            <Extensions>
              <ext:TPX>
                <ext:Watts>83</ext:Watts>
              </ext:TPX>
            </Extensions>
          </Trackpoint>
          <Trackpoint>
            <Time>2026-09-07T19:24:13.000Z</Time>
            <HeartRateBpm>
              <Value>108</Value>
            </HeartRateBpm>
            <Cadence>76</Cadence>
            <Extensions>
              <ext:TPX>
                <ext:Watts>83</ext:Watts>
              </ext:TPX>
            </Extensions>
          </Trackpoint>
          <Trackpoint>
            <Time>2026-09-07T19:24:14.000Z</Time>
            <HeartRateBpm>
              <Value>108</Value>
            </HeartRateBpm>
            <Cadence>79</Cadence>
            <Extensions>
              <ext:TPX>
                <ext:Watts>83</ext:Watts>
              </ext:TPX>
            </Extensions>
          </Trackpoint>
          <Trackpoint>
            <Time>2026-09-07T19:24:15.000Z</Time>
            <HeartRateBpm>
              <Value>108</Value>
            </HeartRateBpm>
            <Cadence>79</Cadence>
            <Extensions>
              <ext:TPX>
                <ext:Watts>82</ext:Watts>
              </ext:TPX>
            </Extensions>
          </Trackpoint>
          <Trackpoint>
            <Time>2026-09-07T19:24:16.000Z</Time>
            <HeartRateBpm>
              <Value>108</Value>
            </HeartRateBpm>
            <Cadence>79</Cadence>
            <Extensions>
              <ext:TPX>
                <ext:Watts>82</ext:Watts>
              </ext:TPX>
            </Extensions>
          </Trackpoint>
          <Trackpoint>
            <Time>2026-09-07T19:24:17.000Z</Time>
            <HeartRateBpm>
              <Value>108</Value>
            </HeartRateBpm>
            <Cadence>79</Cadence>
            <Extensions>
              <ext:TPX>
                <ext:Watts>82</ext:Watts>
              </ext:TPX>
            </Extensions>
          </Trackpoint>
          <Trackpoint>
            <Time>2026-09-07T19:24:18.000Z</Time>
            <HeartRateBpm>
              <Value>109</Value>
            </HeartRateBpm>
            <Cadence>78</Cadence>
            <Extensions>
              <ext:TPX>
                <ext:Watts>82</ext:Watts>
              </ext:TPX>
            </Extensions>
          </Trackpoint>
          <Trackpoint>
            <Time>2026-09-07T19:24:19.000Z</Time>
            <HeartRateBpm>
              <Value>109</Value>
            </HeartRateBpm>
            <Cadence>76</Cadence>
            <Extensions>
              <ext:TPX>
                <ext:Watts>82</ext:Watts>
              </ext:TPX>
            </Extensions>
          </Trackpoint>
          <Trackpoint>
            <Time>2026-09-07T19:24:20.000Z</Time>
            <HeartRateBpm>
              <Value>109</Value>
            </HeartRateBpm>
            <Cadence>76</Cadence>
            <Extensions>
              <ext:TPX>
                <ext:Watts>82</ext:Watts>
              </ext:TPX>
            </Extensions>
          </Trackpoint>
          <Trackpoint>
            <Time>2026-09-07T19:24:21.000Z</Time>
            <HeartRateBpm>
              <Value>110</Value>
            </HeartRateBpm>
            <Cadence>76</Cadence>
            <Extensions>
              <ext:TPX>
                <ext:Watts>82</ext:Watts>
              </ext:TPX>
            </Extensions>
          </Trackpoint>
          <Trackpoint>
            <Time>2026-09-07T19:24:22.000Z</Time>
            <HeartRateBpm>
              <Value>109</Value>
            </HeartRateBpm>
            <Cadence>77</Cadence>
            <Extensions>
              <ext:TPX>
                <ext:Watts>81</ext:Watts>
              </ext:TPX>
            </Extensions>
          </Trackpoint>
          <Trackpoint>
            <Time>2026-09-07T19:24:23.000Z</Time>
            <HeartRateBpm>
              <Value>109</Value>
            </HeartRateBpm>
            <Cadence>77</Cadence>
            <Extensions>
              <ext:TPX>
                <ext:Watts>81</ext:Watts>
              </ext:TPX>
            </Extensions>
          </Trackpoint>
          <Trackpoint>
            <Time>2026-09-07T19:24:24.000Z</Time>
            <HeartRateBpm>
              <Value>109</Value>
            </HeartRateBpm>
            <Cadence>78</Cadence>
            <Extensions>
              <ext:TPX>
                <ext:Watts>82</ext:Watts>
              </ext:TPX>
            </Extensions>
          </Trackpoint>
          <Trackpoint>
            <Time>2026-09-07T19:24:25.000Z</Time>
            <HeartRateBpm>
              <Value>109</Value>
            </HeartRateBpm>
            <Cadence>77</Cadence>
            <Extensions>
              <ext:TPX>
                <ext:Watts>81</ext:Watts>
              </ext:TPX>
            </Extensions>
          </Trackpoint>
          <Trackpoint>
            <Time>2026-09-07T19:24:26.000Z</Time>
            <HeartRateBpm>
              <Value>109</Value>
            </HeartRateBpm>
            <Cadence>77</Cadence>
            <Extensions>
              <ext:TPX>
                <ext:Watts>81</ext:Watts>
              </ext:TPX>
            </Extensions>
          </Trackpoint>
          <Trackpoint>
            <Time>2026-09-07T19:24:27.000Z</Time>
            <HeartRateBpm>
              <Value>109</Value>
            </HeartRateBpm>
            <Cadence>77</Cadence>
            <Extensions>
              <ext:TPX>
                <ext:Watts>82</ext:Watts>
              </ext:TPX>
            </Extensions>
          </Trackpoint>
          <Trackpoint>
            <Time>2026-09-07T19:24:28.000Z</Time>
            <HeartRateBpm>
              <Value>109</Value>
            </HeartRateBpm>
            <Cadence>77</Cadence>
            <Extensions>
              <ext:TPX>
                <ext:Watts>81</ext:Watts>
              </ext:TPX>
            </Extensions>
          </Trackpoint>
          <Trackpoint>
            <Time>2026-09-07T19:24:29.000Z</Time>
            <HeartRateBpm>
              <Value>108</Value>
            </HeartRateBpm>
            <Cadence>77</Cadence>
            <Extensions>
              <ext:TPX>
                <ext:Watts>81</ext:Watts>
              </ext:TPX>
            </Extensions>
          </Trackpoint>
          <Trackpoint>
            <Time>2026-09-07T19:24:30.000Z</Time>
            <HeartRateBpm>
              <Value>108</Value>
            </HeartRateBpm>
            <Cadence>77</Cadence>
            <Extensions>
              <ext:TPX>
                <ext:Watts>82</ext:Watts>
              </ext:TPX>
            </Extensions>
          </Trackpoint>
          <Trackpoint>
            <Time>2026-09-07T19:24:31.000Z</Time>
            <HeartRateBpm>
              <Value>108</Value>
            </HeartRateBpm>
            <Cadence>77</Cadence>
            <Extensions>
              <ext:TPX>
                <ext:Watts>82</ext:Watts>
              </ext:TPX>
            </Extensions>
          </Trackpoint>
          <Trackpoint>
            <Time>2026-09-07T19:24:32.000Z</Time>
            <HeartRateBpm>
              <Value>108</Value>
            </HeartRateBpm>
            <Cadence>77</Cadence>
            <Extensions>
              <ext:TPX>
                <ext:Watts>82</ext:Watts>
              </ext:TPX>
            </Extensions>
          </Trackpoint>
          <Trackpoint>
            <Time>2026-09-07T19:24:33.000Z</Time>
            <HeartRateBpm>
              <Value>108</Value>
            </HeartRateBpm>
            <Cadence>78</Cadence>
            <Extensions>
              <ext:TPX>
                <ext:Watts>80</ext:Watts>
              </ext:TPX>
            </Extensions>
          </Trackpoint>
          <Trackpoint>
            <Time>2026-09-07T19:24:34.000Z</Time>
            <HeartRateBpm>
              <Value>108</Value>
            </HeartRateBpm>
            <Cadence>75</Cadence>
            <Extensions>
              <ext:TPX>
                <ext:Watts>82</ext:Watts>
              </ext:TPX>
            </Extensions>
          </Trackpoint>
          <Trackpoint>
            <Time>2026-09-07T19:24:35.000Z</Time>
            <HeartRateBpm>
              <Value>108</Value>
            </HeartRateBpm>
            <Cadence>75</Cadence>
            <Extensions>
              <ext:TPX>
                <ext:Watts>82</ext:Watts>
              </ext:TPX>
            </Extensions>
          </Trackpoint>
          <Trackpoint>
            <Time>2026-09-07T19:24:36.000Z</Time>
            <HeartRateBpm>
              <Value>108</Value>
            </HeartRateBpm>
            <Cadence>77</Cadence>
            <Extensions>
              <ext:TPX>
                <ext:Watts>80</ext:Watts>
              </ext:TPX>
            </Extensions>
          </Trackpoint>
          <Trackpoint>
            <Time>2026-09-07T19:24:37.000Z</Time>
            <HeartRateBpm>
              <Value>108</Value>
            </HeartRateBpm>
            <Cadence>75</Cadence>
            <Extensions>
              <ext:TPX>
                <ext:Watts>80</ext:Watts>
              </ext:TPX>
            </Extensions>
          </Trackpoint>
          <Trackpoint>
            <Time>2026-09-07T19:24:38.000Z</Time>
            <HeartRateBpm>
              <Value>108</Value>
            </HeartRateBpm>
            <Cadence>77</Cadence>
            <Extensions>
              <ext:TPX>
                <ext:Watts>81</ext:Watts>
              </ext:TPX>
            </Extensions>
          </Trackpoint>
          <Trackpoint>
            <Time>2026-09-07T19:24:39.000Z</Time>
            <HeartRateBpm>
              <Value>108</Value>
            </HeartRateBpm>
            <Cadence>76</Cadence>
            <Extensions>
              <ext:TPX>
                <ext:Watts>80</ext:Watts>
              </ext:TPX>
            </Extensions>
          </Trackpoint>
          <Trackpoint>
            <Time>2026-09-07T19:24:40.000Z</Time>
            <HeartRateBpm>
              <Value>108</Value>
            </HeartRateBpm>
            <Cadence>77</Cadence>
            <Extensions>
              <ext:TPX>
                <ext:Watts>80</ext:Watts>
              </ext:TPX>
            </Extensions>
          </Trackpoint>
          <Trackpoint>
            <Time>2026-09-07T19:24:41.000Z</Time>
            <HeartRateBpm>
              <Value>108</Value>
            </HeartRateBpm>
            <Cadence>77</Cadence>
            <Extensions>
              <ext:TPX>
                <ext:Watts>80</ext:Watts>
              </ext:TPX>
            </Extensions>
          </Trackpoint>
          <Trackpoint>
            <Time>2026-09-07T19:24:42.000Z</Time>
            <HeartRateBpm>
              <Value>108</Value>
            </HeartRateBpm>
            <Cadence>77</Cadence>
            <Extensions>
              <ext:TPX>
                <ext:Watts>81</ext:Watts>
              </ext:TPX>
            </Extensions>
          </Trackpoint>
          <Trackpoint>
            <Time>2026-09-07T19:24:43.000Z</Time>
            <HeartRateBpm>
              <Value>108</Value>
            </HeartRateBpm>
            <Cadence>75</Cadence>
            <Extensions>
              <ext:TPX>
                <ext:Watts>81</ext:Watts>
              </ext:TPX>
            </Extensions>
          </Trackpoint>
          <Trackpoint>
            <Time>2026-09-07T19:24:44.000Z</Time>
            <HeartRateBpm>
              <Value>108</Value>
            </HeartRateBpm>
            <Cadence>75</Cadence>
            <Extensions>
              <ext:TPX>
                <ext:Watts>82</ext:Watts>
              </ext:TPX>
            </Extensions>
          </Trackpoint>
          <Trackpoint>
            <Time>2026-09-07T19:24:45.000Z</Time>
            <HeartRateBpm>
              <Value>108</Value>
            </HeartRateBpm>
            <Cadence>75</Cadence>
            <Extensions>
              <ext:TPX>
                <ext:Watts>82</ext:Watts>
              </ext:TPX>
            </Extensions>
          </Trackpoint>
          <Trackpoint>
            <Time>2026-09-07T19:24:46.000Z</Time>
            <HeartRateBpm>
              <Value>108</Value>
            </HeartRateBpm>
            <Cadence>52</Cadence>
            <Extensions>
              <ext:TPX>
                <ext:Watts>83</ext:Watts>
              </ext:TPX>
            </Extensions>
          </Trackpoint>
          <Trackpoint>
            <Time>2026-09-07T19:24:47.000Z</Time>
            <HeartRateBpm>
              <Value>108</Value>
            </HeartRateBpm>
            <Cadence>52</Cadence>
            <Extensions>
              <ext:TPX>
                <ext:Watts>83</ext:Watts>
              </ext:TPX>
            </Extensions>
          </Trackpoint>
          <Trackpoint>
            <Time>2026-09-07T19:24:48.000Z</Time>
            <HeartRateBpm>
              <Value>107</Value>
            </HeartRateBpm>
            <Cadence>78</Cadence>
            <Extensions>
              <ext:TPX>
                <ext:Watts>83</ext:Watts>
              </ext:TPX>
            </Extensions>
          </Trackpoint>
          <Trackpoint>
            <Time>2026-09-07T19:24:49.000Z</Time>
            <HeartRateBpm>
              <Value>107</Value>
            </HeartRateBpm>
            <Cadence>78</Cadence>
            <Extensions>
              <ext:TPX>
                <ext:Watts>83</ext:Watts>
              </ext:TPX>
            </Extensions>
          </Trackpoint>
          <Trackpoint>
            <Time>2026-09-07T19:24:50.000Z</Time>
            <HeartRateBpm>
              <Value>107</Value>
            </HeartRateBpm>
            <Cadence>74</Cadence>
            <Extensions>
              <ext:TPX>
                <ext:Watts>81</ext:Watts>
              </ext:TPX>
            </Extensions>
          </Trackpoint>
          <Trackpoint>
            <Time>2026-09-07T19:24:51.000Z</Time>
            <HeartRateBpm>
              <Value>107</Value>
            </HeartRateBpm>
            <Cadence>78</Cadence>
            <Extensions>
              <ext:TPX>
                <ext:Watts>79</ext:Watts>
              </ext:TPX>
            </Extensions>
          </Trackpoint>
          <Trackpoint>
            <Time>2026-09-07T19:24:52.000Z</Time>
            <HeartRateBpm>
              <Value>108</Value>
            </HeartRateBpm>
            <Cadence>76</Cadence>
            <Extensions>
              <ext:TPX>
                <ext:Watts>80</ext:Watts>
              </ext:TPX>
            </Extensions>
          </Trackpoint>
          <Trackpoint>
            <Time>2026-09-07T19:24:53.000Z</Time>
            <HeartRateBpm>
              <Value>109</Value>
            </HeartRateBpm>
            <Cadence>76</Cadence>
            <Extensions>
              <ext:TPX>
                <ext:Watts>80</ext:Watts>
              </ext:TPX>
            </Extensions>
          </Trackpoint>
          <Trackpoint>
            <Time>2026-09-07T19:24:54.000Z</Time>
            <HeartRateBpm>
              <Value>110</Value>
            </HeartRateBpm>
            <Cadence>73</Cadence>
            <Extensions>
              <ext:TPX>
                <ext:Watts>81</ext:Watts>
              </ext:TPX>
            </Extensions>
          </Trackpoint>
          <Trackpoint>
            <Time>2026-09-07T19:24:55.000Z</Time>
            <HeartRateBpm>
              <Value>110</Value>
            </HeartRateBpm>
            <Cadence>79</Cadence>
            <Extensions>
              <ext:TPX>
                <ext:Watts>80</ext:Watts>
              </ext:TPX>
            </Extensions>
          </Trackpoint>
          <Trackpoint>
            <Time>2026-09-07T19:24:56.000Z</Time>
            <HeartRateBpm>
              <Value>109</Value>
            </HeartRateBpm>
            <Cadence>76</Cadence>
            <Extensions>
              <ext:TPX>
                <ext:Watts>81</ext:Watts>
              </ext:TPX>
            </Extensions>
          </Trackpoint>
          <Trackpoint>
            <Time>2026-09-07T19:24:57.000Z</Time>
            <HeartRateBpm>
              <Value>109</Value>
            </HeartRateBpm>
            <Cadence>75</Cadence>
            <Extensions>
              <ext:TPX>
                <ext:Watts>79</ext:Watts>
              </ext:TPX>
            </Extensions>
          </Trackpoint>
          <Trackpoint>
            <Time>2026-09-07T19:24:58.000Z</Time>
            <HeartRateBpm>
              <Value>109</Value>
            </HeartRateBpm>
            <Cadence>76</Cadence>
            <Extensions>
              <ext:TPX>
                <ext:Watts>83</ext:Watts>
              </ext:TPX>
            </Extensions>
          </Trackpoint>
          <Trackpoint>
            <Time>2026-09-07T19:24:59.000Z</Time>
            <HeartRateBpm>
              <Value>109</Value>
            </HeartRateBpm>
            <Cadence>76</Cadence>
            <Extensions>
              <ext:TPX>
                <ext:Watts>83</ext:Watts>
              </ext:TPX>
            </Extensions>
          </Trackpoint>
          <Trackpoint>
            <Time>2026-09-07T19:25:00.000Z</Time>
            <HeartRateBpm>
              <Value>109</Value>
            </HeartRateBpm>
            <Cadence>39</Cadence>
            <Extensions>
              <ext:TPX>
                <ext:Watts>78</ext:Watts>
              </ext:TPX>
            </Extensions>
          </Trackpoint>
          <Trackpoint>
            <Time>2026-09-07T19:25:01.000Z</Time>
            <HeartRateBpm>
              <Value>109</Value>
            </HeartRateBpm>
            <Cadence>70</Cadence>
            <Extensions>
              <ext:TPX>
                <ext:Watts>78</ext:Watts>
              </ext:TPX>
            </Extensions>
          </Trackpoint>
          <Trackpoint>
            <Time>2026-09-07T19:25:02.000Z</Time>
            <HeartRateBpm>
              <Value>109</Value>
            </HeartRateBpm>
            <Cadence>76</Cadence>
            <Extensions>
              <ext:TPX>
                <ext:Watts>77</ext:Watts>
              </ext:TPX>
            </Extensions>
          </Trackpoint>
          <Trackpoint>
            <Time>2026-09-07T19:25:03.000Z</Time>
            <HeartRateBpm>
              <Value>110</Value>
            </HeartRateBpm>
            <Cadence>77</Cadence>
            <Extensions>
              <ext:TPX>
                <ext:Watts>78</ext:Watts>
              </ext:TPX>
            </Extensions>
          </Trackpoint>
          <Trackpoint>
            <Time>2026-09-07T19:25:04.000Z</Time>
            <HeartRateBpm>
              <Value>110</Value>
            </HeartRateBpm>
            <Cadence>73</Cadence>
            <Extensions>
              <ext:TPX>
                <ext:Watts>77</ext:Watts>
              </ext:TPX>
            </Extensions>
          </Trackpoint>
          <Trackpoint>
            <Time>2026-09-07T19:25:05.000Z</Time>
            <HeartRateBpm>
              <Value>109</Value>
            </HeartRateBpm>
            <Cadence>73</Cadence>
            <Extensions>
              <ext:TPX>
                <ext:Watts>77</ext:Watts>
              </ext:TPX>
            </Extensions>
          </Trackpoint>
          <Trackpoint>
            <Time>2026-09-07T19:25:06.000Z</Time>
            <HeartRateBpm>
              <Value>108</Value>
            </HeartRateBpm>
            <Cadence>76</Cadence>
            <Extensions>
              <ext:TPX>
                <ext:Watts>77</ext:Watts>
              </ext:TPX>
            </Extensions>
          </Trackpoint>
          <Trackpoint>
            <Time>2026-09-07T19:25:07.000Z</Time>
            <HeartRateBpm>
              <Value>108</Value>
            </HeartRateBpm>
            <Cadence>74</Cadence>
            <Extensions>
              <ext:TPX>
                <ext:Watts>78</ext:Watts>
              </ext:TPX>
            </Extensions>
          </Trackpoint>
          <Trackpoint>
            <Time>2026-09-07T19:25:08.000Z</Time>
            <HeartRateBpm>
              <Value>108</Value>
            </HeartRateBpm>
            <Cadence>74</Cadence>
            <Extensions>
              <ext:TPX>
                <ext:Watts>80</ext:Watts>
              </ext:TPX>
            </Extensions>
          </Trackpoint>
          <Trackpoint>
            <Time>2026-09-07T19:25:09.000Z</Time>
            <HeartRateBpm>
              <Value>108</Value>
            </HeartRateBpm>
            <Cadence>78</Cadence>
            <Extensions>
              <ext:TPX>
                <ext:Watts>79</ext:Watts>
              </ext:TPX>
            </Extensions>
          </Trackpoint>
          <Trackpoint>
            <Time>2026-09-07T19:25:10.000Z</Time>
            <HeartRateBpm>
              <Value>109</Value>
            </HeartRateBpm>
            <Cadence>79</Cadence>
            <Extensions>
              <ext:TPX>
                <ext:Watts>76</ext:Watts>
              </ext:TPX>
            </Extensions>
          </Trackpoint>
          <Trackpoint>
            <Time>2026-09-07T19:25:11.000Z</Time>
            <HeartRateBpm>
              <Value>110</Value>
            </HeartRateBpm>
            <Cadence>79</Cadence>
            <Extensions>
              <ext:TPX>
                <ext:Watts>76</ext:Watts>
              </ext:TPX>
            </Extensions>
          </Trackpoint>
          <Trackpoint>
            <Time>2026-09-07T19:25:12.000Z</Time>
            <HeartRateBpm>
              <Value>111</Value>
            </HeartRateBpm>
            <Cadence>79</Cadence>
            <Extensions>
              <ext:TPX>
                <ext:Watts>76</ext:Watts>
              </ext:TPX>
            </Extensions>
          </Trackpoint>
          <Trackpoint>
            <Time>2026-09-07T19:25:13.000Z</Time>
            <HeartRateBpm>
              <Value>113</Value>
            </HeartRateBpm>
            <Cadence>74</Cadence>
            <Extensions>
              <ext:TPX>
                <ext:Watts>77</ext:Watts>
              </ext:TPX>
            </Extensions>
          </Trackpoint>
          <Trackpoint>
            <Time>2026-09-07T19:25:14.000Z</Time>
            <HeartRateBpm>
              <Value>113</Value>
            </HeartRateBpm>
            <Cadence>75</Cadence>
            <Extensions>
              <ext:TPX>
                <ext:Watts>76</ext:Watts>
              </ext:TPX>
            </Extensions>
          </Trackpoint>
          <Trackpoint>
            <Time>2026-09-07T19:25:15.000Z</Time>
            <HeartRateBpm>
              <Value>113</Value>
            </HeartRateBpm>
            <Cadence>75</Cadence>
            <Extensions>
              <ext:TPX>
                <ext:Watts>76</ext:Watts>
              </ext:TPX>
            </Extensions>
          </Trackpoint>
          <Trackpoint>
            <Time>2026-09-07T19:25:16.000Z</Time>
            <HeartRateBpm>
              <Value>113</Value>
            </HeartRateBpm>
            <Cadence>77</Cadence>
            <Extensions>
              <ext:TPX>
                <ext:Watts>79</ext:Watts>
              </ext:TPX>
            </Extensions>
          </Trackpoint>
          <Trackpoint>
            <Time>2026-09-07T19:25:17.000Z</Time>
            <HeartRateBpm>
              <Value>114</Value>
            </HeartRateBpm>
            <Cadence>77</Cadence>
            <Extensions>
              <ext:TPX>
                <ext:Watts>79</ext:Watts>
              </ext:TPX>
            </Extensions>
          </Trackpoint>
          <Trackpoint>
            <Time>2026-09-07T19:25:18.000Z</Time>
            <HeartRateBpm>
              <Value>114</Value>
            </HeartRateBpm>
            <Cadence>73</Cadence>
            <Extensions>
              <ext:TPX>
                <ext:Watts>78</ext:Watts>
              </ext:TPX>
            </Extensions>
          </Trackpoint>
          <Trackpoint>
            <Time>2026-09-07T19:25:19.000Z</Time>
            <HeartRateBpm>
              <Value>114</Value>
            </HeartRateBpm>
            <Cadence>73</Cadence>
            <Extensions>
              <ext:TPX>
                <ext:Watts>78</ext:Watts>
              </ext:TPX>
            </Extensions>
          </Trackpoint>
          <Trackpoint>
            <Time>2026-09-07T19:25:20.000Z</Time>
            <HeartRateBpm>
              <Value>114</Value>
            </HeartRateBpm>
            <Cadence>76</Cadence>
            <Extensions>
              <ext:TPX>
                <ext:Watts>79</ext:Watts>
              </ext:TPX>
            </Extensions>
          </Trackpoint>
          <Trackpoint>
            <Time>2026-09-07T19:25:21.000Z</Time>
            <HeartRateBpm>
              <Value>114</Value>
            </HeartRateBpm>
            <Cadence>72</Cadence>
            <Extensions>
              <ext:TPX>
                <ext:Watts>79</ext:Watts>
              </ext:TPX>
            </Extensions>
          </Trackpoint>
          <Trackpoint>
            <Time>2026-09-07T19:25:22.000Z</Time>
            <HeartRateBpm>
              <Value>114</Value>
            </HeartRateBpm>
            <Cadence>77</Cadence>
            <Extensions>
              <ext:TPX>
                <ext:Watts>78</ext:Watts>
              </ext:TPX>
            </Extensions>
          </Trackpoint>
          <Trackpoint>
            <Time>2026-09-07T19:25:23.000Z</Time>
            <HeartRateBpm>
              <Value>113</Value>
            </HeartRateBpm>
            <Cadence>77</Cadence>
            <Extensions>
              <ext:TPX>
                <ext:Watts>78</ext:Watts>
              </ext:TPX>
            </Extensions>
          </Trackpoint>
          <Trackpoint>
            <Time>2026-09-07T19:25:24.000Z</Time>
            <HeartRateBpm>
              <Value>113</Value>
            </HeartRateBpm>
            <Cadence>77</Cadence>
            <Extensions>
              <ext:TPX>
                <ext:Watts>81</ext:Watts>
              </ext:TPX>
            </Extensions>
          </Trackpoint>
          <Trackpoint>
            <Time>2026-09-07T19:25:25.000Z</Time>
            <HeartRateBpm>
              <Value>114</Value>
            </HeartRateBpm>
            <Cadence>76</Cadence>
            <Extensions>
              <ext:TPX>
                <ext:Watts>80</ext:Watts>
              </ext:TPX>
            </Extensions>
          </Trackpoint>
          <Trackpoint>
            <Time>2026-09-07T19:25:26.000Z</Time>
            <HeartRateBpm>
              <Value>114</Value>
            </HeartRateBpm>
            <Cadence>49</Cadence>
            <Extensions>
              <ext:TPX>
                <ext:Watts>76</ext:Watts>
              </ext:TPX>
            </Extensions>
          </Trackpoint>
          <Trackpoint>
            <Time>2026-09-07T19:25:27.000Z</Time>
            <HeartRateBpm>
              <Value>114</Value>
            </HeartRateBpm>
            <Cadence>49</Cadence>
            <Extensions>
              <ext:TPX>
                <ext:Watts>76</ext:Watts>
              </ext:TPX>
            </Extensions>
          </Trackpoint>
          <Trackpoint>
            <Time>2026-09-07T19:25:28.000Z</Time>
            <HeartRateBpm>
              <Value>114</Value>
            </HeartRateBpm>
            <Cadence>73</Cadence>
            <Extensions>
              <ext:TPX>
                <ext:Watts>76</ext:Watts>
              </ext:TPX>
            </Extensions>
          </Trackpoint>
          <Trackpoint>
            <Time>2026-09-07T19:25:29.000Z</Time>
            <HeartRateBpm>
              <Value>114</Value>
            </HeartRateBpm>
            <Cadence>73</Cadence>
            <Extensions>
              <ext:TPX>
                <ext:Watts>76</ext:Watts>
              </ext:TPX>
            </Extensions>
          </Trackpoint>
          <Trackpoint>
            <Time>2026-09-07T19:25:30.000Z</Time>
            <HeartRateBpm>
              <Value>115</Value>
            </HeartRateBpm>
            <Cadence>78</Cadence>
            <Extensions>
              <ext:TPX>
                <ext:Watts>76</ext:Watts>
              </ext:TPX>
            </Extensions>
          </Trackpoint>
          <Trackpoint>
            <Time>2026-09-07T19:25:31.000Z</Time>
            <HeartRateBpm>
              <Value>115</Value>
            </HeartRateBpm>
            <Cadence>78</Cadence>
            <Extensions>
              <ext:TPX>
                <ext:Watts>76</ext:Watts>
              </ext:TPX>
            </Extensions>
          </Trackpoint>
          <Trackpoint>
            <Time>2026-09-07T19:25:32.000Z</Time>
            <HeartRateBpm>
              <Value>114</Value>
            </HeartRateBpm>
            <Cadence>75</Cadence>
            <Extensions>
              <ext:TPX>
                <ext:Watts>77</ext:Watts>
              </ext:TPX>
            </Extensions>
          </Trackpoint>
          <Trackpoint>
            <Time>2026-09-07T19:25:33.000Z</Time>
            <HeartRateBpm>
              <Value>114</Value>
            </HeartRateBpm>
            <Cadence>74</Cadence>
            <Extensions>
              <ext:TPX>
                <ext:Watts>80</ext:Watts>
              </ext:TPX>
            </Extensions>
          </Trackpoint>
          <Trackpoint>
            <Time>2026-09-07T19:25:34.000Z</Time>
            <HeartRateBpm>
              <Value>114</Value>
            </HeartRateBpm>
            <Cadence>79</Cadence>
            <Extensions>
              <ext:TPX>
                <ext:Watts>80</ext:Watts>
              </ext:TPX>
            </Extensions>
          </Trackpoint>
          <Trackpoint>
            <Time>2026-09-07T19:25:35.000Z</Time>
            <HeartRateBpm>
              <Value>115</Value>
            </HeartRateBpm>
            <Cadence>79</Cadence>
            <Extensions>
              <ext:TPX>
                <ext:Watts>80</ext:Watts>
              </ext:TPX>
            </Extensions>
          </Trackpoint>
          <Trackpoint>
            <Time>2026-09-07T19:25:36.000Z</Time>
            <HeartRateBpm>
              <Value>115</Value>
            </HeartRateBpm>
            <Cadence>38</Cadence>
            <Extensions>
              <ext:TPX>
                <ext:Watts>80</ext:Watts>
              </ext:TPX>
            </Extensions>
          </Trackpoint>
          <Trackpoint>
            <Time>2026-09-07T19:25:37.000Z</Time>
            <HeartRateBpm>
              <Value>115</Value>
            </HeartRateBpm>
            <Cadence>38</Cadence>
            <Extensions>
              <ext:TPX>
                <ext:Watts>80</ext:Watts>
              </ext:TPX>
            </Extensions>
          </Trackpoint>
          <Trackpoint>
            <Time>2026-09-07T19:25:38.000Z</Time>
            <HeartRateBpm>
              <Value>115</Value>
            </HeartRateBpm>
            <Cadence>76</Cadence>
            <Extensions>
              <ext:TPX>
                <ext:Watts>80</ext:Watts>
              </ext:TPX>
            </Extensions>
          </Trackpoint>
          <Trackpoint>
            <Time>2026-09-07T19:25:39.000Z</Time>
            <HeartRateBpm>
              <Value>116</Value>
            </HeartRateBpm>
            <Cadence>75</Cadence>
            <Extensions>
              <ext:TPX>
                <ext:Watts>81</ext:Watts>
              </ext:TPX>
            </Extensions>
          </Trackpoint>
          <Trackpoint>
            <Time>2026-09-07T19:25:40.000Z</Time>
            <HeartRateBpm>
              <Value>117</Value>
            </HeartRateBpm>
            <Cadence>76</Cadence>
            <Extensions>
              <ext:TPX>
                <ext:Watts>80</ext:Watts>
              </ext:TPX>
            </Extensions>
          </Trackpoint>
          <Trackpoint>
            <Time>2026-09-07T19:25:41.000Z</Time>
            <HeartRateBpm>
              <Value>119</Value>
            </HeartRateBpm>
            <Cadence>76</Cadence>
            <Extensions>
              <ext:TPX>
                <ext:Watts>80</ext:Watts>
              </ext:TPX>
            </Extensions>
          </Trackpoint>
          <Trackpoint>
            <Time>2026-09-07T19:25:42.000Z</Time>
            <HeartRateBpm>
              <Value>119</Value>
            </HeartRateBpm>
            <Cadence>77</Cadence>
            <Extensions>
              <ext:TPX>
                <ext:Watts>79</ext:Watts>
              </ext:TPX>
            </Extensions>
          </Trackpoint>
          <Trackpoint>
            <Time>2026-09-07T19:25:43.000Z</Time>
            <HeartRateBpm>
              <Value>118</Value>
            </HeartRateBpm>
            <Cadence>77</Cadence>
            <Extensions>
              <ext:TPX>
                <ext:Watts>81</ext:Watts>
              </ext:TPX>
            </Extensions>
          </Trackpoint>
          <Trackpoint>
            <Time>2026-09-07T19:25:44.000Z</Time>
            <HeartRateBpm>
              <Value>118</Value>
            </HeartRateBpm>
            <Cadence>77</Cadence>
            <Extensions>
              <ext:TPX>
                <ext:Watts>81</ext:Watts>
              </ext:TPX>
            </Extensions>
          </Trackpoint>
          <Trackpoint>
            <Time>2026-09-07T19:25:45.000Z</Time>
            <HeartRateBpm>
              <Value>118</Value>
            </HeartRateBpm>
            <Cadence>76</Cadence>
            <Extensions>
              <ext:TPX>
                <ext:Watts>79</ext:Watts>
              </ext:TPX>
            </Extensions>
          </Trackpoint>
          <Trackpoint>
            <Time>2026-09-07T19:25:46.000Z</Time>
            <HeartRateBpm>
              <Value>118</Value>
            </HeartRateBpm>
            <Cadence>77</Cadence>
            <Extensions>
              <ext:TPX>
                <ext:Watts>79</ext:Watts>
              </ext:TPX>
            </Extensions>
          </Trackpoint>
          <Trackpoint>
            <Time>2026-09-07T19:25:47.000Z</Time>
            <HeartRateBpm>
              <Value>118</Value>
            </HeartRateBpm>
            <Cadence>77</Cadence>
            <Extensions>
              <ext:TPX>
                <ext:Watts>79</ext:Watts>
              </ext:TPX>
            </Extensions>
          </Trackpoint>
          <Trackpoint>
            <Time>2026-09-07T19:25:48.000Z</Time>
            <HeartRateBpm>
              <Value>119</Value>
            </HeartRateBpm>
            <Cadence>77</Cadence>
            <Extensions>
              <ext:TPX>
                <ext:Watts>80</ext:Watts>
              </ext:TPX>
            </Extensions>
          </Trackpoint>
          <Trackpoint>
            <Time>2026-09-07T19:25:49.000Z</Time>
            <HeartRateBpm>
              <Value>119</Value>
            </HeartRateBpm>
            <Cadence>75</Cadence>
            <Extensions>
              <ext:TPX>
                <ext:Watts>80</ext:Watts>
              </ext:TPX>
            </Extensions>
          </Trackpoint>
          <Trackpoint>
            <Time>2026-09-07T19:25:50.000Z</Time>
            <HeartRateBpm>
              <Value>119</Value>
            </HeartRateBpm>
            <Cadence>79</Cadence>
            <Extensions>
              <ext:TPX>
                <ext:Watts>80</ext:Watts>
              </ext:TPX>
            </Extensions>
          </Trackpoint>
          <Trackpoint>
            <Time>2026-09-07T19:25:51.000Z</Time>
            <HeartRateBpm>
              <Value>121</Value>
            </HeartRateBpm>
            <Cadence>75</Cadence>
            <Extensions>
              <ext:TPX>
                <ext:Watts>79</ext:Watts>
              </ext:TPX>
            </Extensions>
          </Trackpoint>
          <Trackpoint>
            <Time>2026-09-07T19:25:52.000Z</Time>
            <HeartRateBpm>
              <Value>121</Value>
            </HeartRateBpm>
            <Cadence>76</Cadence>
            <Extensions>
              <ext:TPX>
                <ext:Watts>78</ext:Watts>
              </ext:TPX>
            </Extensions>
          </Trackpoint>
          <Trackpoint>
            <Time>2026-09-07T19:25:53.000Z</Time>
            <HeartRateBpm>
              <Value>121</Value>
            </HeartRateBpm>
            <Cadence>76</Cadence>
            <Extensions>
              <ext:TPX>
                <ext:Watts>78</ext:Watts>
              </ext:TPX>
            </Extensions>
          </Trackpoint>
          <Trackpoint>
            <Time>2026-09-07T19:25:54.000Z</Time>
            <HeartRateBpm>
              <Value>121</Value>
            </HeartRateBpm>
            <Cadence>76</Cadence>
            <Extensions>
              <ext:TPX>
                <ext:Watts>78</ext:Watts>
              </ext:TPX>
            </Extensions>
          </Trackpoint>
          <Trackpoint>
            <Time>2026-09-07T19:25:55.000Z</Time>
            <HeartRateBpm>
              <Value>121</Value>
            </HeartRateBpm>
            <Cadence>76</Cadence>
            <Extensions>
              <ext:TPX>
                <ext:Watts>78</ext:Watts>
              </ext:TPX>
            </Extensions>
          </Trackpoint>
          <Trackpoint>
            <Time>2026-09-07T19:25:56.000Z</Time>
            <HeartRateBpm>
              <Value>121</Value>
            </HeartRateBpm>
            <Cadence>74</Cadence>
            <Extensions>
              <ext:TPX>
                <ext:Watts>80</ext:Watts>
              </ext:TPX>
            </Extensions>
          </Trackpoint>
          <Trackpoint>
            <Time>2026-09-07T19:25:57.000Z</Time>
            <HeartRateBpm>
              <Value>121</Value>
            </HeartRateBpm>
            <Cadence>77</Cadence>
            <Extensions>
              <ext:TPX>
                <ext:Watts>78</ext:Watts>
              </ext:TPX>
            </Extensions>
          </Trackpoint>
          <Trackpoint>
            <Time>2026-09-07T19:25:58.000Z</Time>
            <HeartRateBpm>
              <Value>120</Value>
            </HeartRateBpm>
            <Cadence>76</Cadence>
            <Extensions>
              <ext:TPX>
                <ext:Watts>79</ext:Watts>
              </ext:TPX>
            </Extensions>
          </Trackpoint>
          <Trackpoint>
            <Time>2026-09-07T19:25:59.000Z</Time>
            <HeartRateBpm>
              <Value>120</Value>
            </HeartRateBpm>
            <Cadence>75</Cadence>
            <Extensions>
              <ext:TPX>
                <ext:Watts>79</ext:Watts>
              </ext:TPX>
            </Extensions>
          </Trackpoint>
          <Trackpoint>
            <Time>2026-09-07T19:26:00.000Z</Time>
            <HeartRateBpm>
              <Value>119</Value>
            </HeartRateBpm>
            <Cadence>75</Cadence>
            <Extensions>
              <ext:TPX>
                <ext:Watts>79</ext:Watts>
              </ext:TPX>
            </Extensions>
          </Trackpoint>
          <Trackpoint>
            <Time>2026-09-07T19:26:01.000Z</Time>
            <HeartRateBpm>
              <Value>119</Value>
            </HeartRateBpm>
            <Cadence>75</Cadence>
            <Extensions>
              <ext:TPX>
                <ext:Watts>80</ext:Watts>
              </ext:TPX>
            </Extensions>
          </Trackpoint>
          <Trackpoint>
            <Time>2026-09-07T19:26:02.000Z</Time>
            <HeartRateBpm>
              <Value>119</Value>
            </HeartRateBpm>
            <Cadence>75</Cadence>
            <Extensions>
              <ext:TPX>
                <ext:Watts>80</ext:Watts>
              </ext:TPX>
            </Extensions>
          </Trackpoint>
          <Trackpoint>
            <Time>2026-09-07T19:26:03.000Z</Time>
            <HeartRateBpm>
              <Value>119</Value>
            </HeartRateBpm>
            <Cadence>75</Cadence>
            <Extensions>
              <ext:TPX>
                <ext:Watts>80</ext:Watts>
              </ext:TPX>
            </Extensions>
          </Trackpoint>
          <Trackpoint>
            <Time>2026-09-07T19:26:04.000Z</Time>
            <HeartRateBpm>
              <Value>119</Value>
            </HeartRateBpm>
            <Cadence>75</Cadence>
            <Extensions>
              <ext:TPX>
                <ext:Watts>80</ext:Watts>
              </ext:TPX>
            </Extensions>
          </Trackpoint>
          <Trackpoint>
            <Time>2026-09-07T19:26:05.000Z</Time>
            <HeartRateBpm>
              <Value>118</Value>
            </HeartRateBpm>
            <Cadence>75</Cadence>
            <Extensions>
              <ext:TPX>
                <ext:Watts>80</ext:Watts>
              </ext:TPX>
            </Extensions>
          </Trackpoint>
          <Trackpoint>
            <Time>2026-09-07T19:26:06.000Z</Time>
            <HeartRateBpm>
              <Value>119</Value>
            </HeartRateBpm>
            <Cadence>75</Cadence>
            <Extensions>
              <ext:TPX>
                <ext:Watts>80</ext:Watts>
              </ext:TPX>
            </Extensions>
          </Trackpoint>
          <Trackpoint>
            <Time>2026-09-07T19:26:07.000Z</Time>
            <HeartRateBpm>
              <Value>119</Value>
            </HeartRateBpm>
            <Cadence>75</Cadence>
            <Extensions>
              <ext:TPX>
                <ext:Watts>80</ext:Watts>
              </ext:TPX>
            </Extensions>
          </Trackpoint>
          <Trackpoint>
            <Time>2026-09-07T19:26:08.000Z</Time>
            <HeartRateBpm>
              <Value>118</Value>
            </HeartRateBpm>
            <Cadence>75</Cadence>
            <Extensions>
              <ext:TPX>
                <ext:Watts>80</ext:Watts>
              </ext:TPX>
            </Extensions>
          </Trackpoint>
          <Trackpoint>
            <Time>2026-09-07T19:26:09.000Z</Time>
            <HeartRateBpm>
              <Value>118</Value>
            </HeartRateBpm>
            <Cadence>75</Cadence>
            <Extensions>
              <ext:TPX>
                <ext:Watts>80</ext:Watts>
              </ext:TPX>
            </Extensions>
          </Trackpoint>
          <Trackpoint>
            <Time>2026-09-07T19:26:10.000Z</Time>
            <HeartRateBpm>
              <Value>118</Value>
            </HeartRateBpm>
            <Cadence>75</Cadence>
            <Extensions>
              <ext:TPX>
                <ext:Watts>80</ext:Watts>
              </ext:TPX>
            </Extensions>
          </Trackpoint>
          <Trackpoint>
            <Time>2026-09-07T19:26:11.000Z</Time>
            <HeartRateBpm>
              <Value>118</Value>
            </HeartRateBpm>
            <Cadence>75</Cadence>
            <Extensions>
              <ext:TPX>
                <ext:Watts>80</ext:Watts>
              </ext:TPX>
            </Extensions>
          </Trackpoint>
          <Trackpoint>
            <Time>2026-09-07T19:26:12.000Z</Time>
            <HeartRateBpm>
              <Value>117</Value>
            </HeartRateBpm>
            <Cadence>75</Cadence>
            <Extensions>
              <ext:TPX>
                <ext:Watts>80</ext:Watts>
              </ext:TPX>
            </Extensions>
          </Trackpoint>
          <Trackpoint>
            <Time>2026-09-07T19:26:13.000Z</Time>
            <HeartRateBpm>
              <Value>117</Value>
            </HeartRateBpm>
            <Cadence>75</Cadence>
            <Extensions>
              <ext:TPX>
                <ext:Watts>80</ext:Watts>
              </ext:TPX>
            </Extensions>
          </Trackpoint>
          <Trackpoint>
            <Time>2026-09-07T19:26:14.000Z</Time>
            <HeartRateBpm>
              <Value>118</Value>
            </HeartRateBpm>
            <Cadence>75</Cadence>
            <Extensions>
              <ext:TPX>
                <ext:Watts>80</ext:Watts>
              </ext:TPX>
            </Extensions>
          </Trackpoint>
          <Trackpoint>
            <Time>2026-09-07T19:26:15.000Z</Time>
            <HeartRateBpm>
              <Value>118</Value>
            </HeartRateBpm>
            <Cadence>75</Cadence>
            <Extensions>
              <ext:TPX>
                <ext:Watts>80</ext:Watts>
              </ext:TPX>
            </Extensions>
          </Trackpoint>
          <Trackpoint>
            <Time>2026-09-07T19:26:16.000Z</Time>
            <HeartRateBpm>
              <Value>118</Value>
            </HeartRateBpm>
            <Cadence>75</Cadence>
            <Extensions>
              <ext:TPX>
                <ext:Watts>80</ext:Watts>
              </ext:TPX>
            </Extensions>
          </Trackpoint>
          <Trackpoint>
            <Time>2026-09-07T19:26:17.000Z</Time>
            <HeartRateBpm>
              <Value>117</Value>
            </HeartRateBpm>
            <Cadence>75</Cadence>
            <Extensions>
              <ext:TPX>
                <ext:Watts>80</ext:Watts>
              </ext:TPX>
            </Extensions>
          </Trackpoint>
          <Trackpoint>
            <Time>2026-09-07T19:26:18.000Z</Time>
            <HeartRateBpm>
              <Value>117</Value>
            </HeartRateBpm>
            <Cadence>75</Cadence>
            <Extensions>
              <ext:TPX>
                <ext:Watts>80</ext:Watts>
              </ext:TPX>
            </Extensions>
          </Trackpoint>
          <Trackpoint>
            <Time>2026-09-07T19:26:19.000Z</Time>
            <HeartRateBpm>
              <Value>116</Value>
            </HeartRateBpm>
            <Cadence>75</Cadence>
            <Extensions>
              <ext:TPX>
                <ext:Watts>80</ext:Watts>
              </ext:TPX>
            </Extensions>
          </Trackpoint>
          <Trackpoint>
            <Time>2026-09-07T19:26:20.000Z</Time>
            <HeartRateBpm>
              <Value>115</Value>
            </HeartRateBpm>
            <Cadence>75</Cadence>
            <Extensions>
              <ext:TPX>
                <ext:Watts>80</ext:Watts>
              </ext:TPX>
            </Extensions>
          </Trackpoint>
          <Trackpoint>
            <Time>2026-09-07T19:26:21.000Z</Time>
            <HeartRateBpm>
              <Value>115</Value>
            </HeartRateBpm>
            <Cadence>75</Cadence>
            <Extensions>
              <ext:TPX>
                <ext:Watts>80</ext:Watts>
              </ext:TPX>
            </Extensions>
          </Trackpoint>
          <Trackpoint>
            <Time>2026-09-07T19:26:22.000Z</Time>
            <HeartRateBpm>
              <Value>114</Value>
            </HeartRateBpm>
            <Cadence>75</Cadence>
            <Extensions>
              <ext:TPX>
                <ext:Watts>80</ext:Watts>
              </ext:TPX>
            </Extensions>
          </Trackpoint>
          <Trackpoint>
            <Time>2026-09-07T19:26:23.000Z</Time>
            <HeartRateBpm>
              <Value>113</Value>
            </HeartRateBpm>
            <Cadence>75</Cadence>
            <Extensions>
              <ext:TPX>
                <ext:Watts>80</ext:Watts>
              </ext:TPX>
            </Extensions>
          </Trackpoint>
          <Trackpoint>
            <Time>2026-09-07T19:26:24.000Z</Time>
            <HeartRateBpm>
              <Value>113</Value>
            </HeartRateBpm>
            <Cadence>75</Cadence>
            <Extensions>
              <ext:TPX>
                <ext:Watts>80</ext:Watts>
              </ext:TPX>
            </Extensions>
          </Trackpoint>
          <Trackpoint>
            <Time>2026-09-07T19:26:25.000Z</Time>
            <HeartRateBpm>
              <Value>112</Value>
            </HeartRateBpm>
            <Cadence>75</Cadence>
            <Extensions>
              <ext:TPX>
                <ext:Watts>80</ext:Watts>
              </ext:TPX>
            </Extensions>
          </Trackpoint>
          <Trackpoint>
            <Time>2026-09-07T19:26:26.000Z</Time>
            <HeartRateBpm>
              <Value>111</Value>
            </HeartRateBpm>
            <Cadence>75</Cadence>
            <Extensions>
              <ext:TPX>
                <ext:Watts>80</ext:Watts>
              </ext:TPX>
            </Extensions>
          </Trackpoint>
          <Trackpoint>
            <Time>2026-09-07T19:26:27.000Z</Time>
            <HeartRateBpm>
              <Value>111</Value>
            </HeartRateBpm>
            <Cadence>75</Cadence>
            <Extensions>
              <ext:TPX>
                <ext:Watts>80</ext:Watts>
              </ext:TPX>
            </Extensions>
          </Trackpoint>
          <Trackpoint>
            <Time>2026-09-07T19:26:28.000Z</Time>
            <HeartRateBpm>
              <Value>112</Value>
            </HeartRateBpm>
            <Cadence>75</Cadence>
            <Extensions>
              <ext:TPX>
                <ext:Watts>80</ext:Watts>
              </ext:TPX>
            </Extensions>
          </Trackpoint>
          <Trackpoint>
            <Time>2026-09-07T19:26:29.000Z</Time>
            <HeartRateBpm>
              <Value>112</Value>
            </HeartRateBpm>
            <Cadence>75</Cadence>
            <Extensions>
              <ext:TPX>
                <ext:Watts>80</ext:Watts>
              </ext:TPX>
            </Extensions>
          </Trackpoint>
          <Trackpoint>
            <Time>2026-09-07T19:26:30.000Z</Time>
            <HeartRateBpm>
              <Value>112</Value>
            </HeartRateBpm>
            <Cadence>75</Cadence>
            <Extensions>
              <ext:TPX>
                <ext:Watts>80</ext:Watts>
              </ext:TPX>
            </Extensions>
          </Trackpoint>
          <Trackpoint>
            <Time>2026-09-07T19:26:31.000Z</Time>
            <HeartRateBpm>
              <Value>111</Value>
            </HeartRateBpm>
            <Cadence>75</Cadence>
            <Extensions>
              <ext:TPX>
                <ext:Watts>80</ext:Watts>
              </ext:TPX>
            </Extensions>
          </Trackpoint>
          <Trackpoint>
            <Time>2026-09-07T19:26:32.000Z</Time>
            <HeartRateBpm>
              <Value>111</Value>
            </HeartRateBpm>
            <Cadence>75</Cadence>
            <Extensions>
              <ext:TPX>
                <ext:Watts>80</ext:Watts>
              </ext:TPX>
            </Extensions>
          </Trackpoint>
          <Trackpoint>
            <Time>2026-09-07T19:26:33.000Z</Time>
            <HeartRateBpm>
              <Value>111</Value>
            </HeartRateBpm>
            <Cadence>75</Cadence>
            <Extensions>
              <ext:TPX>
                <ext:Watts>80</ext:Watts>
              </ext:TPX>
            </Extensions>
          </Trackpoint>
          <Trackpoint>
            <Time>2026-09-07T19:26:34.000Z</Time>
            <HeartRateBpm>
              <Value>111</Value>
            </HeartRateBpm>
            <Cadence>75</Cadence>
            <Extensions>
              <ext:TPX>
                <ext:Watts>80</ext:Watts>
              </ext:TPX>
            </Extensions>
          </Trackpoint>
          <Trackpoint>
            <Time>2026-09-07T19:26:35.000Z</Time>
            <HeartRateBpm>
              <Value>111</Value>
            </HeartRateBpm>
            <Cadence>75</Cadence>
            <Extensions>
              <ext:TPX>
                <ext:Watts>80</ext:Watts>
              </ext:TPX>
            </Extensions>
          </Trackpoint>
          <Trackpoint>
            <Time>2026-09-07T19:26:36.000Z</Time>
            <HeartRateBpm>
              <Value>112</Value>
            </HeartRateBpm>
            <Cadence>75</Cadence>
            <Extensions>
              <ext:TPX>
                <ext:Watts>80</ext:Watts>
              </ext:TPX>
            </Extensions>
          </Trackpoint>
          <Trackpoint>
            <Time>2026-09-07T19:26:37.000Z</Time>
            <HeartRateBpm>
              <Value>112</Value>
            </HeartRateBpm>
            <Cadence>75</Cadence>
            <Extensions>
              <ext:TPX>
                <ext:Watts>80</ext:Watts>
              </ext:TPX>
            </Extensions>
          </Trackpoint>
          <Trackpoint>
            <Time>2026-09-07T19:26:38.000Z</Time>
            <HeartRateBpm>
              <Value>112</Value>
            </HeartRateBpm>
            <Cadence>75</Cadence>
            <Extensions>
              <ext:TPX>
                <ext:Watts>80</ext:Watts>
              </ext:TPX>
            </Extensions>
          </Trackpoint>
          <Trackpoint>
            <Time>2026-09-07T19:26:39.000Z</Time>
            <HeartRateBpm>
              <Value>112</Value>
            </HeartRateBpm>
            <Cadence>75</Cadence>
            <Extensions>
              <ext:TPX>
                <ext:Watts>80</ext:Watts>
              </ext:TPX>
            </Extensions>
          </Trackpoint>
          <Trackpoint>
            <Time>2026-09-07T19:26:40.000Z</Time>
            <HeartRateBpm>
              <Value>112</Value>
            </HeartRateBpm>
            <Cadence>75</Cadence>
            <Extensions>
              <ext:TPX>
                <ext:Watts>80</ext:Watts>
              </ext:TPX>
            </Extensions>
          </Trackpoint>
          <Trackpoint>
            <Time>2026-09-07T19:26:41.000Z</Time>
            <HeartRateBpm>
              <Value>111</Value>
            </HeartRateBpm>
            <Cadence>75</Cadence>
            <Extensions>
              <ext:TPX>
                <ext:Watts>80</ext:Watts>
              </ext:TPX>
            </Extensions>
          </Trackpoint>
          <Trackpoint>
            <Time>2026-09-07T19:26:42.000Z</Time>
            <HeartRateBpm>
              <Value>111</Value>
            </HeartRateBpm>
            <Cadence>75</Cadence>
            <Extensions>
              <ext:TPX>
                <ext:Watts>80</ext:Watts>
              </ext:TPX>
            </Extensions>
          </Trackpoint>
          <Trackpoint>
            <Time>2026-09-07T19:26:43.000Z</Time>
            <HeartRateBpm>
              <Value>111</Value>
            </HeartRateBpm>
            <Cadence>75</Cadence>
            <Extensions>
              <ext:TPX>
                <ext:Watts>80</ext:Watts>
              </ext:TPX>
            </Extensions>
          </Trackpoint>
          <Trackpoint>
            <Time>2026-09-07T19:26:44.000Z</Time>
            <HeartRateBpm>
              <Value>111</Value>
            </HeartRateBpm>
            <Cadence>75</Cadence>
            <Extensions>
              <ext:TPX>
                <ext:Watts>80</ext:Watts>
              </ext:TPX>
            </Extensions>
          </Trackpoint>
          <Trackpoint>
            <Time>2026-09-07T19:26:45.000Z</Time>
            <HeartRateBpm>
              <Value>110</Value>
            </HeartRateBpm>
            <Cadence>75</Cadence>
            <Extensions>
              <ext:TPX>
                <ext:Watts>80</ext:Watts>
              </ext:TPX>
            </Extensions>
          </Trackpoint>
          <Trackpoint>
            <Time>2026-09-07T19:26:46.000Z</Time>
            <HeartRateBpm>
              <Value>110</Value>
            </HeartRateBpm>
            <Cadence>75</Cadence>
            <Extensions>
              <ext:TPX>
                <ext:Watts>80</ext:Watts>
              </ext:TPX>
            </Extensions>
          </Trackpoint>
          <Trackpoint>
            <Time>2026-09-07T19:26:47.000Z</Time>
            <HeartRateBpm>
              <Value>109</Value>
            </HeartRateBpm>
            <Cadence>75</Cadence>
            <Extensions>
              <ext:TPX>
                <ext:Watts>80</ext:Watts>
              </ext:TPX>
            </Extensions>
          </Trackpoint>
          <Trackpoint>
            <Time>2026-09-07T19:26:48.000Z</Time>
            <HeartRateBpm>
              <Value>109</Value>
            </HeartRateBpm>
            <Cadence>75</Cadence>
            <Extensions>
              <ext:TPX>
                <ext:Watts>80</ext:Watts>
              </ext:TPX>
            </Extensions>
          </Trackpoint>
          <Trackpoint>
            <Time>2026-09-07T19:26:49.000Z</Time>
            <HeartRateBpm>
              <Value>109</Value>
            </HeartRateBpm>
            <Cadence>75</Cadence>
            <Extensions>
              <ext:TPX>
                <ext:Watts>80</ext:Watts>
              </ext:TPX>
            </Extensions>
          </Trackpoint>
          <Trackpoint>
            <Time>2026-09-07T19:26:50.000Z</Time>
            <HeartRateBpm>
              <Value>109</Value>
            </HeartRateBpm>
            <Cadence>75</Cadence>
            <Extensions>
              <ext:TPX>
                <ext:Watts>80</ext:Watts>
              </ext:TPX>
            </Extensions>
          </Trackpoint>
          <Trackpoint>
            <Time>2026-09-07T19:26:51.000Z</Time>
            <HeartRateBpm>
              <Value>109</Value>
            </HeartRateBpm>
            <Cadence>75</Cadence>
            <Extensions>
              <ext:TPX>
                <ext:Watts>80</ext:Watts>
              </ext:TPX>
            </Extensions>
          </Trackpoint>
          <Trackpoint>
            <Time>2026-09-07T19:26:52.000Z</Time>
            <HeartRateBpm>
              <Value>109</Value>
            </HeartRateBpm>
            <Cadence>75</Cadence>
            <Extensions>
              <ext:TPX>
                <ext:Watts>80</ext:Watts>
              </ext:TPX>
            </Extensions>
          </Trackpoint>
          <Trackpoint>
            <Time>2026-09-07T19:26:53.000Z</Time>
            <HeartRateBpm>
              <Value>109</Value>
            </HeartRateBpm>
            <Cadence>75</Cadence>
            <Extensions>
              <ext:TPX>
                <ext:Watts>80</ext:Watts>
              </ext:TPX>
            </Extensions>
          </Trackpoint>
          <Trackpoint>
            <Time>2026-09-07T19:26:54.000Z</Time>
            <HeartRateBpm>
              <Value>108</Value>
            </HeartRateBpm>
            <Cadence>75</Cadence>
            <Extensions>
              <ext:TPX>
                <ext:Watts>80</ext:Watts>
              </ext:TPX>
            </Extensions>
          </Trackpoint>
          <Trackpoint>
            <Time>2026-09-07T19:26:55.000Z</Time>
            <HeartRateBpm>
              <Value>109</Value>
            </HeartRateBpm>
            <Cadence>75</Cadence>
            <Extensions>
              <ext:TPX>
                <ext:Watts>80</ext:Watts>
              </ext:TPX>
            </Extensions>
          </Trackpoint>
          <Trackpoint>
            <Time>2026-09-07T19:26:56.000Z</Time>
            <HeartRateBpm>
              <Value>108</Value>
            </HeartRateBpm>
            <Cadence>75</Cadence>
            <Extensions>
              <ext:TPX>
                <ext:Watts>80</ext:Watts>
              </ext:TPX>
            </Extensions>
          </Trackpoint>
          <Trackpoint>
            <Time>2026-09-07T19:26:57.000Z</Time>
            <HeartRateBpm>
              <Value>108</Value>
            </HeartRateBpm>
            <Cadence>75</Cadence>
            <Extensions>
              <ext:TPX>
                <ext:Watts>80</ext:Watts>
              </ext:TPX>
            </Extensions>
          </Trackpoint>
          <Trackpoint>
            <Time>2026-09-07T19:26:58.000Z</Time>
            <HeartRateBpm>
              <Value>108</Value>
            </HeartRateBpm>
            <Cadence>75</Cadence>
            <Extensions>
              <ext:TPX>
                <ext:Watts>80</ext:Watts>
              </ext:TPX>
            </Extensions>
          </Trackpoint>
          <Trackpoint>
            <Time>2026-09-07T19:26:59.000Z</Time>
            <HeartRateBpm>
              <Value>108</Value>
            </HeartRateBpm>
            <Cadence>75</Cadence>
            <Extensions>
              <ext:TPX>
                <ext:Watts>80</ext:Watts>
              </ext:TPX>
            </Extensions>
          </Trackpoint>
          <Trackpoint>
            <Time>2026-09-07T19:27:00.000Z</Time>
            <HeartRateBpm>
              <Value>107</Value>
            </HeartRateBpm>
            <Cadence>75</Cadence>
            <Extensions>
              <ext:TPX>
                <ext:Watts>80</ext:Watts>
              </ext:TPX>
            </Extensions>
          </Trackpoint>
          <Trackpoint>
            <Time>2026-09-07T19:27:01.000Z</Time>
            <HeartRateBpm>
              <Value>107</Value>
            </HeartRateBpm>
            <Cadence>75</Cadence>
            <Extensions>
              <ext:TPX>
                <ext:Watts>80</ext:Watts>
              </ext:TPX>
            </Extensions>
          </Trackpoint>
          <Trackpoint>
            <Time>2026-09-07T19:27:02.000Z</Time>
            <HeartRateBpm>
              <Value>108</Value>
            </HeartRateBpm>
            <Cadence>75</Cadence>
            <Extensions>
              <ext:TPX>
                <ext:Watts>80</ext:Watts>
              </ext:TPX>
            </Extensions>
          </Trackpoint>
          <Trackpoint>
            <Time>2026-09-07T19:27:03.000Z</Time>
            <HeartRateBpm>
              <Value>108</Value>
            </HeartRateBpm>
            <Cadence>75</Cadence>
            <Extensions>
              <ext:TPX>
                <ext:Watts>80</ext:Watts>
              </ext:TPX>
            </Extensions>
          </Trackpoint>
          <Trackpoint>
            <Time>2026-09-07T19:27:04.000Z</Time>
            <HeartRateBpm>
              <Value>108</Value>
            </HeartRateBpm>
            <Cadence>75</Cadence>
            <Extensions>
              <ext:TPX>
                <ext:Watts>80</ext:Watts>
              </ext:TPX>
            </Extensions>
          </Trackpoint>
          <Trackpoint>
            <Time>2026-09-07T19:27:05.000Z</Time>
            <HeartRateBpm>
              <Value>107</Value>
            </HeartRateBpm>
            <Cadence>75</Cadence>
            <Extensions>
              <ext:TPX>
                <ext:Watts>80</ext:Watts>
              </ext:TPX>
            </Extensions>
          </Trackpoint>
          <Trackpoint>
            <Time>2026-09-07T19:27:06.000Z</Time>
            <HeartRateBpm>
              <Value>107</Value>
            </HeartRateBpm>
            <Cadence>75</Cadence>
            <Extensions>
              <ext:TPX>
                <ext:Watts>80</ext:Watts>
              </ext:TPX>
            </Extensions>
          </Trackpoint>
          <Trackpoint>
            <Time>2026-09-07T19:27:07.000Z</Time>
            <HeartRateBpm>
              <Value>107</Value>
            </HeartRateBpm>
            <Cadence>75</Cadence>
            <Extensions>
              <ext:TPX>
                <ext:Watts>80</ext:Watts>
              </ext:TPX>
            </Extensions>
          </Trackpoint>
          <Trackpoint>
            <Time>2026-09-07T19:27:08.000Z</Time>
            <HeartRateBpm>
              <Value>106</Value>
            </HeartRateBpm>
            <Cadence>75</Cadence>
            <Extensions>
              <ext:TPX>
                <ext:Watts>80</ext:Watts>
              </ext:TPX>
            </Extensions>
          </Trackpoint>
          <Trackpoint>
            <Time>2026-09-07T19:27:09.000Z</Time>
            <HeartRateBpm>
              <Value>106</Value>
            </HeartRateBpm>
            <Cadence>75</Cadence>
            <Extensions>
              <ext:TPX>
                <ext:Watts>80</ext:Watts>
              </ext:TPX>
            </Extensions>
          </Trackpoint>
          <Trackpoint>
            <Time>2026-09-07T19:27:10.000Z</Time>
            <HeartRateBpm>
              <Value>106</Value>
            </HeartRateBpm>
            <Cadence>75</Cadence>
            <Extensions>
              <ext:TPX>
                <ext:Watts>80</ext:Watts>
              </ext:TPX>
            </Extensions>
          </Trackpoint>
          <Trackpoint>
            <Time>2026-09-07T19:27:11.000Z</Time>
            <HeartRateBpm>
              <Value>106</Value>
            </HeartRateBpm>
            <Cadence>75</Cadence>
            <Extensions>
              <ext:TPX>
                <ext:Watts>80</ext:Watts>
              </ext:TPX>
            </Extensions>
          </Trackpoint>
          <Trackpoint>
            <Time>2026-09-07T19:27:12.000Z</Time>
            <HeartRateBpm>
              <Value>105</Value>
            </HeartRateBpm>
            <Cadence>75</Cadence>
            <Extensions>
              <ext:TPX>
                <ext:Watts>80</ext:Watts>
              </ext:TPX>
            </Extensions>
          </Trackpoint>
          <Trackpoint>
            <Time>2026-09-07T19:27:13.000Z</Time>
            <HeartRateBpm>
              <Value>104</Value>
            </HeartRateBpm>
            <Cadence>75</Cadence>
            <Extensions>
              <ext:TPX>
                <ext:Watts>80</ext:Watts>
              </ext:TPX>
            </Extensions>
          </Trackpoint>
          <Trackpoint>
            <Time>2026-09-07T19:27:14.000Z</Time>
            <HeartRateBpm>
              <Value>104</Value>
            </HeartRateBpm>
            <Cadence>75</Cadence>
            <Extensions>
              <ext:TPX>
                <ext:Watts>80</ext:Watts>
              </ext:TPX>
            </Extensions>
          </Trackpoint>
          <Trackpoint>
            <Time>2026-09-07T19:27:15.000Z</Time>
            <HeartRateBpm>
              <Value>104</Value>
            </HeartRateBpm>
            <Cadence>75</Cadence>
            <Extensions>
              <ext:TPX>
                <ext:Watts>80</ext:Watts>
              </ext:TPX>
            </Extensions>
          </Trackpoint>
          <Trackpoint>
            <Time>2026-09-07T19:27:16.000Z</Time>
            <HeartRateBpm>
              <Value>102</Value>
            </HeartRateBpm>
            <Cadence>75</Cadence>
            <Extensions>
              <ext:TPX>
                <ext:Watts>80</ext:Watts>
              </ext:TPX>
            </Extensions>
          </Trackpoint>
          <Trackpoint>
            <Time>2026-09-07T19:27:17.000Z</Time>
            <HeartRateBpm>
              <Value>101</Value>
            </HeartRateBpm>
            <Cadence>75</Cadence>
            <Extensions>
              <ext:TPX>
                <ext:Watts>80</ext:Watts>
              </ext:TPX>
            </Extensions>
          </Trackpoint>
          <Trackpoint>
            <Time>2026-09-07T19:27:18.000Z</Time>
            <HeartRateBpm>
              <Value>97</Value>
            </HeartRateBpm>
            <Cadence>75</Cadence>
            <Extensions>
              <ext:TPX>
                <ext:Watts>80</ext:Watts>
              </ext:TPX>
            </Extensions>
          </Trackpoint>
          <Trackpoint>
            <Time>2026-09-07T19:27:19.000Z</Time>
            <HeartRateBpm>
              <Value>95</Value>
            </HeartRateBpm>
            <Cadence>75</Cadence>
            <Extensions>
              <ext:TPX>
                <ext:Watts>80</ext:Watts>
              </ext:TPX>
            </Extensions>
          </Trackpoint>
          <Trackpoint>
            <Time>2026-09-07T19:27:20.000Z</Time>
            <HeartRateBpm>
              <Value>95</Value>
            </HeartRateBpm>
            <Cadence>75</Cadence>
            <Extensions>
              <ext:TPX>
                <ext:Watts>80</ext:Watts>
              </ext:TPX>
            </Extensions>
          </Trackpoint>
          <Trackpoint>
            <Time>2026-09-07T19:27:21.000Z</Time>
            <HeartRateBpm>
              <Value>93</Value>
            </HeartRateBpm>
            <Cadence>75</Cadence>
            <Extensions>
              <ext:TPX>
                <ext:Watts>80</ext:Watts>
              </ext:TPX>
            </Extensions>
          </Trackpoint>
          <Trackpoint>
            <Time>2026-09-07T19:27:22.000Z</Time>
            <HeartRateBpm>
              <Value>97</Value>
            </HeartRateBpm>
            <Cadence>75</Cadence>
            <Extensions>
              <ext:TPX>
                <ext:Watts>80</ext:Watts>
              </ext:TPX>
            </Extensions>
          </Trackpoint>
          <Trackpoint>
            <Time>2026-09-07T19:27:23.000Z</Time>
            <HeartRateBpm>
              <Value>99</Value>
            </HeartRateBpm>
            <Cadence>75</Cadence>
            <Extensions>
              <ext:TPX>
                <ext:Watts>80</ext:Watts>
              </ext:TPX>
            </Extensions>
          </Trackpoint>
          <Trackpoint>
            <Time>2026-09-07T19:27:24.000Z</Time>
            <HeartRateBpm>
              <Value>100</Value>
            </HeartRateBpm>
            <Cadence>75</Cadence>
            <Extensions>
              <ext:TPX>
                <ext:Watts>80</ext:Watts>
              </ext:TPX>
            </Extensions>
          </Trackpoint>
          <Trackpoint>
            <Time>2026-09-07T19:27:25.000Z</Time>
            <HeartRateBpm>
              <Value>100</Value>
            </HeartRateBpm>
            <Cadence>75</Cadence>
            <Extensions>
              <ext:TPX>
                <ext:Watts>80</ext:Watts>
              </ext:TPX>
            </Extensions>
          </Trackpoint>
          <Trackpoint>
            <Time>2026-09-07T19:27:26.000Z</Time>
            <HeartRateBpm>
              <Value>102</Value>
            </HeartRateBpm>
            <Cadence>75</Cadence>
            <Extensions>
              <ext:TPX>
                <ext:Watts>80</ext:Watts>
              </ext:TPX>
            </Extensions>
          </Trackpoint>
          <Trackpoint>
            <Time>2026-09-07T19:27:27.000Z</Time>
            <HeartRateBpm>
              <Value>102</Value>
            </HeartRateBpm>
            <Cadence>75</Cadence>
            <Extensions>
              <ext:TPX>
                <ext:Watts>80</ext:Watts>
              </ext:TPX>
            </Extensions>
          </Trackpoint>
          <Trackpoint>
            <Time>2026-09-07T19:27:28.000Z</Time>
            <HeartRateBpm>
              <Value>104</Value>
            </HeartRateBpm>
            <Cadence>75</Cadence>
            <Extensions>
              <ext:TPX>
                <ext:Watts>80</ext:Watts>
              </ext:TPX>
            </Extensions>
          </Trackpoint>
          <Trackpoint>
            <Time>2026-09-07T19:27:29.000Z</Time>
            <HeartRateBpm>
              <Value>104</Value>
            </HeartRateBpm>
            <Cadence>75</Cadence>
            <Extensions>
              <ext:TPX>
                <ext:Watts>80</ext:Watts>
              </ext:TPX>
            </Extensions>
          </Trackpoint>
          <Trackpoint>
            <Time>2026-09-07T19:27:30.000Z</Time>
            <HeartRateBpm>
              <Value>105</Value>
            </HeartRateBpm>
            <Cadence>75</Cadence>
            <Extensions>
              <ext:TPX>
                <ext:Watts>80</ext:Watts>
              </ext:TPX>
            </Extensions>
          </Trackpoint>
          <Trackpoint>
            <Time>2026-09-07T19:27:31.000Z</Time>
            <HeartRateBpm>
              <Value>106</Value>
            </HeartRateBpm>
            <Cadence>75</Cadence>
            <Extensions>
              <ext:TPX>
                <ext:Watts>80</ext:Watts>
              </ext:TPX>
            </Extensions>
          </Trackpoint>
          <Trackpoint>
            <Time>2026-09-07T19:27:32.000Z</Time>
            <HeartRateBpm>
              <Value>107</Value>
            </HeartRateBpm>
            <Cadence>75</Cadence>
            <Extensions>
              <ext:TPX>
                <ext:Watts>80</ext:Watts>
              </ext:TPX>
            </Extensions>
          </Trackpoint>
          <Trackpoint>
            <Time>2026-09-07T19:27:33.000Z</Time>
            <HeartRateBpm>
              <Value>107</Value>
            </HeartRateBpm>
            <Cadence>75</Cadence>
            <Extensions>
              <ext:TPX>
                <ext:Watts>80</ext:Watts>
              </ext:TPX>
            </Extensions>
          </Trackpoint>
          <Trackpoint>
            <Time>2026-09-07T19:27:34.000Z</Time>
            <HeartRateBpm>
              <Value>107</Value>
            </HeartRateBpm>
            <Cadence>75</Cadence>
            <Extensions>
              <ext:TPX>
                <ext:Watts>80</ext:Watts>
              </ext:TPX>
            </Extensions>
          </Trackpoint>
          <Trackpoint>
            <Time>2026-09-07T19:27:35.000Z</Time>
            <HeartRateBpm>
              <Value>108</Value>
            </HeartRateBpm>
            <Cadence>75</Cadence>
            <Extensions>
              <ext:TPX>
                <ext:Watts>80</ext:Watts>
              </ext:TPX>
            </Extensions>
          </Trackpoint>
          <Trackpoint>
            <Time>2026-09-07T19:27:36.000Z</Time>
            <HeartRateBpm>
              <Value>108</Value>
            </HeartRateBpm>
            <Cadence>75</Cadence>
            <Extensions>
              <ext:TPX>
                <ext:Watts>80</ext:Watts>
              </ext:TPX>
            </Extensions>
          </Trackpoint>
          <Trackpoint>
            <Time>2026-09-07T19:27:37.000Z</Time>
            <HeartRateBpm>
              <Value>108</Value>
            </HeartRateBpm>
            <Cadence>75</Cadence>
            <Extensions>
              <ext:TPX>
                <ext:Watts>80</ext:Watts>
              </ext:TPX>
            </Extensions>
          </Trackpoint>
          <Trackpoint>
            <Time>2026-09-07T19:27:38.000Z</Time>
            <HeartRateBpm>
              <Value>108</Value>
            </HeartRateBpm>
            <Cadence>75</Cadence>
            <Extensions>
              <ext:TPX>
                <ext:Watts>80</ext:Watts>
              </ext:TPX>
            </Extensions>
          </Trackpoint>
          <Trackpoint>
            <Time>2026-09-07T19:27:39.000Z</Time>
            <HeartRateBpm>
              <Value>109</Value>
            </HeartRateBpm>
            <Cadence>75</Cadence>
            <Extensions>
              <ext:TPX>
                <ext:Watts>80</ext:Watts>
              </ext:TPX>
            </Extensions>
          </Trackpoint>
          <Trackpoint>
            <Time>2026-09-07T19:27:40.000Z</Time>
            <HeartRateBpm>
              <Value>108</Value>
            </HeartRateBpm>
            <Cadence>75</Cadence>
            <Extensions>
              <ext:TPX>
                <ext:Watts>80</ext:Watts>
              </ext:TPX>
            </Extensions>
          </Trackpoint>
          <Trackpoint>
            <Time>2026-09-07T19:27:41.000Z</Time>
            <HeartRateBpm>
              <Value>108</Value>
            </HeartRateBpm>
            <Cadence>75</Cadence>
            <Extensions>
              <ext:TPX>
                <ext:Watts>80</ext:Watts>
              </ext:TPX>
            </Extensions>
          </Trackpoint>
          <Trackpoint>
            <Time>2026-09-07T19:27:42.000Z</Time>
            <HeartRateBpm>
              <Value>108</Value>
            </HeartRateBpm>
            <Cadence>75</Cadence>
            <Extensions>
              <ext:TPX>
                <ext:Watts>80</ext:Watts>
              </ext:TPX>
            </Extensions>
          </Trackpoint>
          <Trackpoint>
            <Time>2026-09-07T19:27:43.000Z</Time>
            <HeartRateBpm>
              <Value>108</Value>
            </HeartRateBpm>
            <Cadence>75</Cadence>
            <Extensions>
              <ext:TPX>
                <ext:Watts>80</ext:Watts>
              </ext:TPX>
            </Extensions>
          </Trackpoint>
          <Trackpoint>
            <Time>2026-09-07T19:27:44.000Z</Time>
            <HeartRateBpm>
              <Value>108</Value>
            </HeartRateBpm>
            <Cadence>75</Cadence>
            <Extensions>
              <ext:TPX>
                <ext:Watts>80</ext:Watts>
              </ext:TPX>
            </Extensions>
          </Trackpoint>
          <Trackpoint>
            <Time>2026-09-07T19:27:45.000Z</Time>
            <HeartRateBpm>
              <Value>109</Value>
            </HeartRateBpm>
            <Cadence>75</Cadence>
            <Extensions>
              <ext:TPX>
                <ext:Watts>80</ext:Watts>
              </ext:TPX>
            </Extensions>
          </Trackpoint>
          <Trackpoint>
            <Time>2026-09-07T19:27:46.000Z</Time>
            <HeartRateBpm>
              <Value>109</Value>
            </HeartRateBpm>
            <Cadence>75</Cadence>
            <Extensions>
              <ext:TPX>
                <ext:Watts>80</ext:Watts>
              </ext:TPX>
            </Extensions>
          </Trackpoint>
          <Trackpoint>
            <Time>2026-09-07T19:27:47.000Z</Time>
            <HeartRateBpm>
              <Value>109</Value>
            </HeartRateBpm>
            <Cadence>75</Cadence>
            <Extensions>
              <ext:TPX>
                <ext:Watts>80</ext:Watts>
              </ext:TPX>
            </Extensions>
          </Trackpoint>
          <Trackpoint>
            <Time>2026-09-07T19:27:48.000Z</Time>
            <HeartRateBpm>
              <Value>109</Value>
            </HeartRateBpm>
            <Cadence>75</Cadence>
            <Extensions>
              <ext:TPX>
                <ext:Watts>80</ext:Watts>
              </ext:TPX>
            </Extensions>
          </Trackpoint>
          <Trackpoint>
            <Time>2026-09-07T19:27:49.000Z</Time>
            <HeartRateBpm>
              <Value>109</Value>
            </HeartRateBpm>
            <Cadence>75</Cadence>
            <Extensions>
              <ext:TPX>
                <ext:Watts>80</ext:Watts>
              </ext:TPX>
            </Extensions>
          </Trackpoint>
          <Trackpoint>
            <Time>2026-09-07T19:27:50.000Z</Time>
            <HeartRateBpm>
              <Value>110</Value>
            </HeartRateBpm>
            <Cadence>75</Cadence>
            <Extensions>
              <ext:TPX>
                <ext:Watts>80</ext:Watts>
              </ext:TPX>
            </Extensions>
          </Trackpoint>
          <Trackpoint>
            <Time>2026-09-07T19:27:51.000Z</Time>
            <HeartRateBpm>
              <Value>110</Value>
            </HeartRateBpm>
            <Cadence>75</Cadence>
            <Extensions>
              <ext:TPX>
                <ext:Watts>80</ext:Watts>
              </ext:TPX>
            </Extensions>
          </Trackpoint>
          <Trackpoint>
            <Time>2026-09-07T19:27:52.000Z</Time>
            <HeartRateBpm>
              <Value>110</Value>
            </HeartRateBpm>
            <Cadence>75</Cadence>
            <Extensions>
              <ext:TPX>
                <ext:Watts>80</ext:Watts>
              </ext:TPX>
            </Extensions>
          </Trackpoint>
          <Trackpoint>
            <Time>2026-09-07T19:27:53.000Z</Time>
            <HeartRateBpm>
              <Value>110</Value>
            </HeartRateBpm>
            <Cadence>75</Cadence>
            <Extensions>
              <ext:TPX>
                <ext:Watts>80</ext:Watts>
              </ext:TPX>
            </Extensions>
          </Trackpoint>
          <Trackpoint>
            <Time>2026-09-07T19:27:54.000Z</Time>
            <HeartRateBpm>
              <Value>110</Value>
            </HeartRateBpm>
            <Cadence>75</Cadence>
            <Extensions>
              <ext:TPX>
                <ext:Watts>80</ext:Watts>
              </ext:TPX>
            </Extensions>
          </Trackpoint>
          <Trackpoint>
            <Time>2026-09-07T19:27:55.000Z</Time>
            <HeartRateBpm>
              <Value>109</Value>
            </HeartRateBpm>
            <Cadence>75</Cadence>
            <Extensions>
              <ext:TPX>
                <ext:Watts>80</ext:Watts>
              </ext:TPX>
            </Extensions>
          </Trackpoint>
          <Trackpoint>
            <Time>2026-09-07T19:27:56.000Z</Time>
            <HeartRateBpm>
              <Value>108</Value>
            </HeartRateBpm>
            <Cadence>75</Cadence>
            <Extensions>
              <ext:TPX>
                <ext:Watts>80</ext:Watts>
              </ext:TPX>
            </Extensions>
          </Trackpoint>
          <Trackpoint>
            <Time>2026-09-07T19:27:57.000Z</Time>
            <HeartRateBpm>
              <Value>107</Value>
            </HeartRateBpm>
            <Cadence>75</Cadence>
            <Extensions>
              <ext:TPX>
                <ext:Watts>80</ext:Watts>
              </ext:TPX>
            </Extensions>
          </Trackpoint>
          <Trackpoint>
            <Time>2026-09-07T19:27:58.000Z</Time>
            <HeartRateBpm>
              <Value>108</Value>
            </HeartRateBpm>
            <Cadence>75</Cadence>
            <Extensions>
              <ext:TPX>
                <ext:Watts>80</ext:Watts>
              </ext:TPX>
            </Extensions>
          </Trackpoint>
          <Trackpoint>
            <Time>2026-09-07T19:27:59.000Z</Time>
            <HeartRateBpm>
              <Value>108</Value>
            </HeartRateBpm>
            <Cadence>75</Cadence>
            <Extensions>
              <ext:TPX>
                <ext:Watts>80</ext:Watts>
              </ext:TPX>
            </Extensions>
          </Trackpoint>
          <Trackpoint>
            <Time>2026-09-07T19:28:00.000Z</Time>
            <HeartRateBpm>
              <Value>108</Value>
            </HeartRateBpm>
            <Cadence>75</Cadence>
            <Extensions>
              <ext:TPX>
                <ext:Watts>80</ext:Watts>
              </ext:TPX>
            </Extensions>
          </Trackpoint>
          <Trackpoint>
            <Time>2026-09-07T19:28:01.000Z</Time>
            <HeartRateBpm>
              <Value>109</Value>
            </HeartRateBpm>
            <Cadence>75</Cadence>
            <Extensions>
              <ext:TPX>
                <ext:Watts>80</ext:Watts>
              </ext:TPX>
            </Extensions>
          </Trackpoint>
          <Trackpoint>
            <Time>2026-09-07T19:28:02.000Z</Time>
            <HeartRateBpm>
              <Value>109</Value>
            </HeartRateBpm>
            <Cadence>75</Cadence>
            <Extensions>
              <ext:TPX>
                <ext:Watts>80</ext:Watts>
              </ext:TPX>
            </Extensions>
          </Trackpoint>
          <Trackpoint>
            <Time>2026-09-07T19:28:03.000Z</Time>
            <HeartRateBpm>
              <Value>110</Value>
            </HeartRateBpm>
            <Cadence>75</Cadence>
            <Extensions>
              <ext:TPX>
                <ext:Watts>80</ext:Watts>
              </ext:TPX>
            </Extensions>
          </Trackpoint>
          <Trackpoint>
            <Time>2026-09-07T19:28:04.000Z</Time>
            <HeartRateBpm>
              <Value>110</Value>
            </HeartRateBpm>
            <Cadence>75</Cadence>
            <Extensions>
              <ext:TPX>
                <ext:Watts>80</ext:Watts>
              </ext:TPX>
            </Extensions>
          </Trackpoint>
          <Trackpoint>
            <Time>2026-09-07T19:28:05.000Z</Time>
            <HeartRateBpm>
              <Value>110</Value>
            </HeartRateBpm>
            <Cadence>75</Cadence>
            <Extensions>
              <ext:TPX>
                <ext:Watts>80</ext:Watts>
              </ext:TPX>
            </Extensions>
          </Trackpoint>
          <Trackpoint>
            <Time>2026-09-07T19:28:06.000Z</Time>
            <HeartRateBpm>
              <Value>110</Value>
            </HeartRateBpm>
            <Cadence>75</Cadence>
            <Extensions>
              <ext:TPX>
                <ext:Watts>80</ext:Watts>
              </ext:TPX>
            </Extensions>
          </Trackpoint>
          <Trackpoint>
            <Time>2026-09-07T19:28:07.000Z</Time>
            <HeartRateBpm>
              <Value>110</Value>
            </HeartRateBpm>
            <Cadence>75</Cadence>
            <Extensions>
              <ext:TPX>
                <ext:Watts>80</ext:Watts>
              </ext:TPX>
            </Extensions>
          </Trackpoint>
          <Trackpoint>
            <Time>2026-09-07T19:28:08.000Z</Time>
            <HeartRateBpm>
              <Value>109</Value>
            </HeartRateBpm>
            <Cadence>75</Cadence>
            <Extensions>
              <ext:TPX>
                <ext:Watts>80</ext:Watts>
              </ext:TPX>
            </Extensions>
          </Trackpoint>
          <Trackpoint>
            <Time>2026-09-07T19:28:09.000Z</Time>
            <HeartRateBpm>
              <Value>109</Value>
            </HeartRateBpm>
            <Cadence>75</Cadence>
            <Extensions>
              <ext:TPX>
                <ext:Watts>80</ext:Watts>
              </ext:TPX>
            </Extensions>
          </Trackpoint>
          <Trackpoint>
            <Time>2026-09-07T19:28:10.000Z</Time>
            <HeartRateBpm>
              <Value>110</Value>
            </HeartRateBpm>
            <Cadence>75</Cadence>
            <Extensions>
              <ext:TPX>
                <ext:Watts>80</ext:Watts>
              </ext:TPX>
            </Extensions>
          </Trackpoint>
          <Trackpoint>
            <Time>2026-09-07T19:28:11.000Z</Time>
            <HeartRateBpm>
              <Value>110</Value>
            </HeartRateBpm>
            <Cadence>75</Cadence>
            <Extensions>
              <ext:TPX>
                <ext:Watts>80</ext:Watts>
              </ext:TPX>
            </Extensions>
          </Trackpoint>
          <Trackpoint>
            <Time>2026-09-07T19:28:12.000Z</Time>
            <HeartRateBpm>
              <Value>109</Value>
            </HeartRateBpm>
            <Cadence>75</Cadence>
            <Extensions>
              <ext:TPX>
                <ext:Watts>80</ext:Watts>
              </ext:TPX>
            </Extensions>
          </Trackpoint>
          <Trackpoint>
            <Time>2026-09-07T19:28:13.000Z</Time>
            <HeartRateBpm>
              <Value>110</Value>
            </HeartRateBpm>
            <Cadence>75</Cadence>
            <Extensions>
              <ext:TPX>
                <ext:Watts>80</ext:Watts>
              </ext:TPX>
            </Extensions>
          </Trackpoint>
          <Trackpoint>
            <Time>2026-09-07T19:28:14.000Z</Time>
            <HeartRateBpm>
              <Value>110</Value>
            </HeartRateBpm>
            <Cadence>75</Cadence>
            <Extensions>
              <ext:TPX>
                <ext:Watts>80</ext:Watts>
              </ext:TPX>
            </Extensions>
          </Trackpoint>
          <Trackpoint>
            <Time>2026-09-07T19:28:15.000Z</Time>
            <HeartRateBpm>
              <Value>110</Value>
            </HeartRateBpm>
            <Cadence>75</Cadence>
            <Extensions>
              <ext:TPX>
                <ext:Watts>80</ext:Watts>
              </ext:TPX>
            </Extensions>
          </Trackpoint>
          <Trackpoint>
            <Time>2026-09-07T19:28:16.000Z</Time>
            <HeartRateBpm>
              <Value>110</Value>
            </HeartRateBpm>
            <Cadence>75</Cadence>
            <Extensions>
              <ext:TPX>
                <ext:Watts>80</ext:Watts>
              </ext:TPX>
            </Extensions>
          </Trackpoint>
          <Trackpoint>
            <Time>2026-09-07T19:28:17.000Z</Time>
            <HeartRateBpm>
              <Value>110</Value>
            </HeartRateBpm>
            <Cadence>75</Cadence>
            <Extensions>
              <ext:TPX>
                <ext:Watts>80</ext:Watts>
              </ext:TPX>
            </Extensions>
          </Trackpoint>
          <Trackpoint>
            <Time>2026-09-07T19:28:18.000Z</Time>
            <HeartRateBpm>
              <Value>111</Value>
            </HeartRateBpm>
            <Cadence>75</Cadence>
            <Extensions>
              <ext:TPX>
                <ext:Watts>80</ext:Watts>
              </ext:TPX>
            </Extensions>
          </Trackpoint>
          <Trackpoint>
            <Time>2026-09-07T19:28:19.000Z</Time>
            <HeartRateBpm>
              <Value>111</Value>
            </HeartRateBpm>
            <Cadence>75</Cadence>
            <Extensions>
              <ext:TPX>
                <ext:Watts>80</ext:Watts>
              </ext:TPX>
            </Extensions>
          </Trackpoint>
          <Trackpoint>
            <Time>2026-09-07T19:28:20.000Z</Time>
            <HeartRateBpm>
              <Value>111</Value>
            </HeartRateBpm>
            <Cadence>75</Cadence>
            <Extensions>
              <ext:TPX>
                <ext:Watts>80</ext:Watts>
              </ext:TPX>
            </Extensions>
          </Trackpoint>
          <Trackpoint>
            <Time>2026-09-07T19:28:21.000Z</Time>
            <HeartRateBpm>
              <Value>111</Value>
            </HeartRateBpm>
            <Cadence>75</Cadence>
            <Extensions>
              <ext:TPX>
                <ext:Watts>80</ext:Watts>
              </ext:TPX>
            </Extensions>
          </Trackpoint>
          <Trackpoint>
            <Time>2026-09-07T19:28:22.000Z</Time>
            <HeartRateBpm>
              <Value>112</Value>
            </HeartRateBpm>
            <Cadence>75</Cadence>
            <Extensions>
              <ext:TPX>
                <ext:Watts>80</ext:Watts>
              </ext:TPX>
            </Extensions>
          </Trackpoint>
          <Trackpoint>
            <Time>2026-09-07T19:28:23.000Z</Time>
            <HeartRateBpm>
              <Value>113</Value>
            </HeartRateBpm>
            <Cadence>75</Cadence>
            <Extensions>
              <ext:TPX>
                <ext:Watts>80</ext:Watts>
              </ext:TPX>
            </Extensions>
          </Trackpoint>
          <Trackpoint>
            <Time>2026-09-07T19:28:24.000Z</Time>
            <HeartRateBpm>
              <Value>113</Value>
            </HeartRateBpm>
            <Cadence>75</Cadence>
            <Extensions>
              <ext:TPX>
                <ext:Watts>80</ext:Watts>
              </ext:TPX>
            </Extensions>
          </Trackpoint>
          <Trackpoint>
            <Time>2026-09-07T19:28:25.000Z</Time>
            <HeartRateBpm>
              <Value>113</Value>
            </HeartRateBpm>
            <Cadence>75</Cadence>
            <Extensions>
              <ext:TPX>
                <ext:Watts>80</ext:Watts>
              </ext:TPX>
            </Extensions>
          </Trackpoint>
          <Trackpoint>
            <Time>2026-09-07T19:28:26.000Z</Time>
            <HeartRateBpm>
              <Value>113</Value>
            </HeartRateBpm>
            <Cadence>75</Cadence>
            <Extensions>
              <ext:TPX>
                <ext:Watts>80</ext:Watts>
              </ext:TPX>
            </Extensions>
          </Trackpoint>
          <Trackpoint>
            <Time>2026-09-07T19:28:27.000Z</Time>
            <HeartRateBpm>
              <Value>113</Value>
            </HeartRateBpm>
            <Cadence>75</Cadence>
            <Extensions>
              <ext:TPX>
                <ext:Watts>80</ext:Watts>
              </ext:TPX>
            </Extensions>
          </Trackpoint>
          <Trackpoint>
            <Time>2026-09-07T19:28:28.000Z</Time>
            <HeartRateBpm>
              <Value>113</Value>
            </HeartRateBpm>
            <Cadence>75</Cadence>
            <Extensions>
              <ext:TPX>
                <ext:Watts>80</ext:Watts>
              </ext:TPX>
            </Extensions>
          </Trackpoint>
          <Trackpoint>
            <Time>2026-09-07T19:28:29.000Z</Time>
            <HeartRateBpm>
              <Value>113</Value>
            </HeartRateBpm>
            <Cadence>75</Cadence>
            <Extensions>
              <ext:TPX>
                <ext:Watts>80</ext:Watts>
              </ext:TPX>
            </Extensions>
          </Trackpoint>
          <Trackpoint>
            <Time>2026-09-07T19:28:30.000Z</Time>
            <HeartRateBpm>
              <Value>112</Value>
            </HeartRateBpm>
            <Cadence>75</Cadence>
            <Extensions>
              <ext:TPX>
                <ext:Watts>80</ext:Watts>
              </ext:TPX>
            </Extensions>
          </Trackpoint>
          <Trackpoint>
            <Time>2026-09-07T19:28:31.000Z</Time>
            <HeartRateBpm>
              <Value>112</Value>
            </HeartRateBpm>
            <Cadence>75</Cadence>
            <Extensions>
              <ext:TPX>
                <ext:Watts>80</ext:Watts>
              </ext:TPX>
            </Extensions>
          </Trackpoint>
          <Trackpoint>
            <Time>2026-09-07T19:28:32.000Z</Time>
            <HeartRateBpm>
              <Value>112</Value>
            </HeartRateBpm>
            <Cadence>75</Cadence>
            <Extensions>
              <ext:TPX>
                <ext:Watts>80</ext:Watts>
              </ext:TPX>
            </Extensions>
          </Trackpoint>
          <Trackpoint>
            <Time>2026-09-07T19:28:33.000Z</Time>
            <HeartRateBpm>
              <Value>113</Value>
            </HeartRateBpm>
            <Cadence>75</Cadence>
            <Extensions>
              <ext:TPX>
                <ext:Watts>80</ext:Watts>
              </ext:TPX>
            </Extensions>
          </Trackpoint>
          <Trackpoint>
            <Time>2026-09-07T19:28:34.000Z</Time>
            <HeartRateBpm>
              <Value>114</Value>
            </HeartRateBpm>
            <Cadence>75</Cadence>
            <Extensions>
              <ext:TPX>
                <ext:Watts>80</ext:Watts>
              </ext:TPX>
            </Extensions>
          </Trackpoint>
          <Trackpoint>
            <Time>2026-09-07T19:28:35.000Z</Time>
            <HeartRateBpm>
              <Value>115</Value>
            </HeartRateBpm>
            <Cadence>75</Cadence>
            <Extensions>
              <ext:TPX>
                <ext:Watts>80</ext:Watts>
              </ext:TPX>
            </Extensions>
          </Trackpoint>
          <Trackpoint>
            <Time>2026-09-07T19:28:36.000Z</Time>
            <HeartRateBpm>
              <Value>116</Value>
            </HeartRateBpm>
            <Cadence>75</Cadence>
            <Extensions>
              <ext:TPX>
                <ext:Watts>80</ext:Watts>
              </ext:TPX>
            </Extensions>
          </Trackpoint>
          <Trackpoint>
            <Time>2026-09-07T19:28:37.000Z</Time>
            <HeartRateBpm>
              <Value>117</Value>
            </HeartRateBpm>
            <Cadence>75</Cadence>
            <Extensions>
              <ext:TPX>
                <ext:Watts>80</ext:Watts>
              </ext:TPX>
            </Extensions>
          </Trackpoint>
          <Trackpoint>
            <Time>2026-09-07T19:28:38.000Z</Time>
            <HeartRateBpm>
              <Value>117</Value>
            </HeartRateBpm>
            <Cadence>75</Cadence>
            <Extensions>
              <ext:TPX>
                <ext:Watts>80</ext:Watts>
              </ext:TPX>
            </Extensions>
          </Trackpoint>
          <Trackpoint>
            <Time>2026-09-07T19:28:39.000Z</Time>
            <HeartRateBpm>
              <Value>117</Value>
            </HeartRateBpm>
            <Cadence>75</Cadence>
            <Extensions>
              <ext:TPX>
                <ext:Watts>80</ext:Watts>
              </ext:TPX>
            </Extensions>
          </Trackpoint>
          <Trackpoint>
            <Time>2026-09-07T19:28:40.000Z</Time>
            <HeartRateBpm>
              <Value>117</Value>
            </HeartRateBpm>
            <Cadence>75</Cadence>
            <Extensions>
              <ext:TPX>
                <ext:Watts>80</ext:Watts>
              </ext:TPX>
            </Extensions>
          </Trackpoint>
          <Trackpoint>
            <Time>2026-09-07T19:28:41.000Z</Time>
            <HeartRateBpm>
              <Value>116</Value>
            </HeartRateBpm>
            <Cadence>75</Cadence>
            <Extensions>
              <ext:TPX>
                <ext:Watts>80</ext:Watts>
              </ext:TPX>
            </Extensions>
          </Trackpoint>
          <Trackpoint>
            <Time>2026-09-07T19:28:42.000Z</Time>
            <HeartRateBpm>
              <Value>116</Value>
            </HeartRateBpm>
            <Cadence>75</Cadence>
            <Extensions>
              <ext:TPX>
                <ext:Watts>80</ext:Watts>
              </ext:TPX>
            </Extensions>
          </Trackpoint>
          <Trackpoint>
            <Time>2026-09-07T19:28:43.000Z</Time>
            <HeartRateBpm>
              <Value>117</Value>
            </HeartRateBpm>
            <Cadence>75</Cadence>
            <Extensions>
              <ext:TPX>
                <ext:Watts>80</ext:Watts>
              </ext:TPX>
            </Extensions>
          </Trackpoint>
          <Trackpoint>
            <Time>2026-09-07T19:28:44.000Z</Time>
            <HeartRateBpm>
              <Value>117</Value>
            </HeartRateBpm>
            <Cadence>75</Cadence>
            <Extensions>
              <ext:TPX>
                <ext:Watts>80</ext:Watts>
              </ext:TPX>
            </Extensions>
          </Trackpoint>
          <Trackpoint>
            <Time>2026-09-07T19:28:45.000Z</Time>
            <HeartRateBpm>
              <Value>117</Value>
            </HeartRateBpm>
            <Cadence>75</Cadence>
            <Extensions>
              <ext:TPX>
                <ext:Watts>80</ext:Watts>
              </ext:TPX>
            </Extensions>
          </Trackpoint>
          <Trackpoint>
            <Time>2026-09-07T19:28:46.000Z</Time>
            <HeartRateBpm>
              <Value>117</Value>
            </HeartRateBpm>
            <Cadence>75</Cadence>
            <Extensions>
              <ext:TPX>
                <ext:Watts>80</ext:Watts>
              </ext:TPX>
            </Extensions>
          </Trackpoint>
          <Trackpoint>
            <Time>2026-09-07T19:28:47.000Z</Time>
            <HeartRateBpm>
              <Value>117</Value>
            </HeartRateBpm>
            <Cadence>75</Cadence>
            <Extensions>
              <ext:TPX>
                <ext:Watts>80</ext:Watts>
              </ext:TPX>
            </Extensions>
          </Trackpoint>
          <Trackpoint>
            <Time>2026-09-07T19:28:48.000Z</Time>
            <HeartRateBpm>
              <Value>117</Value>
            </HeartRateBpm>
            <Cadence>75</Cadence>
            <Extensions>
              <ext:TPX>
                <ext:Watts>80</ext:Watts>
              </ext:TPX>
            </Extensions>
          </Trackpoint>
          <Trackpoint>
            <Time>2026-09-07T19:28:49.000Z</Time>
            <HeartRateBpm>
              <Value>116</Value>
            </HeartRateBpm>
            <Cadence>75</Cadence>
            <Extensions>
              <ext:TPX>
                <ext:Watts>80</ext:Watts>
              </ext:TPX>
            </Extensions>
          </Trackpoint>
          <Trackpoint>
            <Time>2026-09-07T19:28:50.000Z</Time>
            <HeartRateBpm>
              <Value>115</Value>
            </HeartRateBpm>
            <Cadence>75</Cadence>
            <Extensions>
              <ext:TPX>
                <ext:Watts>80</ext:Watts>
              </ext:TPX>
            </Extensions>
          </Trackpoint>
          <Trackpoint>
            <Time>2026-09-07T19:28:51.000Z</Time>
            <HeartRateBpm>
              <Value>114</Value>
            </HeartRateBpm>
            <Cadence>75</Cadence>
            <Extensions>
              <ext:TPX>
                <ext:Watts>80</ext:Watts>
              </ext:TPX>
            </Extensions>
          </Trackpoint>
          <Trackpoint>
            <Time>2026-09-07T19:28:52.000Z</Time>
            <HeartRateBpm>
              <Value>114</Value>
            </HeartRateBpm>
            <Cadence>75</Cadence>
            <Extensions>
              <ext:TPX>
                <ext:Watts>80</ext:Watts>
              </ext:TPX>
            </Extensions>
          </Trackpoint>
          <Trackpoint>
            <Time>2026-09-07T19:28:53.000Z</Time>
            <HeartRateBpm>
              <Value>110</Value>
            </HeartRateBpm>
            <Cadence>75</Cadence>
            <Extensions>
              <ext:TPX>
                <ext:Watts>80</ext:Watts>
              </ext:TPX>
            </Extensions>
          </Trackpoint>
          <Trackpoint>
            <Time>2026-09-07T19:28:54.000Z</Time>
            <HeartRateBpm>
              <Value>108</Value>
            </HeartRateBpm>
            <Cadence>75</Cadence>
            <Extensions>
              <ext:TPX>
                <ext:Watts>80</ext:Watts>
              </ext:TPX>
            </Extensions>
          </Trackpoint>
          <Trackpoint>
            <Time>2026-09-07T19:28:55.000Z</Time>
            <HeartRateBpm>
              <Value>108</Value>
            </HeartRateBpm>
            <Cadence>75</Cadence>
            <Extensions>
              <ext:TPX>
                <ext:Watts>80</ext:Watts>
              </ext:TPX>
            </Extensions>
          </Trackpoint>
          <Trackpoint>
            <Time>2026-09-07T19:28:56.000Z</Time>
            <HeartRateBpm>
              <Value>109</Value>
            </HeartRateBpm>
            <Cadence>75</Cadence>
            <Extensions>
              <ext:TPX>
                <ext:Watts>80</ext:Watts>
              </ext:TPX>
            </Extensions>
          </Trackpoint>
          <Trackpoint>
            <Time>2026-09-07T19:28:57.000Z</Time>
            <HeartRateBpm>
              <Value>109</Value>
            </HeartRateBpm>
            <Cadence>75</Cadence>
            <Extensions>
              <ext:TPX>
                <ext:Watts>80</ext:Watts>
              </ext:TPX>
            </Extensions>
          </Trackpoint>
          <Trackpoint>
            <Time>2026-09-07T19:28:58.000Z</Time>
            <HeartRateBpm>
              <Value>109</Value>
            </HeartRateBpm>
            <Cadence>75</Cadence>
            <Extensions>
              <ext:TPX>
                <ext:Watts>80</ext:Watts>
              </ext:TPX>
            </Extensions>
          </Trackpoint>
          <Trackpoint>
            <Time>2026-09-07T19:28:59.000Z</Time>
            <HeartRateBpm>
              <Value>109</Value>
            </HeartRateBpm>
            <Cadence>75</Cadence>
            <Extensions>
              <ext:TPX>
                <ext:Watts>80</ext:Watts>
              </ext:TPX>
            </Extensions>
          </Trackpoint>
          <Trackpoint>
            <Time>2026-09-07T19:29:00.000Z</Time>
            <HeartRateBpm>
              <Value>109</Value>
            </HeartRateBpm>
            <Cadence>75</Cadence>
            <Extensions>
              <ext:TPX>
                <ext:Watts>80</ext:Watts>
              </ext:TPX>
            </Extensions>
          </Trackpoint>
          <Trackpoint>
            <Time>2026-09-07T19:29:01.000Z</Time>
            <HeartRateBpm>
              <Value>110</Value>
            </HeartRateBpm>
            <Cadence>75</Cadence>
            <Extensions>
              <ext:TPX>
                <ext:Watts>80</ext:Watts>
              </ext:TPX>
            </Extensions>
          </Trackpoint>
          <Trackpoint>
            <Time>2026-09-07T19:29:02.000Z</Time>
            <HeartRateBpm>
              <Value>110</Value>
            </HeartRateBpm>
            <Cadence>75</Cadence>
            <Extensions>
              <ext:TPX>
                <ext:Watts>80</ext:Watts>
              </ext:TPX>
            </Extensions>
          </Trackpoint>
          <Trackpoint>
            <Time>2026-09-07T19:29:03.000Z</Time>
            <HeartRateBpm>
              <Value>111</Value>
            </HeartRateBpm>
            <Cadence>75</Cadence>
            <Extensions>
              <ext:TPX>
                <ext:Watts>80</ext:Watts>
              </ext:TPX>
            </Extensions>
          </Trackpoint>
          <Trackpoint>
            <Time>2026-09-07T19:29:04.000Z</Time>
            <HeartRateBpm>
              <Value>111</Value>
            </HeartRateBpm>
            <Cadence>75</Cadence>
            <Extensions>
              <ext:TPX>
                <ext:Watts>80</ext:Watts>
              </ext:TPX>
            </Extensions>
          </Trackpoint>
          <Trackpoint>
            <Time>2026-09-07T19:29:05.000Z</Time>
            <HeartRateBpm>
              <Value>111</Value>
            </HeartRateBpm>
            <Cadence>75</Cadence>
            <Extensions>
              <ext:TPX>
                <ext:Watts>80</ext:Watts>
              </ext:TPX>
            </Extensions>
          </Trackpoint>
          <Trackpoint>
            <Time>2026-09-07T19:29:06.000Z</Time>
            <HeartRateBpm>
              <Value>111</Value>
            </HeartRateBpm>
            <Cadence>75</Cadence>
            <Extensions>
              <ext:TPX>
                <ext:Watts>80</ext:Watts>
              </ext:TPX>
            </Extensions>
          </Trackpoint>
          <Trackpoint>
            <Time>2026-09-07T19:29:07.000Z</Time>
            <HeartRateBpm>
              <Value>111</Value>
            </HeartRateBpm>
            <Cadence>75</Cadence>
            <Extensions>
              <ext:TPX>
                <ext:Watts>80</ext:Watts>
              </ext:TPX>
            </Extensions>
          </Trackpoint>
          <Trackpoint>
            <Time>2026-09-07T19:29:08.000Z</Time>
            <HeartRateBpm>
              <Value>110</Value>
            </HeartRateBpm>
            <Cadence>75</Cadence>
            <Extensions>
              <ext:TPX>
                <ext:Watts>80</ext:Watts>
              </ext:TPX>
            </Extensions>
          </Trackpoint>
          <Trackpoint>
            <Time>2026-09-07T19:29:09.000Z</Time>
            <HeartRateBpm>
              <Value>110</Value>
            </HeartRateBpm>
            <Cadence>75</Cadence>
            <Extensions>
              <ext:TPX>
                <ext:Watts>80</ext:Watts>
              </ext:TPX>
            </Extensions>
          </Trackpoint>
          <Trackpoint>
            <Time>2026-09-07T19:29:10.000Z</Time>
            <HeartRateBpm>
              <Value>110</Value>
            </HeartRateBpm>
            <Cadence>75</Cadence>
            <Extensions>
              <ext:TPX>
                <ext:Watts>80</ext:Watts>
              </ext:TPX>
            </Extensions>
          </Trackpoint>
        </Track>
      </Lap>
    </Activity>
  </Activities>
</TrainingCenterDatabase>
