<?xml version="1.0" ?>
<TrainingCenterDatabase xmlns="http://www.garmin.com/xmlschemas/TrainingCenterDatabase/v2" xmlns:ext="http://www.garmin.com/xmlschemas/ActivityExtension/v2" xmlns:xsi="http://www.w3.org/2001/XMLSchema-instance" xsi:schemaLocation="http://www.garmin.com/xmlschemas/TrainingCenterDatabase/v2 https://www8.garmin.com/xmlschemas/TrainingCenterDatabasev2.xsd">
  <Activities>
    <Activity Sport="Biking">
      <Id>2026-09-07T19:10:32.000Z</Id>
      <Lap StartTime="2026-09-07T19:10:32.000Z">
        <TotalTimeSeconds>466.3</TotalTimeSeconds>
        <DistanceMeters>0.0</DistanceMeters>
        <Calories>0</Calories>
        <AverageHeartRateBpm>
          <Value>107</Value>
        </AverageHeartRateBpm>
        <MaximumHeartRateBpm>
          <Value>119</Value>
        </MaximumHeartRateBpm>
        <Intensity>Active</Intensity>
        <TriggerMethod>Manual</TriggerMethod>
        <Notes>Aquecimento</Notes>
        <Track>
          <Trackpoint>
            <Time>2026-09-07T19:10:32.000Z</Time>
            <HeartRateBpm>
              <Value>79</Value>
            </HeartRateBpm>
            <Cadence>55</Cadence>
            <Extensions>
              <ext:TPX>
                <ext:Watts>40</ext:Watts>
              </ext:TPX>
            </Extensions>
          </Trackpoint>
          <Trackpoint>
            <Time>2026-09-07T19:10:33.000Z</Time>
            <HeartRateBpm>
              <Value>79</Value>
            </HeartRateBpm>
            <Cadence>55</Cadence>
            <Extensions>
              <ext:TPX>
                <ext:Watts>31</ext:Watts>
              </ext:TPX>
            </Extensions>
          </Trackpoint>
          <Trackpoint>
            <Time>2026-09-07T19:10:34.000Z</Time>
            <HeartRateBpm>
              <Value>80</Value>
            </HeartRateBpm>
            <Cadence>55</Cadence>
            <Extensions>
              <ext:TPX>
                <ext:Watts>38</ext:Watts>
              </ext:TPX>
            </Extensions>
          </Trackpoint>
          <Trackpoint>
            <Time>2026-09-07T19:10:35.000Z</Time>
            <HeartRateBpm>
              <Value>81</Value>
            </HeartRateBpm>
            <Cadence>55</Cadence>
            <Extensions>
              <ext:TPX>
                <ext:Watts>38</ext:Watts>
              </ext:TPX>
            </Extensions>
          </Trackpoint>
          <Trackpoint>
            <Time>2026-09-07T19:10:36.000Z</Time>
            <HeartRateBpm>
              <Value>81</Value>
            </HeartRateBpm>
            <Cadence>55</Cadence>
            <Extensions>
              <ext:TPX>
                <ext:Watts>59</ext:Watts>
              </ext:TPX>
            </Extensions>
          </Trackpoint>
          <Trackpoint>
            <Time>2026-09-07T19:10:37.000Z</Time>
            <HeartRateBpm>
              <Value>81</Value>
            </HeartRateBpm>
            <Cadence>75</Cadence>
            <Extensions>
              <ext:TPX>
                <ext:Watts>73</ext:Watts>
              </ext:TPX>
            </Extensions>
          </Trackpoint>
          <Trackpoint>
            <Time>2026-09-07T19:10:38.000Z</Time>
            <HeartRateBpm>
              <Value>81</Value>
            </HeartRateBpm>
            <Cadence>75</Cadence>
            <Extensions>
              <ext:TPX>
                <ext:Watts>73</ext:Watts>
              </ext:TPX>
            </Extensions>
          </Trackpoint>
          <Trackpoint>
            <Time>2026-09-07T19:10:39.000Z</Time>
            <HeartRateBpm>
              <Value>81</Value>
            </HeartRateBpm>
            <Cadence>71</Cadence>
            <Extensions>
              <ext:TPX>
                <ext:Watts>76</ext:Watts>
              </ext:TPX>
            </Extensions>
          </Trackpoint>
          <Trackpoint>
            <Time>2026-09-07T19:10:40.000Z</Time>
            <HeartRateBpm>
              <Value>81</Value>
            </HeartRateBpm>
            <Cadence>77</Cadence>
            <Extensions>
              <ext:TPX>
                <ext:Watts>76</ext:Watts>
              </ext:TPX>
            </Extensions>
          </Trackpoint>
          <Trackpoint>
            <Time>2026-09-07T19:10:41.000Z</Time>
            <HeartRateBpm>
              <Value>81</Value>
            </HeartRateBpm>
            <Cadence>69</Cadence>
            <Extensions>
              <ext:TPX>
                <ext:Watts>77</ext:Watts>
              </ext:TPX>
            </Extensions>
          </Trackpoint>
          <Trackpoint>
            <Time>2026-09-07T19:10:42.000Z</Time>
            <HeartRateBpm>
              <Value>81</Value>
            </HeartRateBpm>
            <Cadence>78</Cadence>
            <Extensions>
              <ext:TPX>
                <ext:Watts>77</ext:Watts>
              </ext:TPX>
            </Extensions>
          </Trackpoint>
          <Trackpoint>
            <Time>2026-09-07T19:10:43.000Z</Time>
            <HeartRateBpm>
              <Value>81</Value>
            </HeartRateBpm>
            <Cadence>70</Cadence>
            <Extensions>
              <ext:TPX>
                <ext:Watts>74</ext:Watts>
              </ext:TPX>
            </Extensions>
          </Trackpoint>
          <Trackpoint>
            <Time>2026-09-07T19:10:44.000Z</Time>
            <HeartRateBpm>
              <Value>81</Value>
            </HeartRateBpm>
            <Cadence>70</Cadence>
            <Extensions>
              <ext:TPX>
                <ext:Watts>74</ext:Watts>
              </ext:TPX>
            </Extensions>
          </Trackpoint>
          <Trackpoint>
            <Time>2026-09-07T19:10:45.000Z</Time>
            <HeartRateBpm>
              <Value>82</Value>
            </HeartRateBpm>
            <Cadence>73</Cadence>
            <Extensions>
              <ext:TPX>
                <ext:Watts>73</ext:Watts>
              </ext:TPX>
            </Extensions>
          </Trackpoint>
          <Trackpoint>
            <Time>2026-09-07T19:10:46.000Z</Time>
            <HeartRateBpm>
              <Value>81</Value>
            </HeartRateBpm>
            <Cadence>74</Cadence>
            <Extensions>
              <ext:TPX>
                <ext:Watts>75</ext:Watts>
              </ext:TPX>
            </Extensions>
          </Trackpoint>
          <Trackpoint>
            <Time>2026-09-07T19:10:47.000Z</Time>
            <HeartRateBpm>
              <Value>81</Value>
            </HeartRateBpm>
            <Cadence>72</Cadence>
            <Extensions>
              <ext:TPX>
                <ext:Watts>76</ext:Watts>
              </ext:TPX>
            </Extensions>
          </Trackpoint>
          <Trackpoint>
            <Time>2026-09-07T19:10:48.000Z</Time>
            <HeartRateBpm>
              <Value>82</Value>
            </HeartRateBpm>
            <Cadence>78</Cadence>
            <Extensions>
              <ext:TPX>
                <ext:Watts>76</ext:Watts>
              </ext:TPX>
            </Extensions>
          </Trackpoint>
          <Trackpoint>
            <Time>2026-09-07T19:10:49.000Z</Time>
            <HeartRateBpm>
              <Value>81</Value>
            </HeartRateBpm>
            <Cadence>77</Cadence>
            <Extensions>
              <ext:TPX>
                <ext:Watts>83</ext:Watts>
              </ext:TPX>
            </Extensions>
          </Trackpoint>
          <Trackpoint>
            <Time>2026-09-07T19:10:50.000Z</Time>
            <HeartRateBpm>
              <Value>82</Value>
            </HeartRateBpm>
            <Cadence>77</Cadence>
            <Extensions>
              <ext:TPX>
                <ext:Watts>83</ext:Watts>
              </ext:TPX>
            </Extensions>
          </Trackpoint>
          <Trackpoint>
            <Time>2026-09-07T19:10:51.000Z</Time>
            <HeartRateBpm>
              <Value>82</Value>
            </HeartRateBpm>
            <Cadence>51</Cadence>
            <Extensions>
              <ext:TPX>
                <ext:Watts>83</ext:Watts>
              </ext:TPX>
            </Extensions>
          </Trackpoint>
          <Trackpoint>
            <Time>2026-09-07T19:10:52.000Z</Time>
            <HeartRateBpm>
              <Value>82</Value>
            </HeartRateBpm>
            <Cadence>51</Cadence>
            <Extensions>
              <ext:TPX>
                <ext:Watts>81</ext:Watts>
              </ext:TPX>
            </Extensions>
          </Trackpoint>
          <Trackpoint>
            <Time>2026-09-07T19:10:53.000Z</Time>
            <HeartRateBpm>
              <Value>83</Value>
            </HeartRateBpm>
            <Cadence>83</Cadence>
            <Extensions>
              <ext:TPX>
                <ext:Watts>83</ext:Watts>
              </ext:TPX>
            </Extensions>
          </Trackpoint>
          <Trackpoint>
            <Time>2026-09-07T19:10:54.000Z</Time>
            <HeartRateBpm>
              <Value>83</Value>
            </HeartRateBpm>
            <Cadence>78</Cadence>
            <Extensions>
              <ext:TPX>
                <ext:Watts>85</ext:Watts>
              </ext:TPX>
            </Extensions>
          </Trackpoint>
          <Trackpoint>
            <Time>2026-09-07T19:10:55.000Z</Time>
            <HeartRateBpm>
              <Value>86</Value>
            </HeartRateBpm>
            <Cadence>80</Cadence>
            <Extensions>
              <ext:TPX>
                <ext:Watts>85</ext:Watts>
              </ext:TPX>
            </Extensions>
          </Trackpoint>
          <Trackpoint>
            <Time>2026-09-07T19:10:56.000Z</Time>
            <HeartRateBpm>
              <Value>86</Value>
            </HeartRateBpm>
            <Cadence>80</Cadence>
            <Extensions>
              <ext:TPX>
                <ext:Watts>85</ext:Watts>
              </ext:TPX>
            </Extensions>
          </Trackpoint>
          <Trackpoint>
            <Time>2026-09-07T19:10:57.000Z</Time>
            <HeartRateBpm>
              <Value>85</Value>
            </HeartRateBpm>
            <Cadence>76</Cadence>
            <Extensions>
              <ext:TPX>
                <ext:Watts>85</ext:Watts>
              </ext:TPX>
            </Extensions>
          </Trackpoint>
          <Trackpoint>
            <Time>2026-09-07T19:10:58.000Z</Time>
            <HeartRateBpm>
              <Value>86</Value>
            </HeartRateBpm>
            <Cadence>80</Cadence>
            <Extensions>
              <ext:TPX>
                <ext:Watts>84</ext:Watts>
              </ext:TPX>
            </Extensions>
          </Trackpoint>
          <Trackpoint>
            <Time>2026-09-07T19:10:59.000Z</Time>
            <HeartRateBpm>
              <Value>86</Value>
            </HeartRateBpm>
            <Cadence>78</Cadence>
            <Extensions>
              <ext:TPX>
                <ext:Watts>83</ext:Watts>
              </ext:TPX>
            </Extensions>
          </Trackpoint>
          <Trackpoint>
            <Time>2026-09-07T19:11:00.000Z</Time>
            <HeartRateBpm>
              <Value>87</Value>
            </HeartRateBpm>
            <Cadence>79</Cadence>
            <Extensions>
              <ext:TPX>
                <ext:Watts>83</ext:Watts>
              </ext:TPX>
            </Extensions>
          </Trackpoint>
          <Trackpoint>
            <Time>2026-09-07T19:11:01.000Z</Time>
            <HeartRateBpm>
              <Value>87</Value>
            </HeartRateBpm>
            <Cadence>76</Cadence>
            <Extensions>
              <ext:TPX>
                <ext:Watts>83</ext:Watts>
              </ext:TPX>
            </Extensions>
          </Trackpoint>
          <Trackpoint>
            <Time>2026-09-07T19:11:02.000Z</Time>
            <HeartRateBpm>
              <Value>87</Value>
            </HeartRateBpm>
            <Cadence>76</Cadence>
            <Extensions>
              <ext:TPX>
                <ext:Watts>83</ext:Watts>
              </ext:TPX>
            </Extensions>
          </Trackpoint>
          <Trackpoint>
            <Time>2026-09-07T19:11:03.000Z</Time>
            <HeartRateBpm>
              <Value>87</Value>
            </HeartRateBpm>
            <Cadence>79</Cadence>
            <Extensions>
              <ext:TPX>
                <ext:Watts>83</ext:Watts>
              </ext:TPX>
            </Extensions>
          </Trackpoint>
          <Trackpoint>
            <Time>2026-09-07T19:11:04.000Z</Time>
            <HeartRateBpm>
              <Value>87</Value>
            </HeartRateBpm>
            <Cadence>79</Cadence>
            <Extensions>
              <ext:TPX>
                <ext:Watts>83</ext:Watts>
              </ext:TPX>
            </Extensions>
          </Trackpoint>
          <Trackpoint>
            <Time>2026-09-07T19:11:05.000Z</Time>
            <HeartRateBpm>
              <Value>88</Value>
            </HeartRateBpm>
            <Cadence>79</Cadence>
            <Extensions>
              <ext:TPX>
                <ext:Watts>83</ext:Watts>
              </ext:TPX>
            </Extensions>
          </Trackpoint>
          <Trackpoint>
            <Time>2026-09-07T19:11:06.000Z</Time>
            <HeartRateBpm>
              <Value>89</Value>
            </HeartRateBpm>
            <Cadence>77</Cadence>
            <Extensions>
              <ext:TPX>
                <ext:Watts>83</ext:Watts>
              </ext:TPX>
            </Extensions>
          </Trackpoint>
          <Trackpoint>
            <Time>2026-09-07T19:11:07.000Z</Time>
            <HeartRateBpm>
              <Value>94</Value>
            </HeartRateBpm>
            <Cadence>79</Cadence>
            <Extensions>
              <ext:TPX>
                <ext:Watts>83</ext:Watts>
              </ext:TPX>
            </Extensions>
          </Trackpoint>
          <Trackpoint>
            <Time>2026-09-07T19:11:08.000Z</Time>
            <HeartRateBpm>
              <Value>102</Value>
            </HeartRateBpm>
            <Cadence>79</Cadence>
            <Extensions>
              <ext:TPX>
                <ext:Watts>83</ext:Watts>
              </ext:TPX>
            </Extensions>
          </Trackpoint>
          <Trackpoint>
            <Time>2026-09-07T19:11:09.000Z</Time>
            <HeartRateBpm>
              <Value>104</Value>
            </HeartRateBpm>
            <Cadence>79</Cadence>
            <Extensions>
              <ext:TPX>
                <ext:Watts>83</ext:Watts>
              </ext:TPX>
            </Extensions>
          </Trackpoint>
          <Trackpoint>
            <Time>2026-09-07T19:11:10.000Z</Time>
            <HeartRateBpm>
              <Value>104</Value>
            </HeartRateBpm>
            <Cadence>80</Cadence>
            <Extensions>
              <ext:TPX>
                <ext:Watts>82</ext:Watts>
              </ext:TPX>
            </Extensions>
          </Trackpoint>
          <Trackpoint>
            <Time>2026-09-07T19:11:11.000Z</Time>
            <HeartRateBpm>
              <Value>104</Value>
            </HeartRateBpm>
            <Cadence>76</Cadence>
            <Extensions>
              <ext:TPX>
                <ext:Watts>82</ext:Watts>
              </ext:TPX>
            </Extensions>
          </Trackpoint>
          <Trackpoint>
            <Time>2026-09-07T19:11:12.000Z</Time>
            <HeartRateBpm>
              <Value>104</Value>
            </HeartRateBpm>
            <Cadence>76</Cadence>
            <Extensions>
              <ext:TPX>
                <ext:Watts>82</ext:Watts>
              </ext:TPX>
            </Extensions>
          </Trackpoint>
          <Trackpoint>
            <Time>2026-09-07T19:11:13.000Z</Time>
            <HeartRateBpm>
              <Value>104</Value>
            </HeartRateBpm>
            <Cadence>76</Cadence>
            <Extensions>
              <ext:TPX>
                <ext:Watts>82</ext:Watts>
              </ext:TPX>
            </Extensions>
          </Trackpoint>
          <Trackpoint>
            <Time>2026-09-07T19:11:14.000Z</Time>
            <HeartRateBpm>
              <Value>105</Value>
            </HeartRateBpm>
            <Cadence>76</Cadence>
            <Extensions>
              <ext:TPX>
                <ext:Watts>82</ext:Watts>
              </ext:TPX>
            </Extensions>
          </Trackpoint>
          <Trackpoint>
            <Time>2026-09-07T19:11:15.000Z</Time>
            <HeartRateBpm>
              <Value>106</Value>
            </HeartRateBpm>
            <Cadence>76</Cadence>
            <Extensions>
              <ext:TPX>
                <ext:Watts>81</ext:Watts>
              </ext:TPX>
            </Extensions>
          </Trackpoint>
          <Trackpoint>
            <Time>2026-09-07T19:11:16.000Z</Time>
            <HeartRateBpm>
              <Value>105</Value>
            </HeartRateBpm>
            <Cadence>78</Cadence>
            <Extensions>
              <ext:TPX>
                <ext:Watts>82</ext:Watts>
              </ext:TPX>
            </Extensions>
          </Trackpoint>
          <Trackpoint>
            <Time>2026-09-07T19:11:17.000Z</Time>
            <HeartRateBpm>
              <Value>105</Value>
            </HeartRateBpm>
            <Cadence>78</Cadence>
            <Extensions>
              <ext:TPX>
                <ext:Watts>84</ext:Watts>
              </ext:TPX>
            </Extensions>
          </Trackpoint>
          <Trackpoint>
            <Time>2026-09-07T19:11:18.000Z</Time>
            <HeartRateBpm>
              <Value>105</Value>
            </HeartRateBpm>
            <Cadence>78</Cadence>
            <Extensions>
              <ext:TPX>
                <ext:Watts>84</ext:Watts>
              </ext:TPX>
            </Extensions>
          </Trackpoint>
          <Trackpoint>
            <Time>2026-09-07T19:11:19.000Z</Time>
            <HeartRateBpm>
              <Value>106</Value>
            </HeartRateBpm>
            <Cadence>78</Cadence>
            <Extensions>
              <ext:TPX>
                <ext:Watts>84</ext:Watts>
              </ext:TPX>
            </Extensions>
          </Trackpoint>
          <Trackpoint>
            <Time>2026-09-07T19:11:20.000Z</Time>
            <HeartRateBpm>
              <Value>106</Value>
            </HeartRateBpm>
            <Cadence>78</Cadence>
            <Extensions>
              <ext:TPX>
                <ext:Watts>84</ext:Watts>
              </ext:TPX>
            </Extensions>
          </Trackpoint>
          <Trackpoint>
            <Time>2026-09-07T19:11:21.000Z</Time>
            <HeartRateBpm>
              <Value>106</Value>
            </HeartRateBpm>
            <Cadence>79</Cadence>
            <Extensions>
              <ext:TPX>
                <ext:Watts>84</ext:Watts>
              </ext:TPX>
            </Extensions>
          </Trackpoint>
          <Trackpoint>
            <Time>2026-09-07T19:11:22.000Z</Time>
            <HeartRateBpm>
              <Value>105</Value>
            </HeartRateBpm>
            <Cadence>79</Cadence>
            <Extensions>
              <ext:TPX>
                <ext:Watts>82</ext:Watts>
              </ext:TPX>
            </Extensions>
          </Trackpoint>
          <Trackpoint>
            <Time>2026-09-07T19:11:23.000Z</Time>
            <HeartRateBpm>
              <Value>107</Value>
            </HeartRateBpm>
            <Cadence>78</Cadence>
            <Extensions>
              <ext:TPX>
                <ext:Watts>83</ext:Watts>
              </ext:TPX>
            </Extensions>
          </Trackpoint>
          <Trackpoint>
            <Time>2026-09-07T19:11:24.000Z</Time>
            <HeartRateBpm>
              <Value>108</Value>
            </HeartRateBpm>
            <Cadence>76</Cadence>
            <Extensions>
              <ext:TPX>
                <ext:Watts>83</ext:Watts>
              </ext:TPX>
            </Extensions>
          </Trackpoint>
          <Trackpoint>
            <Time>2026-09-07T19:11:25.000Z</Time>
            <HeartRateBpm>
              <Value>109</Value>
            </HeartRateBpm>
            <Cadence>76</Cadence>
            <Extensions>
              <ext:TPX>
                <ext:Watts>81</ext:Watts>
              </ext:TPX>
            </Extensions>
          </Trackpoint>
          <Trackpoint>
            <Time>2026-09-07T19:11:26.000Z</Time>
            <HeartRateBpm>
              <Value>109</Value>
            </HeartRateBpm>
            <Cadence>76</Cadence>
            <Extensions>
              <ext:TPX>
                <ext:Watts>81</ext:Watts>
              </ext:TPX>
            </Extensions>
          </Trackpoint>
          <Trackpoint>
            <Time>2026-09-07T19:11:27.000Z</Time>
            <HeartRateBpm>
              <Value>109</Value>
            </HeartRateBpm>
            <Cadence>76</Cadence>
            <Extensions>
              <ext:TPX>
                <ext:Watts>80</ext:Watts>
              </ext:TPX>
            </Extensions>
          </Trackpoint>
          <Trackpoint>
            <Time>2026-09-07T19:11:28.000Z</Time>
            <HeartRateBpm>
              <Value>108</Value>
            </HeartRateBpm>
            <Cadence>76</Cadence>
            <Extensions>
              <ext:TPX>
                <ext:Watts>81</ext:Watts>
              </ext:TPX>
            </Extensions>
          </Trackpoint>
          <Trackpoint>
            <Time>2026-09-07T19:11:29.000Z</Time>
            <HeartRateBpm>
              <Value>107</Value>
            </HeartRateBpm>
            <Cadence>80</Cadence>
            <Extensions>
              <ext:TPX>
                <ext:Watts>83</ext:Watts>
              </ext:TPX>
            </Extensions>
          </Trackpoint>
          <Trackpoint>
            <Time>2026-09-07T19:11:30.000Z</Time>
            <HeartRateBpm>
              <Value>107</Value>
            </HeartRateBpm>
            <Cadence>80</Cadence>
            <Extensions>
              <ext:TPX>
                <ext:Watts>83</ext:Watts>
              </ext:TPX>
            </Extensions>
          </Trackpoint>
          <Trackpoint>
            <Time>2026-09-07T19:11:31.000Z</Time>
            <HeartRateBpm>
              <Value>107</Value>
            </HeartRateBpm>
            <Cadence>75</Cadence>
            <Extensions>
              <ext:TPX>
                <ext:Watts>79</ext:Watts>
              </ext:TPX>
            </Extensions>
          </Trackpoint>
          <Trackpoint>
            <Time>2026-09-07T19:11:32.000Z</Time>
            <HeartRateBpm>
              <Value>106</Value>
            </HeartRateBpm>
            <Cadence>75</Cadence>
            <Extensions>
              <ext:TPX>
                <ext:Watts>79</ext:Watts>
              </ext:TPX>
            </Extensions>
          </Trackpoint>
          <Trackpoint>
            <Time>2026-09-07T19:11:33.000Z</Time>
            <HeartRateBpm>
              <Value>107</Value>
            </HeartRateBpm>
            <Cadence>75</Cadence>
            <Extensions>
              <ext:TPX>
                <ext:Watts>79</ext:Watts>
              </ext:TPX>
            </Extensions>
          </Trackpoint>
          <Trackpoint>
            <Time>2026-09-07T19:11:34.000Z</Time>
            <HeartRateBpm>
              <Value>107</Value>
            </HeartRateBpm>
            <Cadence>75</Cadence>
            <Extensions>
              <ext:TPX>
                <ext:Watts>79</ext:Watts>
              </ext:TPX>
            </Extensions>
          </Trackpoint>
          <Trackpoint>
            <Time>2026-09-07T19:11:35.000Z</Time>
            <HeartRateBpm>
              <Value>108</Value>
            </HeartRateBpm>
            <Cadence>76</Cadence>
            <Extensions>
              <ext:TPX>
                <ext:Watts>79</ext:Watts>
              </ext:TPX>
            </Extensions>
          </Trackpoint>
          <Trackpoint>
            <Time>2026-09-07T19:11:36.000Z</Time>
            <HeartRateBpm>
              <Value>109</Value>
            </HeartRateBpm>
            <Cadence>76</Cadence>
            <Extensions>
              <ext:TPX>
                <ext:Watts>79</ext:Watts>
              </ext:TPX>
            </Extensions>
          </Trackpoint>
          <Trackpoint>
            <Time>2026-09-07T19:11:37.000Z</Time>
            <HeartRateBpm>
              <Value>110</Value>
            </HeartRateBpm>
            <Cadence>76</Cadence>
            <Extensions>
              <ext:TPX>
                <ext:Watts>84</ext:Watts>
              </ext:TPX>
            </Extensions>
          </Trackpoint>
          <Trackpoint>
            <Time>2026-09-07T19:11:38.000Z</Time>
            <HeartRateBpm>
              <Value>110</Value>
            </HeartRateBpm>
            <Cadence>76</Cadence>
            <Extensions>
              <ext:TPX>
                <ext:Watts>84</ext:Watts>
              </ext:TPX>
            </Extensions>
          </Trackpoint>
          <Trackpoint>
            <Time>2026-09-07T19:11:39.000Z</Time>
            <HeartRateBpm>
              <Value>111</Value>
            </HeartRateBpm>
            <Cadence>78</Cadence>
            <Extensions>
              <ext:TPX>
                <ext:Watts>84</ext:Watts>
              </ext:TPX>
            </Extensions>
          </Trackpoint>
          <Trackpoint>
            <Time>2026-09-07T19:11:40.000Z</Time>
            <HeartRateBpm>
              <Value>111</Value>
            </HeartRateBpm>
            <Cadence>78</Cadence>
            <Extensions>
              <ext:TPX>
                <ext:Watts>84</ext:Watts>
              </ext:TPX>
            </Extensions>
          </Trackpoint>
          <Trackpoint>
            <Time>2026-09-07T19:11:41.000Z</Time>
            <HeartRateBpm>
              <Value>110</Value>
            </HeartRateBpm>
            <Cadence>79</Cadence>
            <Extensions>
              <ext:TPX>
                <ext:Watts>84</ext:Watts>
              </ext:TPX>
            </Extensions>
          </Trackpoint>
          <Trackpoint>
            <Time>2026-09-07T19:11:42.000Z</Time>
            <HeartRateBpm>
              <Value>110</Value>
            </HeartRateBpm>
            <Cadence>79</Cadence>
            <Extensions>
              <ext:TPX>
                <ext:Watts>84</ext:Watts>
              </ext:TPX>
            </Extensions>
          </Trackpoint>
          <Trackpoint>
            <Time>2026-09-07T19:11:43.000Z</Time>
            <HeartRateBpm>
              <Value>110</Value>
            </HeartRateBpm>
            <Cadence>78</Cadence>
            <Extensions>
              <ext:TPX>
                <ext:Watts>83</ext:Watts>
              </ext:TPX>
            </Extensions>
          </Trackpoint>
          <Trackpoint>
            <Time>2026-09-07T19:11:44.000Z</Time>
            <HeartRateBpm>
              <Value>109</Value>
            </HeartRateBpm>
            <Cadence>78</Cadence>
            <Extensions>
              <ext:TPX>
                <ext:Watts>83</ext:Watts>
              </ext:TPX>
            </Extensions>
          </Trackpoint>
          <Trackpoint>
            <Time>2026-09-07T19:11:45.000Z</Time>
            <HeartRateBpm>
              <Value>109</Value>
            </HeartRateBpm>
            <Cadence>75</Cadence>
            <Extensions>
              <ext:TPX>
                <ext:Watts>83</ext:Watts>
              </ext:TPX>
            </Extensions>
          </Trackpoint>
          <Trackpoint>
            <Time>2026-09-07T19:11:46.000Z</Time>
            <HeartRateBpm>
              <Value>108</Value>
            </HeartRateBpm>
            <Cadence>75</Cadence>
            <Extensions>
              <ext:TPX>
                <ext:Watts>83</ext:Watts>
              </ext:TPX>
            </Extensions>
          </Trackpoint>
          <Trackpoint>
            <Time>2026-09-07T19:11:47.000Z</Time>
            <HeartRateBpm>
              <Value>108</Value>
            </HeartRateBpm>
            <Cadence>64</Cadence>
            <Extensions>
              <ext:TPX>
                <ext:Watts>84</ext:Watts>
              </ext:TPX>
            </Extensions>
          </Trackpoint>
          <Trackpoint>
            <Time>2026-09-07T19:11:48.000Z</Time>
            <HeartRateBpm>
              <Value>107</Value>
            </HeartRateBpm>
            <Cadence>80</Cadence>
            <Extensions>
              <ext:TPX>
                <ext:Watts>84</ext:Watts>
              </ext:TPX>
            </Extensions>
          </Trackpoint>
          <Trackpoint>
            <Time>2026-09-07T19:11:49.000Z</Time>
            <HeartRateBpm>
              <Value>107</Value>
            </HeartRateBpm>
            <Cadence>79</Cadence>
            <Extensions>
              <ext:TPX>
                <ext:Watts>84</ext:Watts>
              </ext:TPX>
            </Extensions>
          </Trackpoint>
          <Trackpoint>
            <Time>2026-09-07T19:11:50.000Z</Time>
            <HeartRateBpm>
              <Value>107</Value>
            </HeartRateBpm>
            <Cadence>79</Cadence>
            <Extensions>
              <ext:TPX>
                <ext:Watts>84</ext:Watts>
              </ext:TPX>
            </Extensions>
          </Trackpoint>
          <Trackpoint>
            <Time>2026-09-07T19:11:51.000Z</Time>
            <HeartRateBpm>
              <Value>107</Value>
            </HeartRateBpm>
            <Cadence>77</Cadence>
            <Extensions>
              <ext:TPX>
                <ext:Watts>84</ext:Watts>
              </ext:TPX>
            </Extensions>
          </Trackpoint>
          <Trackpoint>
            <Time>2026-09-07T19:11:52.000Z</Time>
            <HeartRateBpm>
              <Value>107</Value>
            </HeartRateBpm>
            <Cadence>77</Cadence>
            <Extensions>
              <ext:TPX>
                <ext:Watts>84</ext:Watts>
              </ext:TPX>
            </Extensions>
          </Trackpoint>
          <Trackpoint>
            <Time>2026-09-07T19:11:53.000Z</Time>
            <HeartRateBpm>
              <Value>107</Value>
            </HeartRateBpm>
            <Cadence>78</Cadence>
            <Extensions>
              <ext:TPX>
                <ext:Watts>83</ext:Watts>
              </ext:TPX>
            </Extensions>
          </Trackpoint>
          <Trackpoint>
            <Time>2026-09-07T19:11:54.000Z</Time>
            <HeartRateBpm>
              <Value>107</Value>
            </HeartRateBpm>
            <Cadence>77</Cadence>
            <Extensions>
              <ext:TPX>
                <ext:Watts>81</ext:Watts>
              </ext:TPX>
            </Extensions>
          </Trackpoint>
          <Trackpoint>
            <Time>2026-09-07T19:11:55.000Z</Time>
            <HeartRateBpm>
              <Value>107</Value>
            </HeartRateBpm>
            <Cadence>75</Cadence>
            <Extensions>
              <ext:TPX>
                <ext:Watts>81</ext:Watts>
              </ext:TPX>
            </Extensions>
          </Trackpoint>
          <Trackpoint>
            <Time>2026-09-07T19:11:56.000Z</Time>
            <HeartRateBpm>
              <Value>107</Value>
            </HeartRateBpm>
            <Cadence>75</Cadence>
            <Extensions>
              <ext:TPX>
                <ext:Watts>81</ext:Watts>
              </ext:TPX>
            </Extensions>
          </Trackpoint>
          <Trackpoint>
            <Time>2026-09-07T19:11:57.000Z</Time>
            <HeartRateBpm>
              <Value>107</Value>
            </HeartRateBpm>
            <Cadence>78</Cadence>
            <Extensions>
              <ext:TPX>
                <ext:Watts>81</ext:Watts>
              </ext:TPX>
            </Extensions>
          </Trackpoint>
          <Trackpoint>
            <Time>2026-09-07T19:11:58.000Z</Time>
            <HeartRateBpm>
              <Value>108</Value>
            </HeartRateBpm>
            <Cadence>76</Cadence>
            <Extensions>
              <ext:TPX>
                <ext:Watts>84</ext:Watts>
              </ext:TPX>
            </Extensions>
          </Trackpoint>
          <Trackpoint>
            <Time>2026-09-07T19:11:59.000Z</Time>
            <HeartRateBpm>
              <Value>108</Value>
            </HeartRateBpm>
            <Cadence>79</Cadence>
            <Extensions>
              <ext:TPX>
                <ext:Watts>82</ext:Watts>
              </ext:TPX>
            </Extensions>
          </Trackpoint>
          <Trackpoint>
            <Time>2026-09-07T19:12:00.000Z</Time>
            <HeartRateBpm>
              <Value>108</Value>
            </HeartRateBpm>
            <Cadence>80</Cadence>
            <Extensions>
              <ext:TPX>
                <ext:Watts>85</ext:Watts>
              </ext:TPX>
            </Extensions>
          </Trackpoint>
          <Trackpoint>
            <Time>2026-09-07T19:12:01.000Z</Time>
            <HeartRateBpm>
              <Value>108</Value>
            </HeartRateBpm>
            <Cadence>81</Cadence>
            <Extensions>
              <ext:TPX>
                <ext:Watts>84</ext:Watts>
              </ext:TPX>
            </Extensions>
          </Trackpoint>
          <Trackpoint>
            <Time>2026-09-07T19:12:02.000Z</Time>
            <HeartRateBpm>
              <Value>110</Value>
            </HeartRateBpm>
            <Cadence>81</Cadence>
            <Extensions>
              <ext:TPX>
                <ext:Watts>84</ext:Watts>
              </ext:TPX>
            </Extensions>
          </Trackpoint>
          <Trackpoint>
            <Time>2026-09-07T19:12:03.000Z</Time>
            <HeartRateBpm>
              <Value>113</Value>
            </HeartRateBpm>
            <Cadence>78</Cadence>
            <Extensions>
              <ext:TPX>
                <ext:Watts>84</ext:Watts>
              </ext:TPX>
            </Extensions>
          </Trackpoint>
          <Trackpoint>
            <Time>2026-09-07T19:12:04.000Z</Time>
            <HeartRateBpm>
              <Value>114</Value>
            </HeartRateBpm>
            <Cadence>79</Cadence>
            <Extensions>
              <ext:TPX>
                <ext:Watts>83</ext:Watts>
              </ext:TPX>
            </Extensions>
          </Trackpoint>
          <Trackpoint>
            <Time>2026-09-07T19:12:05.000Z</Time>
            <HeartRateBpm>
              <Value>114</Value>
            </HeartRateBpm>
            <Cadence>78</Cadence>
            <Extensions>
              <ext:TPX>
                <ext:Watts>83</ext:Watts>
              </ext:TPX>
            </Extensions>
          </Trackpoint>
          <Trackpoint>
            <Time>2026-09-07T19:12:06.000Z</Time>
            <HeartRateBpm>
              <Value>113</Value>
            </HeartRateBpm>
            <Cadence>78</Cadence>
            <Extensions>
              <ext:TPX>
                <ext:Watts>82</ext:Watts>
              </ext:TPX>
            </Extensions>
          </Trackpoint>
          <Trackpoint>
            <Time>2026-09-07T19:12:07.000Z</Time>
            <HeartRateBpm>
              <Value>113</Value>
            </HeartRateBpm>
            <Cadence>76</Cadence>
            <Extensions>
              <ext:TPX>
                <ext:Watts>84</ext:Watts>
              </ext:TPX>
            </Extensions>
          </Trackpoint>
          <Trackpoint>
            <Time>2026-09-07T19:12:08.000Z</Time>
            <HeartRateBpm>
              <Value>114</Value>
            </HeartRateBpm>
            <Cadence>76</Cadence>
            <Extensions>
              <ext:TPX>
                <ext:Watts>84</ext:Watts>
              </ext:TPX>
            </Extensions>
          </Trackpoint>
          <Trackpoint>
            <Time>2026-09-07T19:12:09.000Z</Time>
            <HeartRateBpm>
              <Value>114</Value>
            </HeartRateBpm>
            <Cadence>81</Cadence>
            <Extensions>
              <ext:TPX>
                <ext:Watts>84</ext:Watts>
              </ext:TPX>
            </Extensions>
          </Trackpoint>
          <Trackpoint>
            <Time>2026-09-07T19:12:10.000Z</Time>
            <HeartRateBpm>
              <Value>114</Value>
            </HeartRateBpm>
            <Cadence>79</Cadence>
            <Extensions>
              <ext:TPX>
                <ext:Watts>84</ext:Watts>
              </ext:TPX>
            </Extensions>
          </Trackpoint>
          <Trackpoint>
            <Time>2026-09-07T19:12:11.000Z</Time>
            <HeartRateBpm>
              <Value>114</Value>
            </HeartRateBpm>
            <Cadence>77</Cadence>
            <Extensions>
              <ext:TPX>
                <ext:Watts>82</ext:Watts>
              </ext:TPX>
            </Extensions>
          </Trackpoint>
          <Trackpoint>
            <Time>2026-09-07T19:12:12.000Z</Time>
            <HeartRateBpm>
              <Value>114</Value>
            </HeartRateBpm>
            <Cadence>75</Cadence>
            <Extensions>
              <ext:TPX>
                <ext:Watts>81</ext:Watts>
              </ext:TPX>
            </Extensions>
          </Trackpoint>
          <Trackpoint>
            <Time>2026-09-07T19:12:13.000Z</Time>
            <HeartRateBpm>
              <Value>114</Value>
            </HeartRateBpm>
            <Cadence>79</Cadence>
            <Extensions>
              <ext:TPX>
                <ext:Watts>81</ext:Watts>
              </ext:TPX>
            </Extensions>
          </Trackpoint>
          <Trackpoint>
            <Time>2026-09-07T19:12:14.000Z</Time>
            <HeartRateBpm>
              <Value>115</Value>
            </HeartRateBpm>
            <Cadence>79</Cadence>
            <Extensions>
              <ext:TPX>
                <ext:Watts>81</ext:Watts>
              </ext:TPX>
            </Extensions>
          </Trackpoint>
          <Trackpoint>
            <Time>2026-09-07T19:12:15.000Z</Time>
            <HeartRateBpm>
              <Value>116</Value>
            </HeartRateBpm>
            <Cadence>79</Cadence>
            <Extensions>
              <ext:TPX>
                <ext:Watts>81</ext:Watts>
              </ext:TPX>
            </Extensions>
          </Trackpoint>
          <Trackpoint>
            <Time>2026-09-07T19:12:16.000Z</Time>
            <HeartRateBpm>
              <Value>116</Value>
            </HeartRateBpm>
            <Cadence>75</Cadence>
            <Extensions>
              <ext:TPX>
                <ext:Watts>83</ext:Watts>
              </ext:TPX>
            </Extensions>
          </Trackpoint>
          <Trackpoint>
            <Time>2026-09-07T19:12:17.000Z</Time>
            <HeartRateBpm>
              <Value>116</Value>
            </HeartRateBpm>
            <Cadence>75</Cadence>
            <Extensions>
              <ext:TPX>
                <ext:Watts>83</ext:Watts>
              </ext:TPX>
            </Extensions>
          </Trackpoint>
          <Trackpoint>
            <Time>2026-09-07T19:12:18.000Z</Time>
            <HeartRateBpm>
              <Value>117</Value>
            </HeartRateBpm>
            <Cadence>81</Cadence>
            <Extensions>
              <ext:TPX>
                <ext:Watts>81</ext:Watts>
              </ext:TPX>
            </Extensions>
          </Trackpoint>
          <Trackpoint>
            <Time>2026-09-07T19:12:19.000Z</Time>
            <HeartRateBpm>
              <Value>116</Value>
            </HeartRateBpm>
            <Cadence>75</Cadence>
            <Extensions>
              <ext:TPX>
                <ext:Watts>81</ext:Watts>
              </ext:TPX>
            </Extensions>
          </Trackpoint>
          <Trackpoint>
            <Time>2026-09-07T19:12:20.000Z</Time>
            <HeartRateBpm>
              <Value>117</Value>
            </HeartRateBpm>
            <Cadence>75</Cadence>
            <Extensions>
              <ext:TPX>
                <ext:Watts>81</ext:Watts>
              </ext:TPX>
            </Extensions>
          </Trackpoint>
          <Trackpoint>
            <Time>2026-09-07T19:12:21.000Z</Time>
            <HeartRateBpm>
              <Value>117</Value>
            </HeartRateBpm>
            <Cadence>76</Cadence>
            <Extensions>
              <ext:TPX>
                <ext:Watts>80</ext:Watts>
              </ext:TPX>
            </Extensions>
          </Trackpoint>
          <Trackpoint>
            <Time>2026-09-07T19:12:22.000Z</Time>
            <HeartRateBpm>
              <Value>117</Value>
            </HeartRateBpm>
            <Cadence>75</Cadence>
            <Extensions>
              <ext:TPX>
                <ext:Watts>83</ext:Watts>
              </ext:TPX>
            </Extensions>
          </Trackpoint>
          <Trackpoint>
            <Time>2026-09-07T19:12:23.000Z</Time>
            <HeartRateBpm>
              <Value>118</Value>
            </HeartRateBpm>
            <Cadence>79</Cadence>
            <Extensions>
              <ext:TPX>
                <ext:Watts>82</ext:Watts>
              </ext:TPX>
            </Extensions>
          </Trackpoint>
          <Trackpoint>
            <Time>2026-09-07T19:12:24.000Z</Time>
            <HeartRateBpm>
              <Value>118</Value>
            </HeartRateBpm>
            <Cadence>82</Cadence>
            <Extensions>
              <ext:TPX>
                <ext:Watts>86</ext:Watts>
              </ext:TPX>
            </Extensions>
          </Trackpoint>
          <Trackpoint>
            <Time>2026-09-07T19:12:25.000Z</Time>
            <HeartRateBpm>
              <Value>118</Value>
            </HeartRateBpm>
            <Cadence>82</Cadence>
            <Extensions>
              <ext:TPX>
                <ext:Watts>86</ext:Watts>
              </ext:TPX>
            </Extensions>
          </Trackpoint>
          <Trackpoint>
            <Time>2026-09-07T19:12:26.000Z</Time>
            <HeartRateBpm>
              <Value>119</Value>
            </HeartRateBpm>
            <Cadence>82</Cadence>
            <Extensions>
              <ext:TPX>
                <ext:Watts>86</ext:Watts>
              </ext:TPX>
            </Extensions>
          </Trackpoint>
          <Trackpoint>
            <Time>2026-09-07T19:12:27.000Z</Time>
            <HeartRateBpm>
              <Value>119</Value>
            </HeartRateBpm>
            <Cadence>81</Cadence>
            <Extensions>
              <ext:TPX>
                <ext:Watts>85</ext:Watts>
              </ext:TPX>
            </Extensions>
          </Trackpoint>
          <Trackpoint>
            <Time>2026-09-07T19:12:28.000Z</Time>
            <HeartRateBpm>
              <Value>118</Value>
            </HeartRateBpm>
            <Cadence>83</Cadence>
            <Extensions>
              <ext:TPX>
                <ext:Watts>86</ext:Watts>
              </ext:TPX>
            </Extensions>
          </Trackpoint>
          <Trackpoint>
            <Time>2026-09-07T19:12:29.000Z</Time>
            <HeartRateBpm>
              <Value>119</Value>
            </HeartRateBpm>
            <Cadence>79</Cadence>
            <Extensions>
              <ext:TPX>
                <ext:Watts>83</ext:Watts>
              </ext:TPX>
            </Extensions>
          </Trackpoint>
          <Trackpoint>
            <Time>2026-09-07T19:12:30.000Z</Time>
            <HeartRateBpm>
              <Value>119</Value>
            </HeartRateBpm>
            <Cadence>80</Cadence>
            <Extensions>
              <ext:TPX>
                <ext:Watts>85</ext:Watts>
              </ext:TPX>
            </Extensions>
          </Trackpoint>
          <Trackpoint>
            <Time>2026-09-07T19:12:31.000Z</Time>
            <HeartRateBpm>
              <Value>118</Value>
            </HeartRateBpm>
            <Cadence>77</Cadence>
            <Extensions>
              <ext:TPX>
                <ext:Watts>83</ext:Watts>
              </ext:TPX>
            </Extensions>
          </Trackpoint>
          <Trackpoint>
            <Time>2026-09-07T19:12:32.000Z</Time>
            <HeartRateBpm>
              <Value>119</Value>
            </HeartRateBpm>
            <Cadence>77</Cadence>
            <Extensions>
              <ext:TPX>
                <ext:Watts>83</ext:Watts>
              </ext:TPX>
            </Extensions>
          </Trackpoint>
          <Trackpoint>
            <Time>2026-09-07T19:12:33.000Z</Time>
            <HeartRateBpm>
              <Value>119</Value>
            </HeartRateBpm>
            <Cadence>81</Cadence>
            <Extensions>
              <ext:TPX>
                <ext:Watts>83</ext:Watts>
              </ext:TPX>
            </Extensions>
          </Trackpoint>
          <Trackpoint>
            <Time>2026-09-07T19:12:34.000Z</Time>
            <HeartRateBpm>
              <Value>118</Value>
            </HeartRateBpm>
            <Cadence>81</Cadence>
            <Extensions>
              <ext:TPX>
                <ext:Watts>83</ext:Watts>
              </ext:TPX>
            </Extensions>
          </Trackpoint>
          <Trackpoint>
            <Time>2026-09-07T19:12:35.000Z</Time>
            <HeartRateBpm>
              <Value>118</Value>
            </HeartRateBpm>
            <Cadence>81</Cadence>
            <Extensions>
              <ext:TPX>
                <ext:Watts>83</ext:Watts>
              </ext:TPX>
            </Extensions>
          </Trackpoint>
          <Trackpoint>
            <Time>2026-09-07T19:12:36.000Z</Time>
            <HeartRateBpm>
              <Value>118</Value>
            </HeartRateBpm>
            <Cadence>77</Cadence>
            <Extensions>
              <ext:TPX>
                <ext:Watts>83</ext:Watts>
              </ext:TPX>
            </Extensions>
          </Trackpoint>
          <Trackpoint>
            <Time>2026-09-07T19:12:37.000Z</Time>
            <HeartRateBpm>
              <Value>118</Value>
            </HeartRateBpm>
            <Cadence>78</Cadence>
            <Extensions>
              <ext:TPX>
                <ext:Watts>83</ext:Watts>
              </ext:TPX>
            </Extensions>
          </Trackpoint>
          <Trackpoint>
            <Time>2026-09-07T19:12:38.000Z</Time>
            <HeartRateBpm>
              <Value>118</Value>
            </HeartRateBpm>
            <Cadence>78</Cadence>
            <Extensions>
              <ext:TPX>
                <ext:Watts>83</ext:Watts>
              </ext:TPX>
            </Extensions>
          </Trackpoint>
          <Trackpoint>
            <Time>2026-09-07T19:12:39.000Z</Time>
            <HeartRateBpm>
              <Value>118</Value>
            </HeartRateBpm>
            <Cadence>78</Cadence>
            <Extensions>
              <ext:TPX>
                <ext:Watts>83</ext:Watts>
              </ext:TPX>
            </Extensions>
          </Trackpoint>
          <Trackpoint>
            <Time>2026-09-07T19:12:40.000Z</Time>
            <HeartRateBpm>
              <Value>117</Value>
            </HeartRateBpm>
            <Cadence>80</Cadence>
            <Extensions>
              <ext:TPX>
                <ext:Watts>84</ext:Watts>
              </ext:TPX>
            </Extensions>
          </Trackpoint>
          <Trackpoint>
            <Time>2026-09-07T19:12:41.000Z</Time>
            <HeartRateBpm>
              <Value>117</Value>
            </HeartRateBpm>
            <Cadence>80</Cadence>
            <Extensions>
              <ext:TPX>
                <ext:Watts>84</ext:Watts>
              </ext:TPX>
            </Extensions>
          </Trackpoint>
          <Trackpoint>
            <Time>2026-09-07T19:12:42.000Z</Time>
            <HeartRateBpm>
              <Value>117</Value>
            </HeartRateBpm>
            <Cadence>80</Cadence>
            <Extensions>
              <ext:TPX>
                <ext:Watts>83</ext:Watts>
              </ext:TPX>
            </Extensions>
          </Trackpoint>
          <Trackpoint>
            <Time>2026-09-07T19:12:43.000Z</Time>
            <HeartRateBpm>
              <Value>117</Value>
            </HeartRateBpm>
            <Cadence>76</Cadence>
            <Extensions>
              <ext:TPX>
                <ext:Watts>83</ext:Watts>
              </ext:TPX>
            </Extensions>
          </Trackpoint>
          <Trackpoint>
            <Time>2026-09-07T19:12:44.000Z</Time>
            <HeartRateBpm>
              <Value>117</Value>
            </HeartRateBpm>
            <Cadence>76</Cadence>
            <Extensions>
              <ext:TPX>
                <ext:Watts>83</ext:Watts>
              </ext:TPX>
            </Extensions>
          </Trackpoint>
          <Trackpoint>
            <Time>2026-09-07T19:12:45.000Z</Time>
            <HeartRateBpm>
              <Value>116</Value>
            </HeartRateBpm>
            <Cadence>76</Cadence>
            <Extensions>
              <ext:TPX>
                <ext:Watts>83</ext:Watts>
              </ext:TPX>
            </Extensions>
          </Trackpoint>
          <Trackpoint>
            <Time>2026-09-07T19:12:46.000Z</Time>
            <HeartRateBpm>
              <Value>115</Value>
            </HeartRateBpm>
            <Cadence>77</Cadence>
            <Extensions>
              <ext:TPX>
                <ext:Watts>85</ext:Watts>
              </ext:TPX>
            </Extensions>
          </Trackpoint>
          <Trackpoint>
            <Time>2026-09-07T19:12:47.000Z</Time>
            <HeartRateBpm>
              <Value>115</Value>
            </HeartRateBpm>
            <Cadence>80</Cadence>
            <Extensions>
              <ext:TPX>
                <ext:Watts>85</ext:Watts>
              </ext:TPX>
            </Extensions>
          </Trackpoint>
          <Trackpoint>
            <Time>2026-09-07T19:12:48.000Z</Time>
            <HeartRateBpm>
              <Value>115</Value>
            </HeartRateBpm>
            <Cadence>80</Cadence>
            <Extensions>
              <ext:TPX>
                <ext:Watts>85</ext:Watts>
              </ext:TPX>
            </Extensions>
          </Trackpoint>
          <Trackpoint>
            <Time>2026-09-07T19:12:49.000Z</Time>
            <HeartRateBpm>
              <Value>114</Value>
            </HeartRateBpm>
            <Cadence>80</Cadence>
            <Extensions>
              <ext:TPX>
                <ext:Watts>84</ext:Watts>
              </ext:TPX>
            </Extensions>
          </Trackpoint>
          <Trackpoint>
            <Time>2026-09-07T19:12:50.000Z</Time>
            <HeartRateBpm>
              <Value>114</Value>
            </HeartRateBpm>
            <Cadence>80</Cadence>
            <Extensions>
              <ext:TPX>
                <ext:Watts>84</ext:Watts>
              </ext:TPX>
            </Extensions>
          </Trackpoint>
          <Trackpoint>
            <Time>2026-09-07T19:12:51.000Z</Time>
            <HeartRateBpm>
              <Value>111</Value>
            </HeartRateBpm>
            <Cadence>78</Cadence>
            <Extensions>
              <ext:TPX>
                <ext:Watts>86</ext:Watts>
              </ext:TPX>
            </Extensions>
          </Trackpoint>
          <Trackpoint>
            <Time>2026-09-07T19:12:52.000Z</Time>
            <HeartRateBpm>
              <Value>110</Value>
            </HeartRateBpm>
            <Cadence>79</Cadence>
            <Extensions>
              <ext:TPX>
                <ext:Watts>86</ext:Watts>
              </ext:TPX>
            </Extensions>
          </Trackpoint>
          <Trackpoint>
            <Time>2026-09-07T19:12:53.000Z</Time>
            <HeartRateBpm>
              <Value>109</Value>
            </HeartRateBpm>
            <Cadence>79</Cadence>
            <Extensions>
              <ext:TPX>
                <ext:Watts>84</ext:Watts>
              </ext:TPX>
            </Extensions>
          </Trackpoint>
          <Trackpoint>
            <Time>2026-09-07T19:12:54.000Z</Time>
            <HeartRateBpm>
              <Value>108</Value>
            </HeartRateBpm>
            <Cadence>77</Cadence>
            <Extensions>
              <ext:TPX>
                <ext:Watts>84</ext:Watts>
              </ext:TPX>
            </Extensions>
          </Trackpoint>
          <Trackpoint>
            <Time>2026-09-07T19:12:55.000Z</Time>
            <HeartRateBpm>
              <Value>107</Value>
            </HeartRateBpm>
            <Cadence>77</Cadence>
            <Extensions>
              <ext:TPX>
                <ext:Watts>84</ext:Watts>
              </ext:TPX>
            </Extensions>
          </Trackpoint>
          <Trackpoint>
            <Time>2026-09-07T19:12:56.000Z</Time>
            <HeartRateBpm>
              <Value>107</Value>
            </HeartRateBpm>
            <Cadence>77</Cadence>
            <Extensions>
              <ext:TPX>
                <ext:Watts>84</ext:Watts>
              </ext:TPX>
            </Extensions>
          </Trackpoint>
          <Trackpoint>
            <Time>2026-09-07T19:12:57.000Z</Time>
            <HeartRateBpm>
              <Value>107</Value>
            </HeartRateBpm>
            <Cadence>78</Cadence>
            <Extensions>
              <ext:TPX>
                <ext:Watts>85</ext:Watts>
              </ext:TPX>
            </Extensions>
          </Trackpoint>
          <Trackpoint>
            <Time>2026-09-07T19:12:58.000Z</Time>
            <HeartRateBpm>
              <Value>107</Value>
            </HeartRateBpm>
            <Cadence>81</Cadence>
            <Extensions>
              <ext:TPX>
                <ext:Watts>83</ext:Watts>
              </ext:TPX>
            </Extensions>
          </Trackpoint>
          <Trackpoint>
            <Time>2026-09-07T19:12:59.000Z</Time>
            <HeartRateBpm>
              <Value>106</Value>
            </HeartRateBpm>
            <Cadence>78</Cadence>
            <Extensions>
              <ext:TPX>
                <ext:Watts>83</ext:Watts>
              </ext:TPX>
            </Extensions>
          </Trackpoint>
          <Trackpoint>
            <Time>2026-09-07T19:13:00.000Z</Time>
            <HeartRateBpm>
              <Value>106</Value>
            </HeartRateBpm>
            <Cadence>78</Cadence>
            <Extensions>
              <ext:TPX>
                <ext:Watts>83</ext:Watts>
              </ext:TPX>
            </Extensions>
          </Trackpoint>
          <Trackpoint>
            <Time>2026-09-07T19:13:01.000Z</Time>
            <HeartRateBpm>
              <Value>108</Value>
            </HeartRateBpm>
            <Cadence>78</Cadence>
            <Extensions>
              <ext:TPX>
                <ext:Watts>83</ext:Watts>
              </ext:TPX>
            </Extensions>
          </Trackpoint>
          <Trackpoint>
            <Time>2026-09-07T19:13:02.000Z</Time>
            <HeartRateBpm>
              <Value>111</Value>
            </HeartRateBpm>
            <Cadence>78</Cadence>
            <Extensions>
              <ext:TPX>
                <ext:Watts>83</ext:Watts>
              </ext:TPX>
            </Extensions>
          </Trackpoint>
          <Trackpoint>
            <Time>2026-09-07T19:13:03.000Z</Time>
            <HeartRateBpm>
              <Value>112</Value>
            </HeartRateBpm>
            <Cadence>79</Cadence>
            <Extensions>
              <ext:TPX>
                <ext:Watts>83</ext:Watts>
              </ext:TPX>
            </Extensions>
          </Trackpoint>
          <Trackpoint>
            <Time>2026-09-07T19:13:04.000Z</Time>
            <HeartRateBpm>
              <Value>112</Value>
            </HeartRateBpm>
            <Cadence>78</Cadence>
            <Extensions>
              <ext:TPX>
                <ext:Watts>84</ext:Watts>
              </ext:TPX>
            </Extensions>
          </Trackpoint>
          <Trackpoint>
            <Time>2026-09-07T19:13:05.000Z</Time>
            <HeartRateBpm>
              <Value>112</Value>
            </HeartRateBpm>
            <Cadence>78</Cadence>
            <Extensions>
              <ext:TPX>
                <ext:Watts>84</ext:Watts>
              </ext:TPX>
            </Extensions>
          </Trackpoint>
          <Trackpoint>
            <Time>2026-09-07T19:13:06.000Z</Time>
            <HeartRateBpm>
              <Value>112</Value>
            </HeartRateBpm>
            <Cadence>76</Cadence>
            <Extensions>
              <ext:TPX>
                <ext:Watts>84</ext:Watts>
              </ext:TPX>
            </Extensions>
          </Trackpoint>
          <Trackpoint>
            <Time>2026-09-07T19:13:07.000Z</Time>
            <HeartRateBpm>
              <Value>111</Value>
            </HeartRateBpm>
            <Cadence>79</Cadence>
            <Extensions>
              <ext:TPX>
                <ext:Watts>84</ext:Watts>
              </ext:TPX>
            </Extensions>
          </Trackpoint>
          <Trackpoint>
            <Time>2026-09-07T19:13:08.000Z</Time>
            <HeartRateBpm>
              <Value>111</Value>
            </HeartRateBpm>
            <Cadence>79</Cadence>
            <Extensions>
              <ext:TPX>
                <ext:Watts>84</ext:Watts>
              </ext:TPX>
            </Extensions>
          </Trackpoint>
          <Trackpoint>
            <Time>2026-09-07T19:13:09.000Z</Time>
            <HeartRateBpm>
              <Value>110</Value>
            </HeartRateBpm>
            <Cadence>76</Cadence>
            <Extensions>
              <ext:TPX>
                <ext:Watts>84</ext:Watts>
              </ext:TPX>
            </Extensions>
          </Trackpoint>
          <Trackpoint>
            <Time>2026-09-07T19:13:10.000Z</Time>
            <HeartRateBpm>
              <Value>110</Value>
            </HeartRateBpm>
            <Cadence>81</Cadence>
            <Extensions>
              <ext:TPX>
                <ext:Watts>84</ext:Watts>
              </ext:TPX>
            </Extensions>
          </Trackpoint>
          <Trackpoint>
            <Time>2026-09-07T19:13:11.000Z</Time>
            <HeartRateBpm>
              <Value>108</Value>
            </HeartRateBpm>
            <Cadence>77</Cadence>
            <Extensions>
              <ext:TPX>
                <ext:Watts>84</ext:Watts>
              </ext:TPX>
            </Extensions>
          </Trackpoint>
          <Trackpoint>
            <Time>2026-09-07T19:13:12.000Z</Time>
            <HeartRateBpm>
              <Value>107</Value>
            </HeartRateBpm>
            <Cadence>81</Cadence>
            <Extensions>
              <ext:TPX>
                <ext:Watts>84</ext:Watts>
              </ext:TPX>
            </Extensions>
          </Trackpoint>
          <Trackpoint>
            <Time>2026-09-07T19:13:13.000Z</Time>
            <HeartRateBpm>
              <Value>107</Value>
            </HeartRateBpm>
            <Cadence>78</Cadence>
            <Extensions>
              <ext:TPX>
                <ext:Watts>83</ext:Watts>
              </ext:TPX>
            </Extensions>
          </Trackpoint>
          <Trackpoint>
            <Time>2026-09-07T19:13:14.000Z</Time>
            <HeartRateBpm>
              <Value>106</Value>
            </HeartRateBpm>
            <Cadence>78</Cadence>
            <Extensions>
              <ext:TPX>
                <ext:Watts>83</ext:Watts>
              </ext:TPX>
            </Extensions>
          </Trackpoint>
          <Trackpoint>
            <Time>2026-09-07T19:13:15.000Z</Time>
            <HeartRateBpm>
              <Value>106</Value>
            </HeartRateBpm>
            <Cadence>75</Cadence>
            <Extensions>
              <ext:TPX>
                <ext:Watts>83</ext:Watts>
              </ext:TPX>
            </Extensions>
          </Trackpoint>
          <Trackpoint>
            <Time>2026-09-07T19:13:16.000Z</Time>
            <HeartRateBpm>
              <Value>105</Value>
            </HeartRateBpm>
            <Cadence>79</Cadence>
            <Extensions>
              <ext:TPX>
                <ext:Watts>83</ext:Watts>
              </ext:TPX>
            </Extensions>
          </Trackpoint>
          <Trackpoint>
            <Time>2026-09-07T19:13:17.000Z</Time>
            <HeartRateBpm>
              <Value>106</Value>
            </HeartRateBpm>
            <Cadence>81</Cadence>
            <Extensions>
              <ext:TPX>
                <ext:Watts>83</ext:Watts>
              </ext:TPX>
            </Extensions>
          </Trackpoint>
          <Trackpoint>
            <Time>2026-09-07T19:13:18.000Z</Time>
            <HeartRateBpm>
              <Value>107</Value>
            </HeartRateBpm>
            <Cadence>76</Cadence>
            <Extensions>
              <ext:TPX>
                <ext:Watts>83</ext:Watts>
              </ext:TPX>
            </Extensions>
          </Trackpoint>
          <Trackpoint>
            <Time>2026-09-07T19:13:19.000Z</Time>
            <HeartRateBpm>
              <Value>107</Value>
            </HeartRateBpm>
            <Cadence>76</Cadence>
            <Extensions>
              <ext:TPX>
                <ext:Watts>82</ext:Watts>
              </ext:TPX>
            </Extensions>
          </Trackpoint>
          <Trackpoint>
            <Time>2026-09-07T19:13:20.000Z</Time>
            <HeartRateBpm>
              <Value>107</Value>
            </HeartRateBpm>
            <Cadence>76</Cadence>
            <Extensions>
              <ext:TPX>
                <ext:Watts>82</ext:Watts>
              </ext:TPX>
            </Extensions>
          </Trackpoint>
          <Trackpoint>
            <Time>2026-09-07T19:13:21.000Z</Time>
            <HeartRateBpm>
              <Value>108</Value>
            </HeartRateBpm>
            <Cadence>74</Cadence>
            <Extensions>
              <ext:TPX>
                <ext:Watts>81</ext:Watts>
              </ext:TPX>
            </Extensions>
          </Trackpoint>
          <Trackpoint>
            <Time>2026-09-07T19:13:22.000Z</Time>
            <HeartRateBpm>
              <Value>108</Value>
            </HeartRateBpm>
            <Cadence>78</Cadence>
            <Extensions>
              <ext:TPX>
                <ext:Watts>83</ext:Watts>
              </ext:TPX>
            </Extensions>
          </Trackpoint>
          <Trackpoint>
            <Time>2026-09-07T19:13:23.000Z</Time>
            <HeartRateBpm>
              <Value>108</Value>
            </HeartRateBpm>
            <Cadence>77</Cadence>
            <Extensions>
              <ext:TPX>
                <ext:Watts>83</ext:Watts>
              </ext:TPX>
            </Extensions>
          </Trackpoint>
          <Trackpoint>
            <Time>2026-09-07T19:13:24.000Z</Time>
            <HeartRateBpm>
              <Value>108</Value>
            </HeartRateBpm>
            <Cadence>77</Cadence>
            <Extensions>
              <ext:TPX>
                <ext:Watts>82</ext:Watts>
              </ext:TPX>
            </Extensions>
          </Trackpoint>
          <Trackpoint>
            <Time>2026-09-07T19:13:25.000Z</Time>
            <HeartRateBpm>
              <Value>108</Value>
            </HeartRateBpm>
            <Cadence>79</Cadence>
            <Extensions>
              <ext:TPX>
                <ext:Watts>83</ext:Watts>
              </ext:TPX>
            </Extensions>
          </Trackpoint>
          <Trackpoint>
            <Time>2026-09-07T19:13:26.000Z</Time>
            <HeartRateBpm>
              <Value>109</Value>
            </HeartRateBpm>
            <Cadence>79</Cadence>
            <Extensions>
              <ext:TPX>
                <ext:Watts>83</ext:Watts>
              </ext:TPX>
            </Extensions>
          </Trackpoint>
          <Trackpoint>
            <Time>2026-09-07T19:13:27.000Z</Time>
            <HeartRateBpm>
              <Value>109</Value>
            </HeartRateBpm>
            <Cadence>77</Cadence>
            <Extensions>
              <ext:TPX>
                <ext:Watts>82</ext:Watts>
              </ext:TPX>
            </Extensions>
          </Trackpoint>
          <Trackpoint>
            <Time>2026-09-07T19:13:28.000Z</Time>
            <HeartRateBpm>
              <Value>109</Value>
            </HeartRateBpm>
            <Cadence>77</Cadence>
            <Extensions>
              <ext:TPX>
                <ext:Watts>81</ext:Watts>
              </ext:TPX>
            </Extensions>
          </Trackpoint>
          <Trackpoint>
            <Time>2026-09-07T19:13:29.000Z</Time>
            <HeartRateBpm>
              <Value>109</Value>
            </HeartRateBpm>
            <Cadence>76</Cadence>
            <Extensions>
              <ext:TPX>
                <ext:Watts>82</ext:Watts>
              </ext:TPX>
            </Extensions>
          </Trackpoint>
          <Trackpoint>
            <Time>2026-09-07T19:13:30.000Z</Time>
            <HeartRateBpm>
              <Value>109</Value>
            </HeartRateBpm>
            <Cadence>77</Cadence>
            <Extensions>
              <ext:TPX>
                <ext:Watts>82</ext:Watts>
              </ext:TPX>
            </Extensions>
          </Trackpoint>
          <Trackpoint>
            <Time>2026-09-07T19:13:31.000Z</Time>
            <HeartRateBpm>
              <Value>109</Value>
            </HeartRateBpm>
            <Cadence>77</Cadence>
            <Extensions>
              <ext:TPX>
                <ext:Watts>82</ext:Watts>
              </ext:TPX>
            </Extensions>
          </Trackpoint>
          <Trackpoint>
            <Time>2026-09-07T19:13:32.000Z</Time>
            <HeartRateBpm>
              <Value>109</Value>
            </HeartRateBpm>
            <Cadence>77</Cadence>
            <Extensions>
              <ext:TPX>
                <ext:Watts>82</ext:Watts>
              </ext:TPX>
            </Extensions>
          </Trackpoint>
          <Trackpoint>
            <Time>2026-09-07T19:13:33.000Z</Time>
            <HeartRateBpm>
              <Value>108</Value>
            </HeartRateBpm>
            <Cadence>77</Cadence>
            <Extensions>
              <ext:TPX>
                <ext:Watts>81</ext:Watts>
              </ext:TPX>
            </Extensions>
          </Trackpoint>
          <Trackpoint>
            <Time>2026-09-07T19:13:34.000Z</Time>
            <HeartRateBpm>
              <Value>108</Value>
            </HeartRateBpm>
            <Cadence>79</Cadence>
            <Extensions>
              <ext:TPX>
                <ext:Watts>81</ext:Watts>
              </ext:TPX>
            </Extensions>
          </Trackpoint>
          <Trackpoint>
            <Time>2026-09-07T19:13:35.000Z</Time>
            <HeartRateBpm>
              <Value>108</Value>
            </HeartRateBpm>
            <Cadence>76</Cadence>
            <Extensions>
              <ext:TPX>
                <ext:Watts>82</ext:Watts>
              </ext:TPX>
            </Extensions>
          </Trackpoint>
          <Trackpoint>
            <Time>2026-09-07T19:13:36.000Z</Time>
            <HeartRateBpm>
              <Value>108</Value>
            </HeartRateBpm>
            <Cadence>77</Cadence>
            <Extensions>
              <ext:TPX>
                <ext:Watts>83</ext:Watts>
              </ext:TPX>
            </Extensions>
          </Trackpoint>
          <Trackpoint>
            <Time>2026-09-07T19:13:37.000Z</Time>
            <HeartRateBpm>
              <Value>108</Value>
            </HeartRateBpm>
            <Cadence>77</Cadence>
            <Extensions>
              <ext:TPX>
                <ext:Watts>82</ext:Watts>
              </ext:TPX>
            </Extensions>
          </Trackpoint>
          <Trackpoint>
            <Time>2026-09-07T19:13:38.000Z</Time>
            <HeartRateBpm>
              <Value>108</Value>
            </HeartRateBpm>
            <Cadence>77</Cadence>
            <Extensions>
              <ext:TPX>
                <ext:Watts>82</ext:Watts>
              </ext:TPX>
            </Extensions>
          </Trackpoint>
          <Trackpoint>
            <Time>2026-09-07T19:13:39.000Z</Time>
            <HeartRateBpm>
              <Value>109</Value>
            </HeartRateBpm>
            <Cadence>79</Cadence>
            <Extensions>
              <ext:TPX>
                <ext:Watts>82</ext:Watts>
              </ext:TPX>
            </Extensions>
          </Trackpoint>
          <Trackpoint>
            <Time>2026-09-07T19:13:40.000Z</Time>
            <HeartRateBpm>
              <Value>109</Value>
            </HeartRateBpm>
            <Cadence>76</Cadence>
            <Extensions>
              <ext:TPX>
                <ext:Watts>82</ext:Watts>
              </ext:TPX>
            </Extensions>
          </Trackpoint>
          <Trackpoint>
            <Time>2026-09-07T19:13:41.000Z</Time>
            <HeartRateBpm>
              <Value>109</Value>
            </HeartRateBpm>
            <Cadence>78</Cadence>
            <Extensions>
              <ext:TPX>
                <ext:Watts>82</ext:Watts>
              </ext:TPX>
            </Extensions>
          </Trackpoint>
          <Trackpoint>
            <Time>2026-09-07T19:13:42.000Z</Time>
            <HeartRateBpm>
              <Value>109</Value>
            </HeartRateBpm>
            <Cadence>77</Cadence>
            <Extensions>
              <ext:TPX>
                <ext:Watts>83</ext:Watts>
              </ext:TPX>
            </Extensions>
          </Trackpoint>
          <Trackpoint>
            <Time>2026-09-07T19:13:43.000Z</Time>
            <HeartRateBpm>
              <Value>109</Value>
            </HeartRateBpm>
            <Cadence>77</Cadence>
            <Extensions>
              <ext:TPX>
                <ext:Watts>83</ext:Watts>
              </ext:TPX>
            </Extensions>
          </Trackpoint>
          <Trackpoint>
            <Time>2026-09-07T19:13:44.000Z</Time>
            <HeartRateBpm>
              <Value>109</Value>
            </HeartRateBpm>
            <Cadence>77</Cadence>
            <Extensions>
              <ext:TPX>
                <ext:Watts>83</ext:Watts>
              </ext:TPX>
            </Extensions>
          </Trackpoint>
          <Trackpoint>
            <Time>2026-09-07T19:13:45.000Z</Time>
            <HeartRateBpm>
              <Value>109</Value>
            </HeartRateBpm>
            <Cadence>81</Cadence>
            <Extensions>
              <ext:TPX>
                <ext:Watts>83</ext:Watts>
              </ext:TPX>
            </Extensions>
          </Trackpoint>
          <Trackpoint>
            <Time>2026-09-07T19:13:46.000Z</Time>
            <HeartRateBpm>
              <Value>109</Value>
            </HeartRateBpm>
            <Cadence>77</Cadence>
            <Extensions>
              <ext:TPX>
                <ext:Watts>85</ext:Watts>
              </ext:TPX>
            </Extensions>
          </Trackpoint>
          <Trackpoint>
            <Time>2026-09-07T19:13:47.000Z</Time>
            <HeartRateBpm>
              <Value>109</Value>
            </HeartRateBpm>
            <Cadence>77</Cadence>
            <Extensions>
              <ext:TPX>
                <ext:Watts>85</ext:Watts>
              </ext:TPX>
            </Extensions>
          </Trackpoint>
          <Trackpoint>
            <Time>2026-09-07T19:13:48.000Z</Time>
            <HeartRateBpm>
              <Value>108</Value>
            </HeartRateBpm>
            <Cadence>79</Cadence>
            <Extensions>
              <ext:TPX>
                <ext:Watts>84</ext:Watts>
              </ext:TPX>
            </Extensions>
          </Trackpoint>
          <Trackpoint>
            <Time>2026-09-07T19:13:49.000Z</Time>
            <HeartRateBpm>
              <Value>108</Value>
            </HeartRateBpm>
            <Cadence>79</Cadence>
            <Extensions>
              <ext:TPX>
                <ext:Watts>83</ext:Watts>
              </ext:TPX>
            </Extensions>
          </Trackpoint>
          <Trackpoint>
            <Time>2026-09-07T19:13:50.000Z</Time>
            <HeartRateBpm>
              <Value>108</Value>
            </HeartRateBpm>
            <Cadence>79</Cadence>
            <Extensions>
              <ext:TPX>
                <ext:Watts>83</ext:Watts>
              </ext:TPX>
            </Extensions>
          </Trackpoint>
          <Trackpoint>
            <Time>2026-09-07T19:13:51.000Z</Time>
            <HeartRateBpm>
              <Value>108</Value>
            </HeartRateBpm>
            <Cadence>78</Cadence>
            <Extensions>
              <ext:TPX>
                <ext:Watts>85</ext:Watts>
              </ext:TPX>
            </Extensions>
          </Trackpoint>
          <Trackpoint>
            <Time>2026-09-07T19:13:52.000Z</Time>
            <HeartRateBpm>
              <Value>108</Value>
            </HeartRateBpm>
            <Cadence>78</Cadence>
            <Extensions>
              <ext:TPX>
                <ext:Watts>84</ext:Watts>
              </ext:TPX>
            </Extensions>
          </Trackpoint>
          <Trackpoint>
            <Time>2026-09-07T19:13:53.000Z</Time>
            <HeartRateBpm>
              <Value>108</Value>
            </HeartRateBpm>
            <Cadence>79</Cadence>
            <Extensions>
              <ext:TPX>
                <ext:Watts>85</ext:Watts>
              </ext:TPX>
            </Extensions>
          </Trackpoint>
          <Trackpoint>
            <Time>2026-09-07T19:13:54.000Z</Time>
            <HeartRateBpm>
              <Value>109</Value>
            </HeartRateBpm>
            <Cadence>80</Cadence>
            <Extensions>
              <ext:TPX>
                <ext:Watts>83</ext:Watts>
              </ext:TPX>
            </Extensions>
          </Trackpoint>
          <Trackpoint>
            <Time>2026-09-07T19:13:55.000Z</Time>
            <HeartRateBpm>
              <Value>109</Value>
            </HeartRateBpm>
            <Cadence>80</Cadence>
            <Extensions>
              <ext:TPX>
                <ext:Watts>83</ext:Watts>
              </ext:TPX>
            </Extensions>
          </Trackpoint>
          <Trackpoint>
            <Time>2026-09-07T19:13:56.000Z</Time>
            <HeartRateBpm>
              <Value>109</Value>
            </HeartRateBpm>
            <Cadence>80</Cadence>
            <Extensions>
              <ext:TPX>
                <ext:Watts>83</ext:Watts>
              </ext:TPX>
            </Extensions>
          </Trackpoint>
          <Trackpoint>
            <Time>2026-09-07T19:13:57.000Z</Time>
            <HeartRateBpm>
              <Value>108</Value>
            </HeartRateBpm>
            <Cadence>79</Cadence>
            <Extensions>
              <ext:TPX>
                <ext:Watts>83</ext:Watts>
              </ext:TPX>
            </Extensions>
          </Trackpoint>
          <Trackpoint>
            <Time>2026-09-07T19:13:58.000Z</Time>
            <HeartRateBpm>
              <Value>107</Value>
            </HeartRateBpm>
            <Cadence>79</Cadence>
            <Extensions>
              <ext:TPX>
                <ext:Watts>83</ext:Watts>
              </ext:TPX>
            </Extensions>
          </Trackpoint>
          <Trackpoint>
            <Time>2026-09-07T19:13:59.000Z</Time>
            <HeartRateBpm>
              <Value>107</Value>
            </HeartRateBpm>
            <Cadence>76</Cadence>
            <Extensions>
              <ext:TPX>
                <ext:Watts>83</ext:Watts>
              </ext:TPX>
            </Extensions>
          </Trackpoint>
          <Trackpoint>
            <Time>2026-09-07T19:14:00.000Z</Time>
            <HeartRateBpm>
              <Value>107</Value>
            </HeartRateBpm>
            <Cadence>76</Cadence>
            <Extensions>
              <ext:TPX>
                <ext:Watts>83</ext:Watts>
              </ext:TPX>
            </Extensions>
          </Trackpoint>
          <Trackpoint>
            <Time>2026-09-07T19:14:01.000Z</Time>
            <HeartRateBpm>
              <Value>107</Value>
            </HeartRateBpm>
            <Cadence>77</Cadence>
            <Extensions>
              <ext:TPX>
                <ext:Watts>84</ext:Watts>
              </ext:TPX>
            </Extensions>
          </Trackpoint>
          <Trackpoint>
            <Time>2026-09-07T19:14:02.000Z</Time>
            <HeartRateBpm>
              <Value>108</Value>
            </HeartRateBpm>
            <Cadence>77</Cadence>
            <Extensions>
              <ext:TPX>
                <ext:Watts>84</ext:Watts>
              </ext:TPX>
            </Extensions>
          </Trackpoint>
          <Trackpoint>
            <Time>2026-09-07T19:14:03.000Z</Time>
            <HeartRateBpm>
              <Value>108</Value>
            </HeartRateBpm>
            <Cadence>78</Cadence>
            <Extensions>
              <ext:TPX>
                <ext:Watts>84</ext:Watts>
              </ext:TPX>
            </Extensions>
          </Trackpoint>
          <Trackpoint>
            <Time>2026-09-07T19:14:04.000Z</Time>
            <HeartRateBpm>
              <Value>108</Value>
            </HeartRateBpm>
            <Cadence>78</Cadence>
            <Extensions>
              <ext:TPX>
                <ext:Watts>84</ext:Watts>
              </ext:TPX>
            </Extensions>
          </Trackpoint>
          <Trackpoint>
            <Time>2026-09-07T19:14:05.000Z</Time>
            <HeartRateBpm>
              <Value>108</Value>
            </HeartRateBpm>
            <Cadence>77</Cadence>
            <Extensions>
              <ext:TPX>
                <ext:Watts>82</ext:Watts>
              </ext:TPX>
            </Extensions>
          </Trackpoint>
          <Trackpoint>
            <Time>2026-09-07T19:14:06.000Z</Time>
            <HeartRateBpm>
              <Value>108</Value>
            </HeartRateBpm>
            <Cadence>79</Cadence>
            <Extensions>
              <ext:TPX>
                <ext:Watts>85</ext:Watts>
              </ext:TPX>
            </Extensions>
          </Trackpoint>
          <Trackpoint>
            <Time>2026-09-07T19:14:07.000Z</Time>
            <HeartRateBpm>
              <Value>107</Value>
            </HeartRateBpm>
            <Cadence>77</Cadence>
            <Extensions>
              <ext:TPX>
                <ext:Watts>84</ext:Watts>
              </ext:TPX>
            </Extensions>
          </Trackpoint>
          <Trackpoint>
            <Time>2026-09-07T19:14:08.000Z</Time>
            <HeartRateBpm>
              <Value>108</Value>
            </HeartRateBpm>
            <Cadence>77</Cadence>
            <Extensions>
              <ext:TPX>
                <ext:Watts>84</ext:Watts>
              </ext:TPX>
            </Extensions>
          </Trackpoint>
          <Trackpoint>
            <Time>2026-09-07T19:14:09.000Z</Time>
            <HeartRateBpm>
              <Value>108</Value>
            </HeartRateBpm>
            <Cadence>88</Cadence>
            <Extensions>
              <ext:TPX>
                <ext:Watts>84</ext:Watts>
              </ext:TPX>
            </Extensions>
          </Trackpoint>
          <Trackpoint>
            <Time>2026-09-07T19:14:10.000Z</Time>
            <HeartRateBpm>
              <Value>108</Value>
            </HeartRateBpm>
            <Cadence>37</Cadence>
            <Extensions>
              <ext:TPX>
                <ext:Watts>77</ext:Watts>
              </ext:TPX>
            </Extensions>
          </Trackpoint>
          <Trackpoint>
            <Time>2026-09-07T19:14:11.000Z</Time>
            <HeartRateBpm>
              <Value>108</Value>
            </HeartRateBpm>
            <Cadence>76</Cadence>
            <Extensions>
              <ext:TPX>
                <ext:Watts>77</ext:Watts>
              </ext:TPX>
            </Extensions>
          </Trackpoint>
          <Trackpoint>
            <Time>2026-09-07T19:14:12.000Z</Time>
            <HeartRateBpm>
              <Value>108</Value>
            </HeartRateBpm>
            <Cadence>76</Cadence>
            <Extensions>
              <ext:TPX>
                <ext:Watts>75</ext:Watts>
              </ext:TPX>
            </Extensions>
          </Trackpoint>
          <Trackpoint>
            <Time>2026-09-07T19:14:13.000Z</Time>
            <HeartRateBpm>
              <Value>108</Value>
            </HeartRateBpm>
            <Cadence>75</Cadence>
            <Extensions>
              <ext:TPX>
                <ext:Watts>80</ext:Watts>
              </ext:TPX>
            </Extensions>
          </Trackpoint>
          <Trackpoint>
            <Time>2026-09-07T19:14:14.000Z</Time>
            <HeartRateBpm>
              <Value>108</Value>
            </HeartRateBpm>
            <Cadence>75</Cadence>
            <Extensions>
              <ext:TPX>
                <ext:Watts>80</ext:Watts>
              </ext:TPX>
            </Extensions>
          </Trackpoint>
          <Trackpoint>
            <Time>2026-09-07T19:14:15.000Z</Time>
            <HeartRateBpm>
              <Value>108</Value>
            </HeartRateBpm>
            <Cadence>76</Cadence>
            <Extensions>
              <ext:TPX>
                <ext:Watts>82</ext:Watts>
              </ext:TPX>
            </Extensions>
          </Trackpoint>
          <Trackpoint>
            <Time>2026-09-07T19:14:16.000Z</Time>
            <HeartRateBpm>
              <Value>108</Value>
            </HeartRateBpm>
            <Cadence>81</Cadence>
            <Extensions>
              <ext:TPX>
                <ext:Watts>80</ext:Watts>
              </ext:TPX>
            </Extensions>
          </Trackpoint>
          <Trackpoint>
            <Time>2026-09-07T19:14:17.000Z</Time>
            <HeartRateBpm>
              <Value>111</Value>
            </HeartRateBpm>
            <Cadence>75</Cadence>
            <Extensions>
              <ext:TPX>
                <ext:Watts>80</ext:Watts>
              </ext:TPX>
            </Extensions>
          </Trackpoint>
          <Trackpoint>
            <Time>2026-09-07T19:14:18.000Z</Time>
            <HeartRateBpm>
              <Value>112</Value>
            </HeartRateBpm>
            <Cadence>79</Cadence>
            <Extensions>
              <ext:TPX>
                <ext:Watts>82</ext:Watts>
              </ext:TPX>
            </Extensions>
          </Trackpoint>
          <Trackpoint>
            <Time>2026-09-07T19:14:19.000Z</Time>
            <HeartRateBpm>
              <Value>112</Value>
            </HeartRateBpm>
            <Cadence>75</Cadence>
            <Extensions>
              <ext:TPX>
                <ext:Watts>81</ext:Watts>
              </ext:TPX>
            </Extensions>
          </Trackpoint>
          <Trackpoint>
            <Time>2026-09-07T19:14:20.000Z</Time>
            <HeartRateBpm>
              <Value>112</Value>
            </HeartRateBpm>
            <Cadence>75</Cadence>
            <Extensions>
              <ext:TPX>
                <ext:Watts>81</ext:Watts>
              </ext:TPX>
            </Extensions>
          </Trackpoint>
          <Trackpoint>
            <Time>2026-09-07T19:14:21.000Z</Time>
            <HeartRateBpm>
              <Value>113</Value>
            </HeartRateBpm>
            <Cadence>77</Cadence>
            <Extensions>
              <ext:TPX>
                <ext:Watts>82</ext:Watts>
              </ext:TPX>
            </Extensions>
          </Trackpoint>
          <Trackpoint>
            <Time>2026-09-07T19:14:22.000Z</Time>
            <HeartRateBpm>
              <Value>113</Value>
            </HeartRateBpm>
            <Cadence>79</Cadence>
            <Extensions>
              <ext:TPX>
                <ext:Watts>81</ext:Watts>
              </ext:TPX>
            </Extensions>
          </Trackpoint>
          <Trackpoint>
            <Time>2026-09-07T19:14:23.000Z</Time>
            <HeartRateBpm>
              <Value>113</Value>
            </HeartRateBpm>
            <Cadence>81</Cadence>
            <Extensions>
              <ext:TPX>
                <ext:Watts>80</ext:Watts>
              </ext:TPX>
            </Extensions>
          </Trackpoint>
          <Trackpoint>
            <Time>2026-09-07T19:14:24.000Z</Time>
            <HeartRateBpm>
              <Value>113</Value>
            </HeartRateBpm>
            <Cadence>71</Cadence>
            <Extensions>
              <ext:TPX>
                <ext:Watts>80</ext:Watts>
              </ext:TPX>
            </Extensions>
          </Trackpoint>
          <Trackpoint>
            <Time>2026-09-07T19:14:25.000Z</Time>
            <HeartRateBpm>
              <Value>112</Value>
            </HeartRateBpm>
            <Cadence>71</Cadence>
            <Extensions>
              <ext:TPX>
                <ext:Watts>80</ext:Watts>
              </ext:TPX>
            </Extensions>
          </Trackpoint>
          <Trackpoint>
            <Time>2026-09-07T19:14:26.000Z</Time>
            <HeartRateBpm>
              <Value>111</Value>
            </HeartRateBpm>
            <Cadence>71</Cadence>
            <Extensions>
              <ext:TPX>
                <ext:Watts>80</ext:Watts>
              </ext:TPX>
            </Extensions>
          </Trackpoint>
          <Trackpoint>
            <Time>2026-09-07T19:14:27.000Z</Time>
            <HeartRateBpm>
              <Value>111</Value>
            </HeartRateBpm>
            <Cadence>73</Cadence>
            <Extensions>
              <ext:TPX>
                <ext:Watts>80</ext:Watts>
              </ext:TPX>
            </Extensions>
          </Trackpoint>
          <Trackpoint>
            <Time>2026-09-07T19:14:28.000Z</Time>
            <HeartRateBpm>
              <Value>111</Value>
            </HeartRateBpm>
            <Cadence>76</Cadence>
            <Extensions>
              <ext:TPX>
                <ext:Watts>82</ext:Watts>
              </ext:TPX>
            </Extensions>
          </Trackpoint>
          <Trackpoint>
            <Time>2026-09-07T19:14:29.000Z</Time>
            <HeartRateBpm>
              <Value>111</Value>
            </HeartRateBpm>
            <Cadence>78</Cadence>
            <Extensions>
              <ext:TPX>
                <ext:Watts>82</ext:Watts>
              </ext:TPX>
            </Extensions>
          </Trackpoint>
          <Trackpoint>
            <Time>2026-09-07T19:14:30.000Z</Time>
            <HeartRateBpm>
              <Value>111</Value>
            </HeartRateBpm>
            <Cadence>74</Cadence>
            <Extensions>
              <ext:TPX>
                <ext:Watts>80</ext:Watts>
              </ext:TPX>
            </Extensions>
          </Trackpoint>
          <Trackpoint>
            <Time>2026-09-07T19:14:31.000Z</Time>
            <HeartRateBpm>
              <Value>112</Value>
            </HeartRateBpm>
            <Cadence>78</Cadence>
            <Extensions>
              <ext:TPX>
                <ext:Watts>79</ext:Watts>
              </ext:TPX>
            </Extensions>
          </Trackpoint>
          <Trackpoint>
            <Time>2026-09-07T19:14:32.000Z</Time>
            <HeartRateBpm>
              <Value>112</Value>
            </HeartRateBpm>
            <Cadence>78</Cadence>
            <Extensions>
              <ext:TPX>
                <ext:Watts>79</ext:Watts>
              </ext:TPX>
            </Extensions>
          </Trackpoint>
          <Trackpoint>
            <Time>2026-09-07T19:14:33.000Z</Time>
            <HeartRateBpm>
              <Value>112</Value>
            </HeartRateBpm>
            <Cadence>74</Cadence>
            <Extensions>
              <ext:TPX>
                <ext:Watts>80</ext:Watts>
              </ext:TPX>
            </Extensions>
          </Trackpoint>
          <Trackpoint>
            <Time>2026-09-07T19:14:34.000Z</Time>
            <HeartRateBpm>
              <Value>111</Value>
            </HeartRateBpm>
            <Cadence>74</Cadence>
            <Extensions>
              <ext:TPX>
                <ext:Watts>80</ext:Watts>
              </ext:TPX>
            </Extensions>
          </Trackpoint>
          <Trackpoint>
            <Time>2026-09-07T19:14:35.000Z</Time>
            <HeartRateBpm>
              <Value>111</Value>
            </HeartRateBpm>
            <Cadence>77</Cadence>
            <Extensions>
              <ext:TPX>
                <ext:Watts>79</ext:Watts>
              </ext:TPX>
            </Extensions>
          </Trackpoint>
          <Trackpoint>
            <Time>2026-09-07T19:14:36.000Z</Time>
            <HeartRateBpm>
              <Value>111</Value>
            </HeartRateBpm>
            <Cadence>75</Cadence>
            <Extensions>
              <ext:TPX>
                <ext:Watts>80</ext:Watts>
              </ext:TPX>
            </Extensions>
          </Trackpoint>
          <Trackpoint>
            <Time>2026-09-07T19:14:37.000Z</Time>
            <HeartRateBpm>
              <Value>111</Value>
            </HeartRateBpm>
            <Cadence>81</Cadence>
            <Extensions>
              <ext:TPX>
                <ext:Watts>81</ext:Watts>
              </ext:TPX>
            </Extensions>
          </Trackpoint>
          <Trackpoint>
            <Time>2026-09-07T19:14:38.000Z</Time>
            <HeartRateBpm>
              <Value>110</Value>
            </HeartRateBpm>
            <Cadence>81</Cadence>
            <Extensions>
              <ext:TPX>
                <ext:Watts>81</ext:Watts>
              </ext:TPX>
            </Extensions>
          </Trackpoint>
          <Trackpoint>
            <Time>2026-09-07T19:14:39.000Z</Time>
            <HeartRateBpm>
              <Value>110</Value>
            </HeartRateBpm>
            <Cadence>67</Cadence>
            <Extensions>
              <ext:TPX>
                <ext:Watts>84</ext:Watts>
              </ext:TPX>
            </Extensions>
          </Trackpoint>
          <Trackpoint>
            <Time>2026-09-07T19:14:40.000Z</Time>
            <HeartRateBpm>
              <Value>111</Value>
            </HeartRateBpm>
            <Cadence>82</Cadence>
            <Extensions>
              <ext:TPX>
                <ext:Watts>84</ext:Watts>
              </ext:TPX>
            </Extensions>
          </Trackpoint>
          <Trackpoint>
            <Time>2026-09-07T19:14:41.000Z</Time>
            <HeartRateBpm>
              <Value>111</Value>
            </HeartRateBpm>
            <Cadence>82</Cadence>
            <Extensions>
              <ext:TPX>
                <ext:Watts>85</ext:Watts>
              </ext:TPX>
            </Extensions>
          </Trackpoint>
          <Trackpoint>
            <Time>2026-09-07T19:14:42.000Z</Time>
            <HeartRateBpm>
              <Value>111</Value>
            </HeartRateBpm>
            <Cadence>80</Cadence>
            <Extensions>
              <ext:TPX>
                <ext:Watts>84</ext:Watts>
              </ext:TPX>
            </Extensions>
          </Trackpoint>
          <Trackpoint>
            <Time>2026-09-07T19:14:43.000Z</Time>
            <HeartRateBpm>
              <Value>111</Value>
            </HeartRateBpm>
            <Cadence>80</Cadence>
            <Extensions>
              <ext:TPX>
                <ext:Watts>82</ext:Watts>
              </ext:TPX>
            </Extensions>
          </Trackpoint>
          <Trackpoint>
            <Time>2026-09-07T19:14:44.000Z</Time>
            <HeartRateBpm>
              <Value>110</Value>
            </HeartRateBpm>
            <Cadence>77</Cadence>
            <Extensions>
              <ext:TPX>
                <ext:Watts>81</ext:Watts>
              </ext:TPX>
            </Extensions>
          </Trackpoint>
          <Trackpoint>
            <Time>2026-09-07T19:14:45.000Z</Time>
            <HeartRateBpm>
              <Value>109</Value>
            </HeartRateBpm>
            <Cadence>77</Cadence>
            <Extensions>
              <ext:TPX>
                <ext:Watts>81</ext:Watts>
              </ext:TPX>
            </Extensions>
          </Trackpoint>
          <Trackpoint>
            <Time>2026-09-07T19:14:46.000Z</Time>
            <HeartRateBpm>
              <Value>109</Value>
            </HeartRateBpm>
            <Cadence>75</Cadence>
            <Extensions>
              <ext:TPX>
                <ext:Watts>82</ext:Watts>
              </ext:TPX>
            </Extensions>
          </Trackpoint>
          <Trackpoint>
            <Time>2026-09-07T19:14:47.000Z</Time>
            <HeartRateBpm>
              <Value>109</Value>
            </HeartRateBpm>
            <Cadence>75</Cadence>
            <Extensions>
              <ext:TPX>
                <ext:Watts>82</ext:Watts>
              </ext:TPX>
            </Extensions>
          </Trackpoint>
          <Trackpoint>
            <Time>2026-09-07T19:14:48.000Z</Time>
            <HeartRateBpm>
              <Value>109</Value>
            </HeartRateBpm>
            <Cadence>78</Cadence>
            <Extensions>
              <ext:TPX>
                <ext:Watts>82</ext:Watts>
              </ext:TPX>
            </Extensions>
          </Trackpoint>
          <Trackpoint>
            <Time>2026-09-07T19:14:49.000Z</Time>
            <HeartRateBpm>
              <Value>109</Value>
            </HeartRateBpm>
            <Cadence>77</Cadence>
            <Extensions>
              <ext:TPX>
                <ext:Watts>82</ext:Watts>
              </ext:TPX>
            </Extensions>
          </Trackpoint>
          <Trackpoint>
            <Time>2026-09-07T19:14:50.000Z</Time>
            <HeartRateBpm>
              <Value>105</Value>
            </HeartRateBpm>
            <Cadence>77</Cadence>
            <Extensions>
              <ext:TPX>
                <ext:Watts>82</ext:Watts>
              </ext:TPX>
            </Extensions>
          </Trackpoint>
          <Trackpoint>
            <Time>2026-09-07T19:14:51.000Z</Time>
            <HeartRateBpm>
              <Value>105</Value>
            </HeartRateBpm>
            <Cadence>77</Cadence>
            <Extensions>
              <ext:TPX>
                <ext:Watts>82</ext:Watts>
              </ext:TPX>
            </Extensions>
          </Trackpoint>
          <Trackpoint>
            <Time>2026-09-07T19:14:52.000Z</Time>
            <HeartRateBpm>
              <Value>103</Value>
            </HeartRateBpm>
            <Cadence>78</Cadence>
            <Extensions>
              <ext:TPX>
                <ext:Watts>83</ext:Watts>
              </ext:TPX>
            </Extensions>
          </Trackpoint>
          <Trackpoint>
            <Time>2026-09-07T19:14:53.000Z</Time>
            <HeartRateBpm>
              <Value>103</Value>
            </HeartRateBpm>
            <Cadence>78</Cadence>
            <Extensions>
              <ext:TPX>
                <ext:Watts>72</ext:Watts>
              </ext:TPX>
            </Extensions>
          </Trackpoint>
          <Trackpoint>
            <Time>2026-09-07T19:14:54.000Z</Time>
            <HeartRateBpm>
              <Value>104</Value>
            </HeartRateBpm>
            <Cadence>30</Cadence>
            <Extensions>
              <ext:TPX>
                <ext:Watts>72</ext:Watts>
              </ext:TPX>
            </Extensions>
          </Trackpoint>
          <Trackpoint>
            <Time>2026-09-07T19:14:55.000Z</Time>
            <HeartRateBpm>
              <Value>104</Value>
            </HeartRateBpm>
            <Cadence>30</Cadence>
            <Extensions>
              <ext:TPX>
                <ext:Watts>72</ext:Watts>
              </ext:TPX>
            </Extensions>
          </Trackpoint>
          <Trackpoint>
            <Time>2026-09-07T19:14:56.000Z</Time>
            <HeartRateBpm>
              <Value>106</Value>
            </HeartRateBpm>
            <Cadence>78</Cadence>
            <Extensions>
              <ext:TPX>
                <ext:Watts>80</ext:Watts>
              </ext:TPX>
            </Extensions>
          </Trackpoint>
          <Trackpoint>
            <Time>2026-09-07T19:14:57.000Z</Time>
            <HeartRateBpm>
              <Value>107</Value>
            </HeartRateBpm>
            <Cadence>78</Cadence>
            <Extensions>
              <ext:TPX>
                <ext:Watts>80</ext:Watts>
              </ext:TPX>
            </Extensions>
          </Trackpoint>
          <Trackpoint>
            <Time>2026-09-07T19:14:58.000Z</Time>
            <HeartRateBpm>
              <Value>107</Value>
            </HeartRateBpm>
            <Cadence>79</Cadence>
            <Extensions>
              <ext:TPX>
                <ext:Watts>82</ext:Watts>
              </ext:TPX>
            </Extensions>
          </Trackpoint>
          <Trackpoint>
            <Time>2026-09-07T19:14:59.000Z</Time>
            <HeartRateBpm>
              <Value>108</Value>
            </HeartRateBpm>
            <Cadence>77</Cadence>
            <Extensions>
              <ext:TPX>
                <ext:Watts>83</ext:Watts>
              </ext:TPX>
            </Extensions>
          </Trackpoint>
          <Trackpoint>
            <Time>2026-09-07T19:15:00.000Z</Time>
            <HeartRateBpm>
              <Value>108</Value>
            </HeartRateBpm>
            <Cadence>79</Cadence>
            <Extensions>
              <ext:TPX>
                <ext:Watts>83</ext:Watts>
              </ext:TPX>
            </Extensions>
          </Trackpoint>
          <Trackpoint>
            <Time>2026-09-07T19:15:01.000Z</Time>
            <HeartRateBpm>
              <Value>108</Value>
            </HeartRateBpm>
            <Cadence>79</Cadence>
            <Extensions>
              <ext:TPX>
                <ext:Watts>83</ext:Watts>
              </ext:TPX>
            </Extensions>
          </Trackpoint>
          <Trackpoint>
            <Time>2026-09-07T19:15:02.000Z</Time>
            <HeartRateBpm>
              <Value>108</Value>
            </HeartRateBpm>
            <Cadence>78</Cadence>
            <Extensions>
              <ext:TPX>
                <ext:Watts>83</ext:Watts>
              </ext:TPX>
            </Extensions>
          </Trackpoint>
          <Trackpoint>
            <Time>2026-09-07T19:15:03.000Z</Time>
            <HeartRateBpm>
              <Value>109</Value>
            </HeartRateBpm>
            <Cadence>78</Cadence>
            <Extensions>
              <ext:TPX>
                <ext:Watts>83</ext:Watts>
              </ext:TPX>
            </Extensions>
          </Trackpoint>
          <Trackpoint>
            <Time>2026-09-07T19:15:04.000Z</Time>
            <HeartRateBpm>
              <Value>108</Value>
            </HeartRateBpm>
            <Cadence>80</Cadence>
            <Extensions>
              <ext:TPX>
                <ext:Watts>84</ext:Watts>
              </ext:TPX>
            </Extensions>
          </Trackpoint>
          <Trackpoint>
            <Time>2026-09-07T19:15:05.000Z</Time>
            <HeartRateBpm>
              <Value>108</Value>
            </HeartRateBpm>
            <Cadence>75</Cadence>
            <Extensions>
              <ext:TPX>
                <ext:Watts>84</ext:Watts>
              </ext:TPX>
            </Extensions>
          </Trackpoint>
          <Trackpoint>
            <Time>2026-09-07T19:15:06.000Z</Time>
            <HeartRateBpm>
              <Value>109</Value>
            </HeartRateBpm>
            <Cadence>78</Cadence>
            <Extensions>
              <ext:TPX>
                <ext:Watts>82</ext:Watts>
              </ext:TPX>
            </Extensions>
          </Trackpoint>
          <Trackpoint>
            <Time>2026-09-07T19:15:07.000Z</Time>
            <HeartRateBpm>
              <Value>109</Value>
            </HeartRateBpm>
            <Cadence>75</Cadence>
            <Extensions>
              <ext:TPX>
                <ext:Watts>82</ext:Watts>
              </ext:TPX>
            </Extensions>
          </Trackpoint>
          <Trackpoint>
            <Time>2026-09-07T19:15:08.000Z</Time>
            <HeartRateBpm>
              <Value>110</Value>
            </HeartRateBpm>
            <Cadence>78</Cadence>
            <Extensions>
              <ext:TPX>
                <ext:Watts>83</ext:Watts>
              </ext:TPX>
            </Extensions>
          </Trackpoint>
          <Trackpoint>
            <Time>2026-09-07T19:15:09.000Z</Time>
            <HeartRateBpm>
              <Value>110</Value>
            </HeartRateBpm>
            <Cadence>78</Cadence>
            <Extensions>
              <ext:TPX>
                <ext:Watts>83</ext:Watts>
              </ext:TPX>
            </Extensions>
          </Trackpoint>
          <Trackpoint>
            <Time>2026-09-07T19:15:10.000Z</Time>
            <HeartRateBpm>
              <Value>109</Value>
            </HeartRateBpm>
            <Cadence>80</Cadence>
            <Extensions>
              <ext:TPX>
                <ext:Watts>83</ext:Watts>
              </ext:TPX>
            </Extensions>
          </Trackpoint>
          <Trackpoint>
            <Time>2026-09-07T19:15:11.000Z</Time>
            <HeartRateBpm>
              <Value>110</Value>
            </HeartRateBpm>
            <Cadence>80</Cadence>
            <Extensions>
              <ext:TPX>
                <ext:Watts>83</ext:Watts>
              </ext:TPX>
            </Extensions>
          </Trackpoint>
          <Trackpoint>
            <Time>2026-09-07T19:15:12.000Z</Time>
            <HeartRateBpm>
              <Value>109</Value>
            </HeartRateBpm>
            <Cadence>77</Cadence>
            <Extensions>
              <ext:TPX>
                <ext:Watts>81</ext:Watts>
              </ext:TPX>
            </Extensions>
          </Trackpoint>
          <Trackpoint>
            <Time>2026-09-07T19:15:13.000Z</Time>
            <HeartRateBpm>
              <Value>109</Value>
            </HeartRateBpm>
            <Cadence>77</Cadence>
            <Extensions>
              <ext:TPX>
                <ext:Watts>80</ext:Watts>
              </ext:TPX>
            </Extensions>
          </Trackpoint>
          <Trackpoint>
            <Time>2026-09-07T19:15:14.000Z</Time>
            <HeartRateBpm>
              <Value>108</Value>
            </HeartRateBpm>
            <Cadence>77</Cadence>
            <Extensions>
              <ext:TPX>
                <ext:Watts>80</ext:Watts>
              </ext:TPX>
            </Extensions>
          </Trackpoint>
          <Trackpoint>
            <Time>2026-09-07T19:15:15.000Z</Time>
            <HeartRateBpm>
              <Value>108</Value>
            </HeartRateBpm>
            <Cadence>77</Cadence>
            <Extensions>
              <ext:TPX>
                <ext:Watts>80</ext:Watts>
              </ext:TPX>
            </Extensions>
          </Trackpoint>
          <Trackpoint>
            <Time>2026-09-07T19:15:16.000Z</Time>
            <HeartRateBpm>
              <Value>108</Value>
            </HeartRateBpm>
            <Cadence>76</Cadence>
            <Extensions>
              <ext:TPX>
                <ext:Watts>80</ext:Watts>
              </ext:TPX>
            </Extensions>
          </Trackpoint>
          <Trackpoint>
            <Time>2026-09-07T19:15:17.000Z</Time>
            <HeartRateBpm>
              <Value>108</Value>
            </HeartRateBpm>
            <Cadence>77</Cadence>
            <Extensions>
              <ext:TPX>
                <ext:Watts>80</ext:Watts>
              </ext:TPX>
            </Extensions>
          </Trackpoint>
          <Trackpoint>
            <Time>2026-09-07T19:15:18.000Z</Time>
            <HeartRateBpm>
              <Value>108</Value>
            </HeartRateBpm>
            <Cadence>77</Cadence>
            <Extensions>
              <ext:TPX>
                <ext:Watts>80</ext:Watts>
              </ext:TPX>
            </Extensions>
          </Trackpoint>
          <Trackpoint>
            <Time>2026-09-07T19:15:19.000Z</Time>
            <HeartRateBpm>
              <Value>108</Value>
            </HeartRateBpm>
            <Cadence>78</Cadence>
            <Extensions>
              <ext:TPX>
                <ext:Watts>80</ext:Watts>
              </ext:TPX>
            </Extensions>
          </Trackpoint>
          <Trackpoint>
            <Time>2026-09-07T19:15:20.000Z</Time>
            <HeartRateBpm>
              <Value>108</Value>
            </HeartRateBpm>
            <Cadence>77</Cadence>
            <Extensions>
              <ext:TPX>
                <ext:Watts>82</ext:Watts>
              </ext:TPX>
            </Extensions>
          </Trackpoint>
          <Trackpoint>
            <Time>2026-09-07T19:15:21.000Z</Time>
            <HeartRateBpm>
              <Value>108</Value>
            </HeartRateBpm>
            <Cadence>77</Cadence>
            <Extensions>
              <ext:TPX>
                <ext:Watts>82</ext:Watts>
              </ext:TPX>
            </Extensions>
          </Trackpoint>
          <Trackpoint>
            <Time>2026-09-07T19:15:22.000Z</Time>
            <HeartRateBpm>
              <Value>108</Value>
            </HeartRateBpm>
            <Cadence>78</Cadence>
            <Extensions>
              <ext:TPX>
                <ext:Watts>81</ext:Watts>
              </ext:TPX>
            </Extensions>
          </Trackpoint>
          <Trackpoint>
            <Time>2026-09-07T19:15:23.000Z</Time>
            <HeartRateBpm>
              <Value>107</Value>
            </HeartRateBpm>
            <Cadence>77</Cadence>
            <Extensions>
              <ext:TPX>
                <ext:Watts>84</ext:Watts>
              </ext:TPX>
            </Extensions>
          </Trackpoint>
          <Trackpoint>
            <Time>2026-09-07T19:15:24.000Z</Time>
            <HeartRateBpm>
              <Value>107</Value>
            </HeartRateBpm>
            <Cadence>78</Cadence>
            <Extensions>
              <ext:TPX>
                <ext:Watts>86</ext:Watts>
              </ext:TPX>
            </Extensions>
          </Trackpoint>
          <Trackpoint>
            <Time>2026-09-07T19:15:25.000Z</Time>
            <HeartRateBpm>
              <Value>107</Value>
            </HeartRateBpm>
            <Cadence>78</Cadence>
            <Extensions>
              <ext:TPX>
                <ext:Watts>86</ext:Watts>
              </ext:TPX>
            </Extensions>
          </Trackpoint>
          <Trackpoint>
            <Time>2026-09-07T19:15:26.000Z</Time>
            <HeartRateBpm>
              <Value>107</Value>
            </HeartRateBpm>
            <Cadence>81</Cadence>
            <Extensions>
              <ext:TPX>
                <ext:Watts>87</ext:Watts>
              </ext:TPX>
            </Extensions>
          </Trackpoint>
          <Trackpoint>
            <Time>2026-09-07T19:15:27.000Z</Time>
            <HeartRateBpm>
              <Value>107</Value>
            </HeartRateBpm>
            <Cadence>81</Cadence>
            <Extensions>
              <ext:TPX>
                <ext:Watts>87</ext:Watts>
              </ext:TPX>
            </Extensions>
          </Trackpoint>
          <Trackpoint>
            <Time>2026-09-07T19:15:28.000Z</Time>
            <HeartRateBpm>
              <Value>108</Value>
            </HeartRateBpm>
            <Cadence>78</Cadence>
            <Extensions>
              <ext:TPX>
                <ext:Watts>85</ext:Watts>
              </ext:TPX>
            </Extensions>
          </Trackpoint>
          <Trackpoint>
            <Time>2026-09-07T19:15:29.000Z</Time>
            <HeartRateBpm>
              <Value>108</Value>
            </HeartRateBpm>
            <Cadence>80</Cadence>
            <Extensions>
              <ext:TPX>
                <ext:Watts>85</ext:Watts>
              </ext:TPX>
            </Extensions>
          </Trackpoint>
          <Trackpoint>
            <Time>2026-09-07T19:15:30.000Z</Time>
            <HeartRateBpm>
              <Value>108</Value>
            </HeartRateBpm>
            <Cadence>80</Cadence>
            <Extensions>
              <ext:TPX>
                <ext:Watts>85</ext:Watts>
              </ext:TPX>
            </Extensions>
          </Trackpoint>
          <Trackpoint>
            <Time>2026-09-07T19:15:31.000Z</Time>
            <HeartRateBpm>
              <Value>108</Value>
            </HeartRateBpm>
            <Cadence>80</Cadence>
            <Extensions>
              <ext:TPX>
                <ext:Watts>85</ext:Watts>
              </ext:TPX>
            </Extensions>
          </Trackpoint>
          <Trackpoint>
            <Time>2026-09-07T19:15:32.000Z</Time>
            <HeartRateBpm>
              <Value>108</Value>
            </HeartRateBpm>
            <Cadence>76</Cadence>
            <Extensions>
              <ext:TPX>
                <ext:Watts>85</ext:Watts>
              </ext:TPX>
            </Extensions>
          </Trackpoint>
          <Trackpoint>
            <Time>2026-09-07T19:15:33.000Z</Time>
            <HeartRateBpm>
              <Value>107</Value>
            </HeartRateBpm>
            <Cadence>76</Cadence>
            <Extensions>
              <ext:TPX>
                <ext:Watts>85</ext:Watts>
              </ext:TPX>
            </Extensions>
          </Trackpoint>
          <Trackpoint>
            <Time>2026-09-07T19:15:34.000Z</Time>
            <HeartRateBpm>
              <Value>106</Value>
            </HeartRateBpm>
            <Cadence>76</Cadence>
            <Extensions>
              <ext:TPX>
                <ext:Watts>85</ext:Watts>
              </ext:TPX>
            </Extensions>
          </Trackpoint>
          <Trackpoint>
            <Time>2026-09-07T19:15:35.000Z</Time>
            <HeartRateBpm>
              <Value>105</Value>
            </HeartRateBpm>
            <Cadence>80</Cadence>
            <Extensions>
              <ext:TPX>
                <ext:Watts>85</ext:Watts>
              </ext:TPX>
            </Extensions>
          </Trackpoint>
          <Trackpoint>
            <Time>2026-09-07T19:15:36.000Z</Time>
            <HeartRateBpm>
              <Value>104</Value>
            </HeartRateBpm>
            <Cadence>78</Cadence>
            <Extensions>
              <ext:TPX>
                <ext:Watts>85</ext:Watts>
              </ext:TPX>
            </Extensions>
          </Trackpoint>
          <Trackpoint>
            <Time>2026-09-07T19:15:37.000Z</Time>
            <HeartRateBpm>
              <Value>104</Value>
            </HeartRateBpm>
            <Cadence>79</Cadence>
            <Extensions>
              <ext:TPX>
                <ext:Watts>85</ext:Watts>
              </ext:TPX>
            </Extensions>
          </Trackpoint>
          <Trackpoint>
            <Time>2026-09-07T19:15:38.000Z</Time>
            <HeartRateBpm>
              <Value>104</Value>
            </HeartRateBpm>
            <Cadence>79</Cadence>
            <Extensions>
              <ext:TPX>
                <ext:Watts>85</ext:Watts>
              </ext:TPX>
            </Extensions>
          </Trackpoint>
          <Trackpoint>
            <Time>2026-09-07T19:15:39.000Z</Time>
            <HeartRateBpm>
              <Value>105</Value>
            </HeartRateBpm>
            <Cadence>79</Cadence>
            <Extensions>
              <ext:TPX>
                <ext:Watts>85</ext:Watts>
              </ext:TPX>
            </Extensions>
          </Trackpoint>
          <Trackpoint>
            <Time>2026-09-07T19:15:40.000Z</Time>
            <HeartRateBpm>
              <Value>105</Value>
            </HeartRateBpm>
            <Cadence>79</Cadence>
            <Extensions>
              <ext:TPX>
                <ext:Watts>85</ext:Watts>
              </ext:TPX>
            </Extensions>
          </Trackpoint>
          <Trackpoint>
            <Time>2026-09-07T19:15:41.000Z</Time>
            <HeartRateBpm>
              <Value>105</Value>
            </HeartRateBpm>
            <Cadence>78</Cadence>
            <Extensions>
              <ext:TPX>
                <ext:Watts>84</ext:Watts>
              </ext:TPX>
            </Extensions>
          </Trackpoint>
          <Trackpoint>
            <Time>2026-09-07T19:15:42.000Z</Time>
            <HeartRateBpm>
              <Value>105</Value>
            </HeartRateBpm>
            <Cadence>78</Cadence>
            <Extensions>
              <ext:TPX>
                <ext:Watts>84</ext:Watts>
              </ext:TPX>
            </Extensions>
          </Trackpoint>
          <Trackpoint>
            <Time>2026-09-07T19:15:43.000Z</Time>
            <HeartRateBpm>
              <Value>105</Value>
            </HeartRateBpm>
            <Cadence>78</Cadence>
            <Extensions>
              <ext:TPX>
                <ext:Watts>84</ext:Watts>
              </ext:TPX>
            </Extensions>
          </Trackpoint>
          <Trackpoint>
            <Time>2026-09-07T19:15:44.000Z</Time>
            <HeartRateBpm>
              <Value>105</Value>
            </HeartRateBpm>
            <Cadence>78</Cadence>
            <Extensions>
              <ext:TPX>
                <ext:Watts>84</ext:Watts>
              </ext:TPX>
            </Extensions>
          </Trackpoint>
          <Trackpoint>
            <Time>2026-09-07T19:15:45.000Z</Time>
            <HeartRateBpm>
              <Value>105</Value>
            </HeartRateBpm>
            <Cadence>78</Cadence>
            <Extensions>
              <ext:TPX>
                <ext:Watts>84</ext:Watts>
              </ext:TPX>
            </Extensions>
          </Trackpoint>
          <Trackpoint>
            <Time>2026-09-07T19:15:46.000Z</Time>
            <HeartRateBpm>
              <Value>105</Value>
            </HeartRateBpm>
            <Cadence>78</Cadence>
            <Extensions>
              <ext:TPX>
                <ext:Watts>84</ext:Watts>
              </ext:TPX>
            </Extensions>
          </Trackpoint>
          <Trackpoint>
            <Time>2026-09-07T19:15:47.000Z</Time>
            <HeartRateBpm>
              <Value>105</Value>
            </HeartRateBpm>
            <Cadence>79</Cadence>
            <Extensions>
              <ext:TPX>
                <ext:Watts>82</ext:Watts>
              </ext:TPX>
            </Extensions>
          </Trackpoint>
          <Trackpoint>
            <Time>2026-09-07T19:15:48.000Z</Time>
            <HeartRateBpm>
              <Value>106</Value>
            </HeartRateBpm>
            <Cadence>79</Cadence>
            <Extensions>
              <ext:TPX>
                <ext:Watts>82</ext:Watts>
              </ext:TPX>
            </Extensions>
          </Trackpoint>
          <Trackpoint>
            <Time>2026-09-07T19:15:49.000Z</Time>
            <HeartRateBpm>
              <Value>106</Value>
            </HeartRateBpm>
            <Cadence>79</Cadence>
            <Extensions>
              <ext:TPX>
                <ext:Watts>82</ext:Watts>
              </ext:TPX>
            </Extensions>
          </Trackpoint>
          <Trackpoint>
            <Time>2026-09-07T19:15:50.000Z</Time>
            <HeartRateBpm>
              <Value>106</Value>
            </HeartRateBpm>
            <Cadence>79</Cadence>
            <Extensions>
              <ext:TPX>
                <ext:Watts>82</ext:Watts>
              </ext:TPX>
            </Extensions>
          </Trackpoint>
          <Trackpoint>
            <Time>2026-09-07T19:15:51.000Z</Time>
            <HeartRateBpm>
              <Value>106</Value>
            </HeartRateBpm>
            <Cadence>79</Cadence>
            <Extensions>
              <ext:TPX>
                <ext:Watts>82</ext:Watts>
              </ext:TPX>
            </Extensions>
          </Trackpoint>
          <Trackpoint>
            <Time>2026-09-07T19:15:52.000Z</Time>
            <HeartRateBpm>
              <Value>106</Value>
            </HeartRateBpm>
            <Cadence>79</Cadence>
            <Extensions>
              <ext:TPX>
                <ext:Watts>82</ext:Watts>
              </ext:TPX>
            </Extensions>
          </Trackpoint>
          <Trackpoint>
            <Time>2026-09-07T19:15:53.000Z</Time>
            <HeartRateBpm>
              <Value>107</Value>
            </HeartRateBpm>
            <Cadence>79</Cadence>
            <Extensions>
              <ext:TPX>
                <ext:Watts>82</ext:Watts>
              </ext:TPX>
            </Extensions>
          </Trackpoint>
          <Trackpoint>
            <Time>2026-09-07T19:15:54.000Z</Time>
            <HeartRateBpm>
              <Value>107</Value>
            </HeartRateBpm>
            <Cadence>79</Cadence>
            <Extensions>
              <ext:TPX>
                <ext:Watts>82</ext:Watts>
              </ext:TPX>
            </Extensions>
          </Trackpoint>
          <Trackpoint>
            <Time>2026-09-07T19:15:55.000Z</Time>
            <HeartRateBpm>
              <Value>108</Value>
            </HeartRateBpm>
            <Cadence>79</Cadence>
            <Extensions>
              <ext:TPX>
                <ext:Watts>82</ext:Watts>
              </ext:TPX>
            </Extensions>
          </Trackpoint>
          <Trackpoint>
            <Time>2026-09-07T19:15:56.000Z</Time>
            <HeartRateBpm>
              <Value>108</Value>
            </HeartRateBpm>
            <Cadence>79</Cadence>
            <Extensions>
              <ext:TPX>
                <ext:Watts>82</ext:Watts>
              </ext:TPX>
            </Extensions>
          </Trackpoint>
          <Trackpoint>
            <Time>2026-09-07T19:15:57.000Z</Time>
            <HeartRateBpm>
              <Value>108</Value>
            </HeartRateBpm>
            <Cadence>79</Cadence>
            <Extensions>
              <ext:TPX>
                <ext:Watts>82</ext:Watts>
              </ext:TPX>
            </Extensions>
          </Trackpoint>
          <Trackpoint>
            <Time>2026-09-07T19:15:58.000Z</Time>
            <HeartRateBpm>
              <Value>108</Value>
            </HeartRateBpm>
            <Cadence>79</Cadence>
            <Extensions>
              <ext:TPX>
                <ext:Watts>82</ext:Watts>
              </ext:TPX>
            </Extensions>
          </Trackpoint>
          <Trackpoint>
            <Time>2026-09-07T19:15:59.000Z</Time>
            <HeartRateBpm>
              <Value>108</Value>
            </HeartRateBpm>
            <Cadence>79</Cadence>
            <Extensions>
              <ext:TPX>
                <ext:Watts>82</ext:Watts>
              </ext:TPX>
            </Extensions>
          </Trackpoint>
          <Trackpoint>
            <Time>2026-09-07T19:16:00.000Z</Time>
            <HeartRateBpm>
              <Value>108</Value>
            </HeartRateBpm>
            <Cadence>79</Cadence>
            <Extensions>
              <ext:TPX>
                <ext:Watts>82</ext:Watts>
              </ext:TPX>
            </Extensions>
          </Trackpoint>
          <Trackpoint>
            <Time>2026-09-07T19:16:01.000Z</Time>
            <HeartRateBpm>
              <Value>108</Value>
            </HeartRateBpm>
            <Cadence>79</Cadence>
            <Extensions>
              <ext:TPX>
                <ext:Watts>82</ext:Watts>
              </ext:TPX>
            </Extensions>
          </Trackpoint>
          <Trackpoint>
            <Time>2026-09-07T19:16:02.000Z</Time>
            <HeartRateBpm>
              <Value>108</Value>
            </HeartRateBpm>
            <Cadence>79</Cadence>
            <Extensions>
              <ext:TPX>
                <ext:Watts>82</ext:Watts>
              </ext:TPX>
            </Extensions>
          </Trackpoint>
          <Trackpoint>
            <Time>2026-09-07T19:16:03.000Z</Time>
            <HeartRateBpm>
              <Value>108</Value>
            </HeartRateBpm>
            <Cadence>79</Cadence>
            <Extensions>
              <ext:TPX>
                <ext:Watts>82</ext:Watts>
              </ext:TPX>
            </Extensions>
          </Trackpoint>
          <Trackpoint>
            <Time>2026-09-07T19:16:04.000Z</Time>
            <HeartRateBpm>
              <Value>108</Value>
            </HeartRateBpm>
            <Cadence>79</Cadence>
            <Extensions>
              <ext:TPX>
                <ext:Watts>82</ext:Watts>
              </ext:TPX>
            </Extensions>
          </Trackpoint>
          <Trackpoint>
            <Time>2026-09-07T19:16:05.000Z</Time>
            <HeartRateBpm>
              <Value>108</Value>
            </HeartRateBpm>
            <Cadence>79</Cadence>
            <Extensions>
              <ext:TPX>
                <ext:Watts>82</ext:Watts>
              </ext:TPX>
            </Extensions>
          </Trackpoint>
          <Trackpoint>
            <Time>2026-09-07T19:16:06.000Z</Time>
            <HeartRateBpm>
              <Value>107</Value>
            </HeartRateBpm>
            <Cadence>79</Cadence>
            <Extensions>
              <ext:TPX>
                <ext:Watts>82</ext:Watts>
              </ext:TPX>
            </Extensions>
          </Trackpoint>
          <Trackpoint>
            <Time>2026-09-07T19:16:07.000Z</Time>
            <HeartRateBpm>
              <Value>108</Value>
            </HeartRateBpm>
            <Cadence>79</Cadence>
            <Extensions>
              <ext:TPX>
                <ext:Watts>82</ext:Watts>
              </ext:TPX>
            </Extensions>
          </Trackpoint>
          <Trackpoint>
            <Time>2026-09-07T19:16:08.000Z</Time>
            <HeartRateBpm>
              <Value>108</Value>
            </HeartRateBpm>
            <Cadence>79</Cadence>
            <Extensions>
              <ext:TPX>
                <ext:Watts>82</ext:Watts>
              </ext:TPX>
            </Extensions>
          </Trackpoint>
          <Trackpoint>
            <Time>2026-09-07T19:16:09.000Z</Time>
            <HeartRateBpm>
              <Value>108</Value>
            </HeartRateBpm>
            <Cadence>79</Cadence>
            <Extensions>
              <ext:TPX>
                <ext:Watts>82</ext:Watts>
              </ext:TPX>
            </Extensions>
          </Trackpoint>
          <Trackpoint>
            <Time>2026-09-07T19:16:10.000Z</Time>
            <HeartRateBpm>
              <Value>108</Value>
            </HeartRateBpm>
            <Cadence>79</Cadence>
            <Extensions>
              <ext:TPX>
                <ext:Watts>82</ext:Watts>
              </ext:TPX>
            </Extensions>
          </Trackpoint>
          <Trackpoint>
            <Time>2026-09-07T19:16:11.000Z</Time>
            <HeartRateBpm>
              <Value>108</Value>
            </HeartRateBpm>
            <Cadence>79</Cadence>
            <Extensions>
              <ext:TPX>
                <ext:Watts>82</ext:Watts>
              </ext:TPX>
            </Extensions>
          </Trackpoint>
          <Trackpoint>
            <Time>2026-09-07T19:16:12.000Z</Time>
            <HeartRateBpm>
              <Value>108</Value>
            </HeartRateBpm>
            <Cadence>79</Cadence>
            <Extensions>
              <ext:TPX>
                <ext:Watts>82</ext:Watts>
              </ext:TPX>
            </Extensions>
          </Trackpoint>
          <Trackpoint>
            <Time>2026-09-07T19:16:13.000Z</Time>
            <HeartRateBpm>
              <Value>108</Value>
            </HeartRateBpm>
            <Cadence>79</Cadence>
            <Extensions>
              <ext:TPX>
                <ext:Watts>82</ext:Watts>
              </ext:TPX>
            </Extensions>
          </Trackpoint>
          <Trackpoint>
            <Time>2026-09-07T19:16:14.000Z</Time>
            <HeartRateBpm>
              <Value>108</Value>
            </HeartRateBpm>
            <Cadence>79</Cadence>
            <Extensions>
              <ext:TPX>
                <ext:Watts>82</ext:Watts>
              </ext:TPX>
            </Extensions>
          </Trackpoint>
          <Trackpoint>
            <Time>2026-09-07T19:16:15.000Z</Time>
            <HeartRateBpm>
              <Value>108</Value>
            </HeartRateBpm>
            <Cadence>79</Cadence>
            <Extensions>
              <ext:TPX>
                <ext:Watts>82</ext:Watts>
              </ext:TPX>
            </Extensions>
          </Trackpoint>
          <Trackpoint>
            <Time>2026-09-07T19:16:16.000Z</Time>
            <HeartRateBpm>
              <Value>107</Value>
            </HeartRateBpm>
            <Cadence>79</Cadence>
            <Extensions>
              <ext:TPX>
                <ext:Watts>82</ext:Watts>
              </ext:TPX>
            </Extensions>
          </Trackpoint>
          <Trackpoint>
            <Time>2026-09-07T19:16:17.000Z</Time>
            <HeartRateBpm>
              <Value>107</Value>
            </HeartRateBpm>
            <Cadence>79</Cadence>
            <Extensions>
              <ext:TPX>
                <ext:Watts>82</ext:Watts>
              </ext:TPX>
            </Extensions>
          </Trackpoint>
          <Trackpoint>
            <Time>2026-09-07T19:16:18.000Z</Time>
            <HeartRateBpm>
              <Value>106</Value>
            </HeartRateBpm>
            <Cadence>79</Cadence>
            <Extensions>
              <ext:TPX>
                <ext:Watts>82</ext:Watts>
              </ext:TPX>
            </Extensions>
          </Trackpoint>
          <Trackpoint>
            <Time>2026-09-07T19:16:19.000Z</Time>
            <HeartRateBpm>
              <Value>106</Value>
            </HeartRateBpm>
            <Cadence>79</Cadence>
            <Extensions>
              <ext:TPX>
                <ext:Watts>82</ext:Watts>
              </ext:TPX>
            </Extensions>
          </Trackpoint>
          <Trackpoint>
            <Time>2026-09-07T19:16:20.000Z</Time>
            <HeartRateBpm>
              <Value>107</Value>
            </HeartRateBpm>
            <Cadence>79</Cadence>
            <Extensions>
              <ext:TPX>
                <ext:Watts>82</ext:Watts>
              </ext:TPX>
            </Extensions>
          </Trackpoint>
          <Trackpoint>
            <Time>2026-09-07T19:16:21.000Z</Time>
            <HeartRateBpm>
              <Value>107</Value>
            </HeartRateBpm>
            <Cadence>79</Cadence>
            <Extensions>
              <ext:TPX>
                <ext:Watts>82</ext:Watts>
              </ext:TPX>
            </Extensions>
          </Trackpoint>
          <Trackpoint>
            <Time>2026-09-07T19:16:22.000Z</Time>
            <HeartRateBpm>
              <Value>107</Value>
            </HeartRateBpm>
            <Cadence>79</Cadence>
            <Extensions>
              <ext:TPX>
                <ext:Watts>82</ext:Watts>
              </ext:TPX>
            </Extensions>
          </Trackpoint>
          <Trackpoint>
            <Time>2026-09-07T19:16:23.000Z</Time>
            <HeartRateBpm>
              <Value>108</Value>
            </HeartRateBpm>
            <Cadence>79</Cadence>
            <Extensions>
              <ext:TPX>
                <ext:Watts>82</ext:Watts>
              </ext:TPX>
            </Extensions>
          </Trackpoint>
          <Trackpoint>
            <Time>2026-09-07T19:16:24.000Z</Time>
            <HeartRateBpm>
              <Value>108</Value>
            </HeartRateBpm>
            <Cadence>79</Cadence>
            <Extensions>
              <ext:TPX>
                <ext:Watts>82</ext:Watts>
              </ext:TPX>
            </Extensions>
          </Trackpoint>
          <Trackpoint>
            <Time>2026-09-07T19:16:25.000Z</Time>
            <HeartRateBpm>
              <Value>107</Value>
            </HeartRateBpm>
            <Cadence>79</Cadence>
            <Extensions>
              <ext:TPX>
                <ext:Watts>82</ext:Watts>
              </ext:TPX>
            </Extensions>
          </Trackpoint>
          <Trackpoint>
            <Time>2026-09-07T19:16:26.000Z</Time>
            <HeartRateBpm>
              <Value>107</Value>
            </HeartRateBpm>
            <Cadence>79</Cadence>
            <Extensions>
              <ext:TPX>
                <ext:Watts>82</ext:Watts>
              </ext:TPX>
            </Extensions>
          </Trackpoint>
          <Trackpoint>
            <Time>2026-09-07T19:16:27.000Z</Time>
            <HeartRateBpm>
              <Value>106</Value>
            </HeartRateBpm>
            <Cadence>79</Cadence>
            <Extensions>
              <ext:TPX>
                <ext:Watts>82</ext:Watts>
              </ext:TPX>
            </Extensions>
          </Trackpoint>
          <Trackpoint>
            <Time>2026-09-07T19:16:28.000Z</Time>
            <HeartRateBpm>
              <Value>106</Value>
            </HeartRateBpm>
            <Cadence>79</Cadence>
            <Extensions>
              <ext:TPX>
                <ext:Watts>82</ext:Watts>
              </ext:TPX>
            </Extensions>
          </Trackpoint>
          <Trackpoint>
            <Time>2026-09-07T19:16:29.000Z</Time>
            <HeartRateBpm>
              <Value>106</Value>
            </HeartRateBpm>
            <Cadence>79</Cadence>
            <Extensions>
              <ext:TPX>
                <ext:Watts>82</ext:Watts>
              </ext:TPX>
            </Extensions>
          </Trackpoint>
          <Trackpoint>
            <Time>2026-09-07T19:16:30.000Z</Time>
            <HeartRateBpm>
              <Value>107</Value>
            </HeartRateBpm>
            <Cadence>79</Cadence>
            <Extensions>
              <ext:TPX>
                <ext:Watts>82</ext:Watts>
              </ext:TPX>
            </Extensions>
          </Trackpoint>
          <Trackpoint>
            <Time>2026-09-07T19:16:31.000Z</Time>
            <HeartRateBpm>
              <Value>107</Value>
            </HeartRateBpm>
            <Cadence>79</Cadence>
            <Extensions>
              <ext:TPX>
                <ext:Watts>82</ext:Watts>
              </ext:TPX>
            </Extensions>
          </Trackpoint>
          <Trackpoint>
            <Time>2026-09-07T19:16:32.000Z</Time>
            <HeartRateBpm>
              <Value>107</Value>
            </HeartRateBpm>
            <Cadence>79</Cadence>
            <Extensions>
              <ext:TPX>
                <ext:Watts>82</ext:Watts>
              </ext:TPX>
            </Extensions>
          </Trackpoint>
          <Trackpoint>
            <Time>2026-09-07T19:16:33.000Z</Time>
            <HeartRateBpm>
              <Value>107</Value>
            </HeartRateBpm>
            <Cadence>79</Cadence>
            <Extensions>
              <ext:TPX>
                <ext:Watts>82</ext:Watts>
              </ext:TPX>
            </Extensions>
          </Trackpoint>
          <Trackpoint>
            <Time>2026-09-07T19:16:34.000Z</Time>
            <HeartRateBpm>
              <Value>107</Value>
            </HeartRateBpm>
            <Cadence>79</Cadence>
            <Extensions>
              <ext:TPX>
                <ext:Watts>82</ext:Watts>
              </ext:TPX>
            </Extensions>
          </Trackpoint>
          <Trackpoint>
            <Time>2026-09-07T19:16:35.000Z</Time>
            <HeartRateBpm>
              <Value>110</Value>
            </HeartRateBpm>
            <Cadence>79</Cadence>
            <Extensions>
              <ext:TPX>
                <ext:Watts>82</ext:Watts>
              </ext:TPX>
            </Extensions>
          </Trackpoint>
          <Trackpoint>
            <Time>2026-09-07T19:16:36.000Z</Time>
            <HeartRateBpm>
              <Value>111</Value>
            </HeartRateBpm>
            <Cadence>79</Cadence>
            <Extensions>
              <ext:TPX>
                <ext:Watts>82</ext:Watts>
              </ext:TPX>
            </Extensions>
          </Trackpoint>
          <Trackpoint>
            <Time>2026-09-07T19:16:37.000Z</Time>
            <HeartRateBpm>
              <Value>111</Value>
            </HeartRateBpm>
            <Cadence>79</Cadence>
            <Extensions>
              <ext:TPX>
                <ext:Watts>82</ext:Watts>
              </ext:TPX>
            </Extensions>
          </Trackpoint>
          <Trackpoint>
            <Time>2026-09-07T19:16:38.000Z</Time>
            <HeartRateBpm>
              <Value>112</Value>
            </HeartRateBpm>
            <Cadence>79</Cadence>
            <Extensions>
              <ext:TPX>
                <ext:Watts>82</ext:Watts>
              </ext:TPX>
            </Extensions>
          </Trackpoint>
          <Trackpoint>
            <Time>2026-09-07T19:16:39.000Z</Time>
            <HeartRateBpm>
              <Value>113</Value>
            </HeartRateBpm>
            <Cadence>79</Cadence>
            <Extensions>
              <ext:TPX>
                <ext:Watts>82</ext:Watts>
              </ext:TPX>
            </Extensions>
          </Trackpoint>
          <Trackpoint>
            <Time>2026-09-07T19:16:40.000Z</Time>
            <HeartRateBpm>
              <Value>114</Value>
            </HeartRateBpm>
            <Cadence>79</Cadence>
            <Extensions>
              <ext:TPX>
                <ext:Watts>82</ext:Watts>
              </ext:TPX>
            </Extensions>
          </Trackpoint>
          <Trackpoint>
            <Time>2026-09-07T19:16:41.000Z</Time>
            <HeartRateBpm>
              <Value>114</Value>
            </HeartRateBpm>
            <Cadence>79</Cadence>
            <Extensions>
              <ext:TPX>
                <ext:Watts>82</ext:Watts>
              </ext:TPX>
            </Extensions>
          </Trackpoint>
          <Trackpoint>
            <Time>2026-09-07T19:16:42.000Z</Time>
            <HeartRateBpm>
              <Value>114</Value>
            </HeartRateBpm>
            <Cadence>79</Cadence>
            <Extensions>
              <ext:TPX>
                <ext:Watts>82</ext:Watts>
              </ext:TPX>
            </Extensions>
          </Trackpoint>
          <Trackpoint>
            <Time>2026-09-07T19:16:43.000Z</Time>
            <HeartRateBpm>
              <Value>113</Value>
            </HeartRateBpm>
            <Cadence>79</Cadence>
            <Extensions>
              <ext:TPX>
                <ext:Watts>82</ext:Watts>
              </ext:TPX>
            </Extensions>
          </Trackpoint>
          <Trackpoint>
            <Time>2026-09-07T19:16:44.000Z</Time>
            <HeartRateBpm>
              <Value>112</Value>
            </HeartRateBpm>
            <Cadence>79</Cadence>
            <Extensions>
              <ext:TPX>
                <ext:Watts>82</ext:Watts>
              </ext:TPX>
            </Extensions>
          </Trackpoint>
          <Trackpoint>
            <Time>2026-09-07T19:16:45.000Z</Time>
            <HeartRateBpm>
              <Value>110</Value>
            </HeartRateBpm>
            <Cadence>79</Cadence>
            <Extensions>
              <ext:TPX>
                <ext:Watts>82</ext:Watts>
              </ext:TPX>
            </Extensions>
          </Trackpoint>
          <Trackpoint>
            <Time>2026-09-07T19:16:46.000Z</Time>
            <HeartRateBpm>
              <Value>110</Value>
            </HeartRateBpm>
            <Cadence>79</Cadence>
            <Extensions>
              <ext:TPX>
                <ext:Watts>82</ext:Watts>
              </ext:TPX>
            </Extensions>
          </Trackpoint>
          <Trackpoint>
            <Time>2026-09-07T19:16:47.000Z</Time>
            <HeartRateBpm>
              <Value>110</Value>
            </HeartRateBpm>
            <Cadence>79</Cadence>
            <Extensions>
              <ext:TPX>
                <ext:Watts>82</ext:Watts>
              </ext:TPX>
            </Extensions>
          </Trackpoint>
          <Trackpoint>
            <Time>2026-09-07T19:16:48.000Z</Time>
            <HeartRateBpm>
              <Value>110</Value>
            </HeartRateBpm>
            <Cadence>79</Cadence>
            <Extensions>
              <ext:TPX>
                <ext:Watts>82</ext:Watts>
              </ext:TPX>
            </Extensions>
          </Trackpoint>
          <Trackpoint>
            <Time>2026-09-07T19:16:49.000Z</Time>
            <HeartRateBpm>
              <Value>110</Value>
            </HeartRateBpm>
            <Cadence>79</Cadence>
            <Extensions>
              <ext:TPX>
                <ext:Watts>82</ext:Watts>
              </ext:TPX>
            </Extensions>
          </Trackpoint>
          <Trackpoint>
            <Time>2026-09-07T19:16:50.000Z</Time>
            <HeartRateBpm>
              <Value>111</Value>
            </HeartRateBpm>
            <Cadence>79</Cadence>
            <Extensions>
              <ext:TPX>
                <ext:Watts>82</ext:Watts>
              </ext:TPX>
            </Extensions>
          </Trackpoint>
          <Trackpoint>
            <Time>2026-09-07T19:16:51.000Z</Time>
            <HeartRateBpm>
              <Value>111</Value>
            </HeartRateBpm>
            <Cadence>79</Cadence>
            <Extensions>
              <ext:TPX>
                <ext:Watts>82</ext:Watts>
              </ext:TPX>
            </Extensions>
          </Trackpoint>
          <Trackpoint>
            <Time>2026-09-07T19:16:52.000Z</Time>
            <HeartRateBpm>
              <Value>110</Value>
            </HeartRateBpm>
            <Cadence>79</Cadence>
            <Extensions>
              <ext:TPX>
                <ext:Watts>82</ext:Watts>
              </ext:TPX>
            </Extensions>
          </Trackpoint>
          <Trackpoint>
            <Time>2026-09-07T19:16:53.000Z</Time>
            <HeartRateBpm>
              <Value>109</Value>
            </HeartRateBpm>
            <Cadence>79</Cadence>
            <Extensions>
              <ext:TPX>
                <ext:Watts>82</ext:Watts>
              </ext:TPX>
            </Extensions>
          </Trackpoint>
          <Trackpoint>
            <Time>2026-09-07T19:16:54.000Z</Time>
            <HeartRateBpm>
              <Value>106</Value>
            </HeartRateBpm>
            <Cadence>79</Cadence>
            <Extensions>
              <ext:TPX>
                <ext:Watts>82</ext:Watts>
              </ext:TPX>
            </Extensions>
          </Trackpoint>
          <Trackpoint>
            <Time>2026-09-07T19:16:55.000Z</Time>
            <HeartRateBpm>
              <Value>105</Value>
            </HeartRateBpm>
            <Cadence>79</Cadence>
            <Extensions>
              <ext:TPX>
                <ext:Watts>82</ext:Watts>
              </ext:TPX>
            </Extensions>
          </Trackpoint>
          <Trackpoint>
            <Time>2026-09-07T19:16:56.000Z</Time>
            <HeartRateBpm>
              <Value>104</Value>
            </HeartRateBpm>
            <Cadence>79</Cadence>
            <Extensions>
              <ext:TPX>
                <ext:Watts>82</ext:Watts>
              </ext:TPX>
            </Extensions>
          </Trackpoint>
          <Trackpoint>
            <Time>2026-09-07T19:16:57.000Z</Time>
            <HeartRateBpm>
              <Value>104</Value>
            </HeartRateBpm>
            <Cadence>79</Cadence>
            <Extensions>
              <ext:TPX>
                <ext:Watts>82</ext:Watts>
              </ext:TPX>
            </Extensions>
          </Trackpoint>
          <Trackpoint>
            <Time>2026-09-07T19:16:58.000Z</Time>
            <HeartRateBpm>
              <Value>104</Value>
            </HeartRateBpm>
            <Cadence>79</Cadence>
            <Extensions>
              <ext:TPX>
                <ext:Watts>82</ext:Watts>
              </ext:TPX>
            </Extensions>
          </Trackpoint>
          <Trackpoint>
            <Time>2026-09-07T19:16:59.000Z</Time>
            <HeartRateBpm>
              <Value>103</Value>
            </HeartRateBpm>
            <Cadence>79</Cadence>
            <Extensions>
              <ext:TPX>
                <ext:Watts>82</ext:Watts>
              </ext:TPX>
            </Extensions>
          </Trackpoint>
          <Trackpoint>
            <Time>2026-09-07T19:17:00.000Z</Time>
            <HeartRateBpm>
              <Value>102</Value>
            </HeartRateBpm>
            <Cadence>79</Cadence>
            <Extensions>
              <ext:TPX>
                <ext:Watts>82</ext:Watts>
              </ext:TPX>
            </Extensions>
          </Trackpoint>
          <Trackpoint>
            <Time>2026-09-07T19:17:01.000Z</Time>
            <HeartRateBpm>
              <Value>102</Value>
            </HeartRateBpm>
            <Cadence>79</Cadence>
            <Extensions>
              <ext:TPX>
                <ext:Watts>82</ext:Watts>
              </ext:TPX>
            </Extensions>
          </Trackpoint>
          <Trackpoint>
            <Time>2026-09-07T19:17:02.000Z</Time>
            <HeartRateBpm>
              <Value>103</Value>
            </HeartRateBpm>
            <Cadence>79</Cadence>
            <Extensions>
              <ext:TPX>
                <ext:Watts>82</ext:Watts>
              </ext:TPX>
            </Extensions>
          </Trackpoint>
          <Trackpoint>
            <Time>2026-09-07T19:17:03.000Z</Time>
            <HeartRateBpm>
              <Value>103</Value>
            </HeartRateBpm>
            <Cadence>79</Cadence>
            <Extensions>
              <ext:TPX>
                <ext:Watts>82</ext:Watts>
              </ext:TPX>
            </Extensions>
          </Trackpoint>
          <Trackpoint>
            <Time>2026-09-07T19:17:04.000Z</Time>
            <HeartRateBpm>
              <Value>105</Value>
            </HeartRateBpm>
            <Cadence>79</Cadence>
            <Extensions>
              <ext:TPX>
                <ext:Watts>82</ext:Watts>
              </ext:TPX>
            </Extensions>
          </Trackpoint>
          <Trackpoint>
            <Time>2026-09-07T19:17:05.000Z</Time>
            <HeartRateBpm>
              <Value>105</Value>
            </HeartRateBpm>
            <Cadence>79</Cadence>
            <Extensions>
              <ext:TPX>
                <ext:Watts>82</ext:Watts>
              </ext:TPX>
            </Extensions>
          </Trackpoint>
          <Trackpoint>
            <Time>2026-09-07T19:17:06.000Z</Time>
            <HeartRateBpm>
              <Value>106</Value>
            </HeartRateBpm>
            <Cadence>79</Cadence>
            <Extensions>
              <ext:TPX>
                <ext:Watts>82</ext:Watts>
              </ext:TPX>
            </Extensions>
          </Trackpoint>
          <Trackpoint>
            <Time>2026-09-07T19:17:07.000Z</Time>
            <HeartRateBpm>
              <Value>106</Value>
            </HeartRateBpm>
            <Cadence>79</Cadence>
            <Extensions>
              <ext:TPX>
                <ext:Watts>82</ext:Watts>
              </ext:TPX>
            </Extensions>
          </Trackpoint>
          <Trackpoint>
            <Time>2026-09-07T19:17:08.000Z</Time>
            <HeartRateBpm>
              <Value>106</Value>
            </HeartRateBpm>
            <Cadence>79</Cadence>
            <Extensions>
              <ext:TPX>
                <ext:Watts>82</ext:Watts>
              </ext:TPX>
            </Extensions>
          </Trackpoint>
          <Trackpoint>
            <Time>2026-09-07T19:17:09.000Z</Time>
            <HeartRateBpm>
              <Value>107</Value>
            </HeartRateBpm>
            <Cadence>79</Cadence>
            <Extensions>
              <ext:TPX>
                <ext:Watts>82</ext:Watts>
              </ext:TPX>
            </Extensions>
          </Trackpoint>
          <Trackpoint>
            <Time>2026-09-07T19:17:10.000Z</Time>
            <HeartRateBpm>
              <Value>106</Value>
            </HeartRateBpm>
            <Cadence>79</Cadence>
            <Extensions>
              <ext:TPX>
                <ext:Watts>82</ext:Watts>
              </ext:TPX>
            </Extensions>
          </Trackpoint>
          <Trackpoint>
            <Time>2026-09-07T19:17:11.000Z</Time>
            <HeartRateBpm>
              <Value>106</Value>
            </HeartRateBpm>
            <Cadence>79</Cadence>
            <Extensions>
              <ext:TPX>
                <ext:Watts>82</ext:Watts>
              </ext:TPX>
            </Extensions>
          </Trackpoint>
          <Trackpoint>
            <Time>2026-09-07T19:17:12.000Z</Time>
            <HeartRateBpm>
              <Value>105</Value>
            </HeartRateBpm>
            <Cadence>79</Cadence>
            <Extensions>
              <ext:TPX>
                <ext:Watts>82</ext:Watts>
              </ext:TPX>
            </Extensions>
          </Trackpoint>
          <Trackpoint>
            <Time>2026-09-07T19:17:13.000Z</Time>
            <HeartRateBpm>
              <Value>105</Value>
            </HeartRateBpm>
            <Cadence>79</Cadence>
            <Extensions>
              <ext:TPX>
                <ext:Watts>82</ext:Watts>
              </ext:TPX>
            </Extensions>
          </Trackpoint>
          <Trackpoint>
            <Time>2026-09-07T19:17:14.000Z</Time>
            <HeartRateBpm>
              <Value>106</Value>
            </HeartRateBpm>
            <Cadence>79</Cadence>
            <Extensions>
              <ext:TPX>
                <ext:Watts>82</ext:Watts>
              </ext:TPX>
            </Extensions>
          </Trackpoint>
          <Trackpoint>
            <Time>2026-09-07T19:17:15.000Z</Time>
            <HeartRateBpm>
              <Value>107</Value>
            </HeartRateBpm>
            <Cadence>79</Cadence>
            <Extensions>
              <ext:TPX>
                <ext:Watts>82</ext:Watts>
              </ext:TPX>
            </Extensions>
          </Trackpoint>
          <Trackpoint>
            <Time>2026-09-07T19:17:16.000Z</Time>
            <HeartRateBpm>
              <Value>108</Value>
            </HeartRateBpm>
            <Cadence>79</Cadence>
            <Extensions>
              <ext:TPX>
                <ext:Watts>82</ext:Watts>
              </ext:TPX>
            </Extensions>
          </Trackpoint>
          <Trackpoint>
            <Time>2026-09-07T19:17:17.000Z</Time>
            <HeartRateBpm>
              <Value>108</Value>
            </HeartRateBpm>
            <Cadence>79</Cadence>
            <Extensions>
              <ext:TPX>
                <ext:Watts>82</ext:Watts>
              </ext:TPX>
            </Extensions>
          </Trackpoint>
          <Trackpoint>
            <Time>2026-09-07T19:17:18.000Z</Time>
            <HeartRateBpm>
              <Value>108</Value>
            </HeartRateBpm>
            <Cadence>79</Cadence>
            <Extensions>
              <ext:TPX>
                <ext:Watts>82</ext:Watts>
              </ext:TPX>
            </Extensions>
          </Trackpoint>
          <Trackpoint>
            <Time>2026-09-07T19:17:19.000Z</Time>
            <HeartRateBpm>
              <Value>108</Value>
            </HeartRateBpm>
            <Cadence>79</Cadence>
            <Extensions>
              <ext:TPX>
                <ext:Watts>82</ext:Watts>
              </ext:TPX>
            </Extensions>
          </Trackpoint>
          <Trackpoint>
            <Time>2026-09-07T19:17:20.000Z</Time>
            <HeartRateBpm>
              <Value>108</Value>
            </HeartRateBpm>
            <Cadence>79</Cadence>
            <Extensions>
              <ext:TPX>
                <ext:Watts>82</ext:Watts>
              </ext:TPX>
            </Extensions>
          </Trackpoint>
          <Trackpoint>
            <Time>2026-09-07T19:17:21.000Z</Time>
            <HeartRateBpm>
              <Value>108</Value>
            </HeartRateBpm>
            <Cadence>79</Cadence>
            <Extensions>
              <ext:TPX>
                <ext:Watts>82</ext:Watts>
              </ext:TPX>
            </Extensions>
          </Trackpoint>
          <Trackpoint>
            <Time>2026-09-07T19:17:22.000Z</Time>
            <HeartRateBpm>
              <Value>110</Value>
            </HeartRateBpm>
            <Cadence>79</Cadence>
            <Extensions>
              <ext:TPX>
                <ext:Watts>82</ext:Watts>
              </ext:TPX>
            </Extensions>
          </Trackpoint>
          <Trackpoint>
            <Time>2026-09-07T19:17:23.000Z</Time>
            <HeartRateBpm>
              <Value>110</Value>
            </HeartRateBpm>
            <Cadence>79</Cadence>
            <Extensions>
              <ext:TPX>
                <ext:Watts>82</ext:Watts>
              </ext:TPX>
            </Extensions>
          </Trackpoint>
          <Trackpoint>
            <Time>2026-09-07T19:17:24.000Z</Time>
            <HeartRateBpm>
              <Value>111</Value>
            </HeartRateBpm>
            <Cadence>79</Cadence>
            <Extensions>
              <ext:TPX>
                <ext:Watts>82</ext:Watts>
              </ext:TPX>
            </Extensions>
          </Trackpoint>
          <Trackpoint>
            <Time>2026-09-07T19:17:25.000Z</Time>
            <HeartRateBpm>
              <Value>110</Value>
            </HeartRateBpm>
            <Cadence>79</Cadence>
            <Extensions>
              <ext:TPX>
                <ext:Watts>82</ext:Watts>
              </ext:TPX>
            </Extensions>
          </Trackpoint>
          <Trackpoint>
            <Time>2026-09-07T19:17:26.000Z</Time>
            <HeartRateBpm>
              <Value>110</Value>
            </HeartRateBpm>
            <Cadence>79</Cadence>
            <Extensions>
              <ext:TPX>
                <ext:Watts>82</ext:Watts>
              </ext:TPX>
            </Extensions>
          </Trackpoint>
          <Trackpoint>
            <Time>2026-09-07T19:17:27.000Z</Time>
            <HeartRateBpm>
              <Value>109</Value>
            </HeartRateBpm>
            <Cadence>79</Cadence>
            <Extensions>
              <ext:TPX>
                <ext:Watts>82</ext:Watts>
              </ext:TPX>
            </Extensions>
          </Trackpoint>
          <Trackpoint>
            <Time>2026-09-07T19:17:28.000Z</Time>
            <HeartRateBpm>
              <Value>109</Value>
            </HeartRateBpm>
            <Cadence>79</Cadence>
            <Extensions>
              <ext:TPX>
                <ext:Watts>82</ext:Watts>
              </ext:TPX>
            </Extensions>
          </Trackpoint>
          <Trackpoint>
            <Time>2026-09-07T19:17:29.000Z</Time>
            <HeartRateBpm>
              <Value>107</Value>
            </HeartRateBpm>
            <Cadence>79</Cadence>
            <Extensions>
              <ext:TPX>
                <ext:Watts>82</ext:Watts>
              </ext:TPX>
            </Extensions>
          </Trackpoint>
          <Trackpoint>
            <Time>2026-09-07T19:17:30.000Z</Time>
            <HeartRateBpm>
              <Value>107</Value>
            </HeartRateBpm>
            <Cadence>79</Cadence>
            <Extensions>
              <ext:TPX>
                <ext:Watts>82</ext:Watts>
              </ext:TPX>
            </Extensions>
          </Trackpoint>
          <Trackpoint>
            <Time>2026-09-07T19:17:31.000Z</Time>
            <HeartRateBpm>
              <Value>107</Value>
            </HeartRateBpm>
            <Cadence>79</Cadence>
            <Extensions>
              <ext:TPX>
                <ext:Watts>82</ext:Watts>
              </ext:TPX>
            </Extensions>
          </Trackpoint>
          <Trackpoint>
            <Time>2026-09-07T19:17:32.000Z</Time>
            <HeartRateBpm>
              <Value>105</Value>
            </HeartRateBpm>
            <Cadence>79</Cadence>
            <Extensions>
              <ext:TPX>
                <ext:Watts>82</ext:Watts>
              </ext:TPX>
            </Extensions>
          </Trackpoint>
          <Trackpoint>
            <Time>2026-09-07T19:17:33.000Z</Time>
            <HeartRateBpm>
              <Value>105</Value>
            </HeartRateBpm>
            <Cadence>79</Cadence>
            <Extensions>
              <ext:TPX>
                <ext:Watts>82</ext:Watts>
              </ext:TPX>
            </Extensions>
          </Trackpoint>
          <Trackpoint>
            <Time>2026-09-07T19:17:34.000Z</Time>
            <HeartRateBpm>
              <Value>104</Value>
            </HeartRateBpm>
            <Cadence>79</Cadence>
            <Extensions>
              <ext:TPX>
                <ext:Watts>82</ext:Watts>
              </ext:TPX>
            </Extensions>
          </Trackpoint>
          <Trackpoint>
            <Time>2026-09-07T19:17:35.000Z</Time>
            <HeartRateBpm>
              <Value>103</Value>
            </HeartRateBpm>
            <Cadence>79</Cadence>
            <Extensions>
              <ext:TPX>
                <ext:Watts>82</ext:Watts>
              </ext:TPX>
            </Extensions>
          </Trackpoint>
          <Trackpoint>
            <Time>2026-09-07T19:17:36.000Z</Time>
            <HeartRateBpm>
              <Value>103</Value>
            </HeartRateBpm>
            <Cadence>79</Cadence>
            <Extensions>
              <ext:TPX>
                <ext:Watts>82</ext:Watts>
              </ext:TPX>
            </Extensions>
          </Trackpoint>
          <Trackpoint>
            <Time>2026-09-07T19:17:37.000Z</Time>
            <HeartRateBpm>
              <Value>103</Value>
            </HeartRateBpm>
            <Cadence>79</Cadence>
            <Extensions>
              <ext:TPX>
                <ext:Watts>82</ext:Watts>
              </ext:TPX>
            </Extensions>
          </Trackpoint>
          <Trackpoint>
            <Time>2026-09-07T19:17:38.000Z</Time>
            <HeartRateBpm>
              <Value>104</Value>
            </HeartRateBpm>
            <Cadence>79</Cadence>
            <Extensions>
              <ext:TPX>
                <ext:Watts>82</ext:Watts>
              </ext:TPX>
            </Extensions>
          </Trackpoint>
          <Trackpoint>
            <Time>2026-09-07T19:17:39.000Z</Time>
            <HeartRateBpm>
              <Value>104</Value>
            </HeartRateBpm>
            <Cadence>79</Cadence>
            <Extensions>
              <ext:TPX>
                <ext:Watts>82</ext:Watts>
              </ext:TPX>
            </Extensions>
          </Trackpoint>
          <Trackpoint>
            <Time>2026-09-07T19:17:40.000Z</Time>
            <HeartRateBpm>
              <Value>105</Value>
            </HeartRateBpm>
            <Cadence>79</Cadence>
            <Extensions>
              <ext:TPX>
                <ext:Watts>82</ext:Watts>
              </ext:TPX>
            </Extensions>
          </Trackpoint>
          <Trackpoint>
            <Time>2026-09-07T19:17:41.000Z</Time>
            <HeartRateBpm>
              <Value>105</Value>
            </HeartRateBpm>
            <Cadence>79</Cadence>
            <Extensions>
              <ext:TPX>
                <ext:Watts>82</ext:Watts>
              </ext:TPX>
            </Extensions>
          </Trackpoint>
          <Trackpoint>
            <Time>2026-09-07T19:17:42.000Z</Time>
            <HeartRateBpm>
              <Value>106</Value>
            </HeartRateBpm>
            <Cadence>79</Cadence>
            <Extensions>
              <ext:TPX>
                <ext:Watts>82</ext:Watts>
              </ext:TPX>
            </Extensions>
          </Trackpoint>
          <Trackpoint>
            <Time>2026-09-07T19:17:43.000Z</Time>
            <HeartRateBpm>
              <Value>106</Value>
            </HeartRateBpm>
            <Cadence>79</Cadence>
            <Extensions>
              <ext:TPX>
                <ext:Watts>82</ext:Watts>
              </ext:TPX>
            </Extensions>
          </Trackpoint>
          <Trackpoint>
            <Time>2026-09-07T19:17:44.000Z</Time>
            <HeartRateBpm>
              <Value>107</Value>
            </HeartRateBpm>
            <Cadence>79</Cadence>
            <Extensions>
              <ext:TPX>
                <ext:Watts>82</ext:Watts>
              </ext:TPX>
            </Extensions>
          </Trackpoint>
          <Trackpoint>
            <Time>2026-09-07T19:17:45.000Z</Time>
            <HeartRateBpm>
              <Value>107</Value>
            </HeartRateBpm>
            <Cadence>79</Cadence>
            <Extensions>
              <ext:TPX>
                <ext:Watts>82</ext:Watts>
              </ext:TPX>
            </Extensions>
          </Trackpoint>
          <Trackpoint>
            <Time>2026-09-07T19:17:46.000Z</Time>
            <HeartRateBpm>
              <Value>108</Value>
            </HeartRateBpm>
            <Cadence>79</Cadence>
            <Extensions>
              <ext:TPX>
                <ext:Watts>82</ext:Watts>
              </ext:TPX>
            </Extensions>
          </Trackpoint>
          <Trackpoint>
            <Time>2026-09-07T19:17:47.000Z</Time>
            <HeartRateBpm>
              <Value>108</Value>
            </HeartRateBpm>
            <Cadence>79</Cadence>
            <Extensions>
              <ext:TPX>
                <ext:Watts>82</ext:Watts>
              </ext:TPX>
            </Extensions>
          </Trackpoint>
          <Trackpoint>
            <Time>2026-09-07T19:17:48.000Z</Time>
            <HeartRateBpm>
              <Value>108</Value>
            </HeartRateBpm>
            <Cadence>79</Cadence>
            <Extensions>
              <ext:TPX>
                <ext:Watts>82</ext:Watts>
              </ext:TPX>
            </Extensions>
          </Trackpoint>
          <Trackpoint>
            <Time>2026-09-07T19:17:49.000Z</Time>
            <HeartRateBpm>
              <Value>107</Value>
            </HeartRateBpm>
            <Cadence>79</Cadence>
            <Extensions>
              <ext:TPX>
                <ext:Watts>82</ext:Watts>
              </ext:TPX>
            </Extensions>
          </Trackpoint>
          <Trackpoint>
            <Time>2026-09-07T19:17:50.000Z</Time>
            <HeartRateBpm>
              <Value>107</Value>
            </HeartRateBpm>
            <Cadence>79</Cadence>
            <Extensions>
              <ext:TPX>
                <ext:Watts>82</ext:Watts>
              </ext:TPX>
            </Extensions>
          </Trackpoint>
          <Trackpoint>
            <Time>2026-09-07T19:17:51.000Z</Time>
            <HeartRateBpm>
              <Value>107</Value>
            </HeartRateBpm>
            <Cadence>79</Cadence>
            <Extensions>
              <ext:TPX>
                <ext:Watts>82</ext:Watts>
              </ext:TPX>
            </Extensions>
          </Trackpoint>
          <Trackpoint>
            <Time>2026-09-07T19:17:52.000Z</Time>
            <HeartRateBpm>
              <Value>108</Value>
            </HeartRateBpm>
            <Cadence>79</Cadence>
            <Extensions>
              <ext:TPX>
                <ext:Watts>82</ext:Watts>
              </ext:TPX>
            </Extensions>
          </Trackpoint>
          <Trackpoint>
            <Time>2026-09-07T19:17:53.000Z</Time>
            <HeartRateBpm>
              <Value>108</Value>
            </HeartRateBpm>
            <Cadence>79</Cadence>
            <Extensions>
              <ext:TPX>
                <ext:Watts>82</ext:Watts>
              </ext:TPX>
            </Extensions>
          </Trackpoint>
          <Trackpoint>
            <Time>2026-09-07T19:17:54.000Z</Time>
            <HeartRateBpm>
              <Value>109</Value>
            </HeartRateBpm>
            <Cadence>79</Cadence>
            <Extensions>
              <ext:TPX>
                <ext:Watts>82</ext:Watts>
              </ext:TPX>
            </Extensions>
          </Trackpoint>
          <Trackpoint>
            <Time>2026-09-07T19:17:55.000Z</Time>
            <HeartRateBpm>
              <Value>108</Value>
            </HeartRateBpm>
            <Cadence>79</Cadence>
            <Extensions>
              <ext:TPX>
                <ext:Watts>82</ext:Watts>
              </ext:TPX>
            </Extensions>
          </Trackpoint>
          <Trackpoint>
            <Time>2026-09-07T19:17:56.000Z</Time>
            <HeartRateBpm>
              <Value>108</Value>
            </HeartRateBpm>
            <Cadence>79</Cadence>
            <Extensions>
              <ext:TPX>
                <ext:Watts>82</ext:Watts>
              </ext:TPX>
            </Extensions>
          </Trackpoint>
          <Trackpoint>
            <Time>2026-09-07T19:17:57.000Z</Time>
            <HeartRateBpm>
              <Value>108</Value>
            </HeartRateBpm>
            <Cadence>79</Cadence>
            <Extensions>
              <ext:TPX>
                <ext:Watts>82</ext:Watts>
              </ext:TPX>
            </Extensions>
          </Trackpoint>
          <Trackpoint>
            <Time>2026-09-07T19:17:58.000Z</Time>
            <HeartRateBpm>
              <Value>108</Value>
            </HeartRateBpm>
            <Cadence>79</Cadence>
            <Extensions>
              <ext:TPX>
                <ext:Watts>82</ext:Watts>
              </ext:TPX>
            </Extensions>
          </Trackpoint>
          <Trackpoint>
            <Time>2026-09-07T19:17:59.000Z</Time>
            <HeartRateBpm>
              <Value>108</Value>
            </HeartRateBpm>
            <Cadence>79</Cadence>
            <Extensions>
              <ext:TPX>
                <ext:Watts>82</ext:Watts>
              </ext:TPX>
            </Extensions>
          </Trackpoint>
          <Trackpoint>
            <Time>2026-09-07T19:18:00.000Z</Time>
            <HeartRateBpm>
              <Value>108</Value>
            </HeartRateBpm>
            <Cadence>79</Cadence>
            <Extensions>
              <ext:TPX>
                <ext:Watts>82</ext:Watts>
              </ext:TPX>
            </Extensions>
          </Trackpoint>
          <Trackpoint>
            <Time>2026-09-07T19:18:01.000Z</Time>
            <HeartRateBpm>
              <Value>108</Value>
            </HeartRateBpm>
            <Cadence>79</Cadence>
            <Extensions>
              <ext:TPX>
                <ext:Watts>82</ext:Watts>
              </ext:TPX>
            </Extensions>
          </Trackpoint>
          <Trackpoint>
            <Time>2026-09-07T19:18:02.000Z</Time>
            <HeartRateBpm>
              <Value>110</Value>
            </HeartRateBpm>
            <Cadence>79</Cadence>
            <Extensions>
              <ext:TPX>
                <ext:Watts>82</ext:Watts>
              </ext:TPX>
            </Extensions>
          </Trackpoint>
          <Trackpoint>
            <Time>2026-09-07T19:18:03.000Z</Time>
            <HeartRateBpm>
              <Value>110</Value>
            </HeartRateBpm>
            <Cadence>79</Cadence>
            <Extensions>
              <ext:TPX>
                <ext:Watts>82</ext:Watts>
              </ext:TPX>
            </Extensions>
          </Trackpoint>
          <Trackpoint>
            <Time>2026-09-07T19:18:04.000Z</Time>
            <HeartRateBpm>
              <Value>110</Value>
            </HeartRateBpm>
            <Cadence>79</Cadence>
            <Extensions>
              <ext:TPX>
                <ext:Watts>82</ext:Watts>
              </ext:TPX>
            </Extensions>
          </Trackpoint>
          <Trackpoint>
            <Time>2026-09-07T19:18:05.000Z</Time>
            <HeartRateBpm>
              <Value>107</Value>
            </HeartRateBpm>
            <Cadence>79</Cadence>
            <Extensions>
              <ext:TPX>
                <ext:Watts>82</ext:Watts>
              </ext:TPX>
            </Extensions>
          </Trackpoint>
          <Trackpoint>
            <Time>2026-09-07T19:18:06.000Z</Time>
            <HeartRateBpm>
              <Value>104</Value>
            </HeartRateBpm>
            <Cadence>79</Cadence>
            <Extensions>
              <ext:TPX>
                <ext:Watts>82</ext:Watts>
              </ext:TPX>
            </Extensions>
          </Trackpoint>
          <Trackpoint>
            <Time>2026-09-07T19:18:07.000Z</Time>
            <HeartRateBpm>
              <Value>104</Value>
            </HeartRateBpm>
            <Cadence>79</Cadence>
            <Extensions>
              <ext:TPX>
                <ext:Watts>82</ext:Watts>
              </ext:TPX>
            </Extensions>
          </Trackpoint>
          <Trackpoint>
            <Time>2026-09-07T19:18:08.000Z</Time>
            <HeartRateBpm>
              <Value>102</Value>
            </HeartRateBpm>
            <Cadence>79</Cadence>
            <Extensions>
              <ext:TPX>
                <ext:Watts>82</ext:Watts>
              </ext:TPX>
            </Extensions>
          </Trackpoint>
          <Trackpoint>
            <Time>2026-09-07T19:18:09.000Z</Time>
            <HeartRateBpm>
              <Value>101</Value>
            </HeartRateBpm>
            <Cadence>79</Cadence>
            <Extensions>
              <ext:TPX>
                <ext:Watts>82</ext:Watts>
              </ext:TPX>
            </Extensions>
          </Trackpoint>
          <Trackpoint>
            <Time>2026-09-07T19:18:10.000Z</Time>
            <HeartRateBpm>
              <Value>100</Value>
            </HeartRateBpm>
            <Cadence>79</Cadence>
            <Extensions>
              <ext:TPX>
                <ext:Watts>82</ext:Watts>
              </ext:TPX>
            </Extensions>
          </Trackpoint>
          <Trackpoint>
            <Time>2026-09-07T19:18:11.000Z</Time>
            <HeartRateBpm>
              <Value>99</Value>
            </HeartRateBpm>
            <Cadence>79</Cadence>
            <Extensions>
              <ext:TPX>
                <ext:Watts>82</ext:Watts>
              </ext:TPX>
            </Extensions>
          </Trackpoint>
          <Trackpoint>
            <Time>2026-09-07T19:18:12.000Z</Time>
            <HeartRateBpm>
              <Value>95</Value>
            </HeartRateBpm>
            <Cadence>79</Cadence>
            <Extensions>
              <ext:TPX>
                <ext:Watts>82</ext:Watts>
              </ext:TPX>
            </Extensions>
          </Trackpoint>
          <Trackpoint>
            <Time>2026-09-07T19:18:13.000Z</Time>
            <HeartRateBpm>
              <Value>93</Value>
            </HeartRateBpm>
            <Cadence>79</Cadence>
            <Extensions>
              <ext:TPX>
                <ext:Watts>82</ext:Watts>
              </ext:TPX>
            </Extensions>
          </Trackpoint>
          <Trackpoint>
            <Time>2026-09-07T19:18:14.000Z</Time>
            <HeartRateBpm>
              <Value>93</Value>
            </HeartRateBpm>
            <Cadence>79</Cadence>
            <Extensions>
              <ext:TPX>
                <ext:Watts>82</ext:Watts>
              </ext:TPX>
            </Extensions>
          </Trackpoint>
          <Trackpoint>
            <Time>2026-09-07T19:18:15.000Z</Time>
            <HeartRateBpm>
              <Value>92</Value>
            </HeartRateBpm>
            <Cadence>79</Cadence>
            <Extensions>
              <ext:TPX>
                <ext:Watts>82</ext:Watts>
              </ext:TPX>
            </Extensions>
          </Trackpoint>
          <Trackpoint>
            <Time>2026-09-07T19:18:16.000Z</Time>
            <HeartRateBpm>
              <Value>91</Value>
            </HeartRateBpm>
            <Cadence>79</Cadence>
            <Extensions>
              <ext:TPX>
                <ext:Watts>82</ext:Watts>
              </ext:TPX>
            </Extensions>
          </Trackpoint>
          <Trackpoint>
            <Time>2026-09-07T19:18:17.000Z</Time>
            <HeartRateBpm>
              <Value>90</Value>
            </HeartRateBpm>
            <Cadence>79</Cadence>
            <Extensions>
              <ext:TPX>
                <ext:Watts>82</ext:Watts>
              </ext:TPX>
            </Extensions>
          </Trackpoint>
          <Trackpoint>
            <Time>2026-09-07T19:18:18.000Z</Time>
            <HeartRateBpm>
              <Value>89</Value>
            </HeartRateBpm>
            <Cadence>79</Cadence>
            <Extensions>
              <ext:TPX>
                <ext:Watts>82</ext:Watts>
              </ext:TPX>
            </Extensions>
          </Trackpoint>
        </Track>
      </Lap>
    </Activity>
  </Activities>
</TrainingCenterDatabase>
